{
"type": "FeatureCollection",
"name": "CG_districts_33_LGD",
"crs": { "type": "name", "properties": { "name": "urn:ogc:def:crs:OGC:1.3:CRS84" } },
"features": [
{ "type": "Feature", "properties": { "dtname": "Bijapur", "stname": "CHHATTISGARH", "dist_lgd": 636, "year_stat": "2011_c" }, "geometry": { "type": "Polygon", "coordinates": [ [ [ 80.5899358, 19.3523039 ], [ 80.5979518, 19.3390888 ], [ 80.6032489, 19.3321018 ], [ 80.6045102, 19.3290575 ], [ 80.6076557, 19.3261264 ], [ 80.6068235, 19.3219662 ], [ 80.6078944, 19.3182308 ], [ 80.6125435, 19.309518 ], [ 80.6149793, 19.3098253 ], [ 80.619856, 19.3066998 ], [ 80.6232909, 19.3057242 ], [ 80.6267639, 19.3068579 ], [ 80.631512, 19.3071695 ], [ 80.6353706, 19.3106564 ], [ 80.6364936, 19.3133303 ], [ 80.6469866, 19.3164937 ], [ 80.6483579, 19.3157173 ], [ 80.6540502, 19.322811 ], [ 80.6638925, 19.3254657 ], [ 80.67313, 19.3300127 ], [ 80.6779214, 19.3304773 ], [ 80.6826687, 19.3293332 ], [ 80.6868968, 19.3257581 ], [ 80.6883172, 19.3222865 ], [ 80.6919703, 19.3186746 ], [ 80.6931536, 19.3155464 ], [ 80.6925471, 19.3107527 ], [ 80.6899601, 19.3041302 ], [ 80.6886489, 19.2951722 ], [ 80.6896992, 19.2869752 ], [ 80.6956996, 19.2843316 ], [ 80.6993085, 19.2847412 ], [ 80.7018544, 19.2820977 ], [ 80.7041741, 19.2830947 ], [ 80.7054134, 19.2819714 ], [ 80.707872, 19.282631 ], [ 80.7094469, 19.2818263 ], [ 80.7123199, 19.2818639 ], [ 80.7172025, 19.2849439 ], [ 80.721695, 19.2846643 ], [ 80.7265632, 19.2871761 ], [ 80.7348505, 19.2865469 ], [ 80.7383164, 19.285456 ], [ 80.7422947, 19.2870803 ], [ 80.7431276, 19.2890203 ], [ 80.7509574, 19.2877586 ], [ 80.7591375, 19.2910275 ], [ 80.7599895, 19.2927302 ], [ 80.7597362, 19.2958431 ], [ 80.7630401, 19.2971941 ], [ 80.765642, 19.3012658 ], [ 80.7686124, 19.3036197 ], [ 80.7730014, 19.3098897 ], [ 80.7742124, 19.3135782 ], [ 80.7902212, 19.3235965 ], [ 80.793213, 19.3229636 ], [ 80.7956724, 19.3234044 ], [ 80.7988311, 19.3266167 ], [ 80.803307, 19.3265469 ], [ 80.8060941, 19.3275114 ], [ 80.8100738, 19.3362119 ], [ 80.8153796, 19.3385565 ], [ 80.8202049, 19.3423724 ], [ 80.8245555, 19.3442695 ], [ 80.830357, 19.3481838 ], [ 80.8376942, 19.3508861 ], [ 80.8460777, 19.3552533 ], [ 80.8495006, 19.359172 ], [ 80.8510702, 19.3624204 ], [ 80.8532042, 19.3642246 ], [ 80.8757393, 19.353359 ], [ 80.9066379, 19.341186 ], [ 80.9272214, 19.3312509 ], [ 80.9409188, 19.3213569 ], [ 80.9523125, 19.3103869 ], [ 80.9567681, 19.2918332 ], [ 80.950747, 19.2515543 ], [ 80.9552241, 19.2362707 ], [ 80.9643796, 19.2340322 ], [ 80.9930391, 19.233843 ], [ 80.9984977, 19.2335168 ], [ 80.9995637, 19.2324381 ], [ 81.0024007, 19.2351501 ], [ 81.0043026, 19.2355624 ], [ 81.0101291, 19.2341343 ], [ 81.0126204, 19.2348766 ], [ 81.016935, 19.232702 ], [ 81.0212272, 19.2358573 ], [ 81.0234031, 19.2391605 ], [ 81.0245776, 19.2394141 ], [ 81.0258143, 19.2391256 ], [ 81.0258198, 19.2377073 ], [ 81.0285826, 19.2379888 ], [ 81.0301011, 19.2354826 ], [ 81.0327311, 19.2351137 ], [ 81.032885, 19.2319021 ], [ 81.0351013, 19.231447 ], [ 81.0355403, 19.2285519 ], [ 81.0381322, 19.228124 ], [ 81.0403523, 19.2293356 ], [ 81.0431292, 19.2295807 ], [ 81.0502678, 19.2278267 ], [ 81.0557169, 19.2287231 ], [ 81.0624888, 19.2278403 ], [ 81.0664057, 19.2317984 ], [ 81.0719126, 19.2314342 ], [ 81.0764154, 19.2330616 ], [ 81.0779363, 19.2358986 ], [ 81.0789349, 19.2363054 ], [ 81.0751775, 19.2381338 ], [ 81.075115, 19.2405684 ], [ 81.0732021, 19.2441272 ], [ 81.0735481, 19.2476235 ], [ 81.0719399, 19.2499131 ], [ 81.072122, 19.253953 ], [ 81.0704458, 19.2567509 ], [ 81.071728, 19.2594112 ], [ 81.0697365, 19.2664931 ], [ 81.0703957, 19.2677727 ], [ 81.0700599, 19.2696536 ], [ 81.0726576, 19.2717534 ], [ 81.073806, 19.274066 ], [ 81.0756178, 19.2740977 ], [ 81.0772792, 19.275158 ], [ 81.0798086, 19.2736806 ], [ 81.0806487, 19.2704023 ], [ 81.0845513, 19.2694107 ], [ 81.0873903, 19.2716688 ], [ 81.0896021, 19.2751711 ], [ 81.097054, 19.2773444 ], [ 81.0999794, 19.2771799 ], [ 81.1017414, 19.2753907 ], [ 81.104733, 19.2747784 ], [ 81.1095494, 19.275281 ], [ 81.1128167, 19.2727892 ], [ 81.1157532, 19.2642794 ], [ 81.1190784, 19.2617316 ], [ 81.1229157, 19.2611489 ], [ 81.1248875, 19.2595941 ], [ 81.1276277, 19.2592523 ], [ 81.1292822, 19.2567787 ], [ 81.1380676, 19.2562218 ], [ 81.1415966, 19.2575144 ], [ 81.1423754, 19.2601359 ], [ 81.1457924, 19.2600663 ], [ 81.1414676, 19.2778073 ], [ 81.1411596, 19.29891 ], [ 81.1440884, 19.2981832 ], [ 81.1474042, 19.298769 ], [ 81.1521077, 19.2969848 ], [ 81.1538933, 19.2987742 ], [ 81.161057, 19.2953477 ], [ 81.1612344, 19.2825256 ], [ 81.1652499, 19.2732788 ], [ 81.1676925, 19.2713441 ], [ 81.1710992, 19.2712223 ], [ 81.1744516, 19.2734606 ], [ 81.1762629, 19.2725163 ], [ 81.1837928, 19.2738433 ], [ 81.190355, 19.2771243 ], [ 81.194505, 19.2883902 ], [ 81.2233911, 19.2888286 ], [ 81.2313335, 19.3135023 ], [ 81.2315349, 19.3208249 ], [ 81.2337524, 19.3199262 ], [ 81.2366713, 19.3205696 ], [ 81.2377867, 19.3229404 ], [ 81.2410846, 19.3239066 ], [ 81.243077, 19.3215585 ], [ 81.2455927, 19.3227911 ], [ 81.2476435, 19.3219732 ], [ 81.2489459, 19.3242999 ], [ 81.2521759, 19.3251062 ], [ 81.2532899, 19.3244022 ], [ 81.2539736, 19.3264715 ], [ 81.2559813, 19.3267574 ], [ 81.2573055, 19.3247347 ], [ 81.259557, 19.3232184 ], [ 81.2624641, 19.3233648 ], [ 81.2643802, 19.3254527 ], [ 81.2655274, 19.3247081 ], [ 81.268758, 19.3248184 ], [ 81.2716327, 19.3234831 ], [ 81.2741414, 19.3293203 ], [ 81.2768295, 19.3297012 ], [ 81.279255, 19.3317622 ], [ 81.2820244, 19.3316236 ], [ 81.2857451, 19.3350381 ], [ 81.2908158, 19.3350087 ], [ 81.2927565, 19.3361274 ], [ 81.2974811, 19.3363077 ], [ 81.3027499, 19.3342493 ], [ 81.3051477, 19.3353444 ], [ 81.3073154, 19.3345137 ], [ 81.3095326, 19.3348815 ], [ 81.3166537, 19.3306952 ], [ 81.3189039, 19.3331466 ], [ 81.3217363, 19.3301203 ], [ 81.3267844, 19.3287901 ], [ 81.3293789, 19.3257993 ], [ 81.337092, 19.3259828 ], [ 81.3411063, 19.3218809 ], [ 81.3426737, 19.3188907 ], [ 81.3485103, 19.3212681 ], [ 81.3539315, 19.3208631 ], [ 81.3581255, 19.3233197 ], [ 81.362246, 19.3208439 ], [ 81.3635605, 19.3159495 ], [ 81.3725409, 19.3124772 ], [ 81.374548, 19.3086139 ], [ 81.3774494, 19.3061783 ], [ 81.3779675, 19.3021397 ], [ 81.3756344, 19.2994928 ], [ 81.37212, 19.2984983 ], [ 81.3682609, 19.2994118 ], [ 81.3632982, 19.2959341 ], [ 81.3580972, 19.2948474 ], [ 81.3568442, 19.292797 ], [ 81.3565269, 19.2813479 ], [ 81.3574161, 19.2779842 ], [ 81.3597501, 19.2749835 ], [ 81.3608042, 19.2720193 ], [ 81.3592544, 19.2672076 ], [ 81.3592875, 19.2639846 ], [ 81.3660149, 19.2572576 ], [ 81.3668234, 19.2550396 ], [ 81.3631869, 19.2501478 ], [ 81.3554397, 19.2482726 ], [ 81.3539418, 19.2471071 ], [ 81.3537092, 19.2424726 ], [ 81.3548324, 19.2355392 ], [ 81.3516042, 19.2301591 ], [ 81.3492505, 19.2293231 ], [ 81.3439289, 19.2313731 ], [ 81.3511576, 19.2270876 ], [ 81.3562602, 19.2252723 ], [ 81.3630843, 19.2201822 ], [ 81.3665031, 19.220223 ], [ 81.3694418, 19.2161533 ], [ 81.3716672, 19.2159998 ], [ 81.3769737, 19.2134116 ], [ 81.3831262, 19.2091519 ], [ 81.3872961, 19.209793 ], [ 81.3930729, 19.2076967 ], [ 81.3946127, 19.2025246 ], [ 81.3981262, 19.2013994 ], [ 81.400294, 19.1993348 ], [ 81.3986341, 19.1955092 ], [ 81.4011961, 19.1915791 ], [ 81.4033307, 19.1913168 ], [ 81.4070344, 19.192739 ], [ 81.4190157, 19.1945343 ], [ 81.4407306, 19.1877522 ], [ 81.4504675, 19.1889906 ], [ 81.4539681, 19.1919613 ], [ 81.4600302, 19.2022032 ], [ 81.4649926, 19.208511 ], [ 81.4707669, 19.2121577 ], [ 81.4768207, 19.2135773 ], [ 81.5021176, 19.2038822 ], [ 81.4999163, 19.1973356 ], [ 81.5001327, 19.1942145 ], [ 81.4988993, 19.1905324 ], [ 81.4994926, 19.1855189 ], [ 81.5004112, 19.1840877 ], [ 81.4983359, 19.1819059 ], [ 81.4974213, 19.178531 ], [ 81.4976105, 19.1645101 ], [ 81.4965392, 19.1621078 ], [ 81.4939483, 19.1617029 ], [ 81.4907264, 19.1561175 ], [ 81.4952102, 19.1450705 ], [ 81.4983362, 19.1429516 ], [ 81.5006104, 19.1401826 ], [ 81.4996702, 19.1390301 ], [ 81.490652, 19.1381399 ], [ 81.4787148, 19.1406313 ], [ 81.4734173, 19.1437375 ], [ 81.4691877, 19.1443405 ], [ 81.4683796, 19.1442234 ], [ 81.4672374, 19.1415499 ], [ 81.4635765, 19.1392481 ], [ 81.4631474, 19.1367504 ], [ 81.4565394, 19.1425713 ], [ 81.4452924, 19.1493877 ], [ 81.4403369, 19.1542453 ], [ 81.4268647, 19.1636179 ], [ 81.4173796, 19.17377 ], [ 81.410577, 19.1737218 ], [ 81.4056383, 19.1757237 ], [ 81.4032281, 19.1756021 ], [ 81.3922988, 19.1723604 ], [ 81.3885339, 19.1721213 ], [ 81.3858431, 19.1692938 ], [ 81.3845882, 19.1690138 ], [ 81.3779285, 19.1728129 ], [ 81.3708454, 19.178292 ], [ 81.3635013, 19.1699443 ], [ 81.3583018, 19.1604853 ], [ 81.3487867, 19.1532886 ], [ 81.3409605, 19.1429073 ], [ 81.3367535, 19.1459645 ], [ 81.3312493, 19.147612 ], [ 81.3290435, 19.1490433 ], [ 81.3210486, 19.1501072 ], [ 81.3181108, 19.1512807 ], [ 81.3156048, 19.1548078 ], [ 81.3145898, 19.1615874 ], [ 81.3020811, 19.1677802 ], [ 81.2969688, 19.1826932 ], [ 81.296625, 19.1858415 ], [ 81.2998258, 19.1935352 ], [ 81.3051478, 19.1886093 ], [ 81.3097838, 19.1870165 ], [ 81.3114855, 19.1875862 ], [ 81.3106325, 19.1927353 ], [ 81.3122196, 19.1949898 ], [ 81.2919645, 19.2175486 ], [ 81.287158, 19.2165985 ], [ 81.283479, 19.1847049 ], [ 81.2951514, 19.1725644 ], [ 81.2755735, 19.1341279 ], [ 81.2091334, 19.1243746 ], [ 81.2102577, 19.1161028 ], [ 81.2115398, 19.1140877 ], [ 81.2111772, 19.1116396 ], [ 81.2118797, 19.1099635 ], [ 81.2112369, 19.1076059 ], [ 81.2122355, 19.0998496 ], [ 81.2117537, 19.0961189 ], [ 81.208948, 19.0916799 ], [ 81.2113108, 19.0852149 ], [ 81.2120021, 19.0807472 ], [ 81.2152538, 19.0755194 ], [ 81.2179798, 19.0737338 ], [ 81.2186187, 19.0693655 ], [ 81.2180277, 19.0661226 ], [ 81.2194979, 19.0615867 ], [ 81.225782, 19.0524635 ], [ 81.2257809, 19.0506882 ], [ 81.2256896, 19.0489312 ], [ 81.2207176, 19.0429849 ], [ 81.2196994, 19.0401487 ], [ 81.2184404, 19.0395712 ], [ 81.2136488, 19.0325992 ], [ 81.211297, 19.0311052 ], [ 81.2144108, 19.0275623 ], [ 81.2118826, 19.0247494 ], [ 81.2115426, 19.0194059 ], [ 81.2124206, 19.0182084 ], [ 81.2207325, 19.0195548 ], [ 81.2228764, 19.0148469 ], [ 81.2199831, 19.0129107 ], [ 81.2130817, 19.0109898 ], [ 81.2079309, 19.0054497 ], [ 81.2064334, 19.0022071 ], [ 81.2074246, 19.000662 ], [ 81.2045986, 18.9995746 ], [ 81.2034673, 18.9970591 ], [ 81.2033473, 18.9946019 ], [ 81.2047045, 18.9926364 ], [ 81.2038589, 18.9918734 ], [ 81.2050635, 18.9888283 ], [ 81.2046586, 18.9861002 ], [ 81.2144658, 18.980621 ], [ 81.2163561, 18.9814692 ], [ 81.2183786, 18.9810075 ], [ 81.2296458, 18.9729971 ], [ 81.230233, 18.9706298 ], [ 81.2364936, 18.9678526 ], [ 81.2329304, 18.9641508 ], [ 81.224268, 18.9599051 ], [ 81.2197687, 18.9540713 ], [ 81.2169717, 18.9526634 ], [ 81.2173778, 18.9486249 ], [ 81.2161547, 18.9432547 ], [ 81.2190012, 18.9316849 ], [ 81.2114984, 18.9352074 ], [ 81.2063251, 18.9369489 ], [ 81.2027174, 18.9370228 ], [ 81.2006342, 18.9384329 ], [ 81.1914049, 18.9355275 ], [ 81.187, 18.9365453 ], [ 81.1792853, 18.9336613 ], [ 81.1748657, 18.9325875 ], [ 81.172948, 18.9328591 ], [ 81.1704738, 18.9289523 ], [ 81.1695844, 18.9221002 ], [ 81.1704619, 18.9199813 ], [ 81.1742632, 18.9178573 ], [ 81.1786346, 18.9176574 ], [ 81.1834608, 18.9148372 ], [ 81.1863415, 18.9140548 ], [ 81.1942876, 18.9159763 ], [ 81.2031942, 18.9211359 ], [ 81.2122774, 18.9179562 ], [ 81.221032, 18.9218592 ], [ 81.2237588, 18.9176659 ], [ 81.2250975, 18.9101667 ], [ 81.2210837, 18.9043282 ], [ 81.2185347, 18.9038055 ], [ 81.216797, 18.9024648 ], [ 81.2144598, 18.8983509 ], [ 81.2146874, 18.880341 ], [ 81.213717, 18.8759418 ], [ 81.2139315, 18.8688813 ], [ 81.2104918, 18.8603726 ], [ 81.2047228, 18.8518198 ], [ 81.205534, 18.8416332 ], [ 81.2039374, 18.8363127 ], [ 81.2020331, 18.8321487 ], [ 81.197087, 18.825542 ], [ 81.1939073, 18.8223225 ], [ 81.1915445, 18.8213522 ], [ 81.187966, 18.8164839 ], [ 81.1896083, 18.8068347 ], [ 81.1896057, 18.80005 ], [ 81.1901128, 18.7988391 ], [ 81.1923368, 18.7976007 ], [ 81.193569, 18.795459 ], [ 81.1935776, 18.7931462 ], [ 81.1950756, 18.7913388 ], [ 81.1957633, 18.7800049 ], [ 81.1983729, 18.7718233 ], [ 81.1979928, 18.7481354 ], [ 81.1958696, 18.7395581 ], [ 81.1908756, 18.7361449 ], [ 81.189347, 18.7311629 ], [ 81.1848975, 18.7250301 ], [ 81.1824634, 18.7191177 ], [ 81.1763684, 18.7091952 ], [ 81.161636, 18.6935691 ], [ 81.1605547, 18.6908273 ], [ 81.1615577, 18.6820005 ], [ 81.1606377, 18.680126 ], [ 81.1634272, 18.6698261 ], [ 81.1632225, 18.6661672 ], [ 81.164933, 18.6642922 ], [ 81.1700698, 18.6620369 ], [ 81.1705856, 18.6592044 ], [ 81.1721916, 18.6571442 ], [ 81.1787679, 18.6520469 ], [ 81.1690629, 18.6352046 ], [ 81.1682287, 18.6345724 ], [ 81.1640637, 18.6349437 ], [ 81.1622906, 18.6314207 ], [ 81.1618063, 18.6267634 ], [ 81.163687, 18.6250104 ], [ 81.1639415, 18.6187313 ], [ 81.1607379, 18.6158364 ], [ 81.1631491, 18.6141646 ], [ 81.162703, 18.6106457 ], [ 81.1599453, 18.6088031 ], [ 81.1572345, 18.6050318 ], [ 81.153354, 18.6030357 ], [ 81.1514353, 18.6030541 ], [ 81.151833, 18.6014414 ], [ 81.1510985, 18.6001631 ], [ 81.1489571, 18.6000143 ], [ 81.1490137, 18.5988308 ], [ 81.1510695, 18.5969558 ], [ 81.1504956, 18.592538 ], [ 81.1523143, 18.5893033 ], [ 81.146831, 18.5728973 ], [ 81.1464373, 18.5685969 ], [ 81.1593376, 18.5796804 ], [ 81.1663126, 18.5885915 ], [ 81.1697901, 18.5901809 ], [ 81.1715482, 18.5919738 ], [ 81.1747316, 18.5916613 ], [ 81.1762909, 18.5940641 ], [ 81.1838523, 18.5955525 ], [ 81.1934457, 18.596028 ], [ 81.1972157, 18.5935647 ], [ 81.1990621, 18.5909215 ], [ 81.1993592, 18.5878947 ], [ 81.1947154, 18.5613123 ], [ 81.1948985, 18.5574183 ], [ 81.1927806, 18.5558019 ], [ 81.195962, 18.5520468 ], [ 81.195767, 18.550258 ], [ 81.1935543, 18.5478918 ], [ 81.1827726, 18.5410743 ], [ 81.1788523, 18.5444499 ], [ 81.1654419, 18.5524895 ], [ 81.169348, 18.5475964 ], [ 81.1708099, 18.5421031 ], [ 81.1574336, 18.5314405 ], [ 81.1439657, 18.5340398 ], [ 81.1244071, 18.5394887 ], [ 81.1184824, 18.5419822 ], [ 81.1124299, 18.5422348 ], [ 81.0904254, 18.5486241 ], [ 81.0871811, 18.5488403 ], [ 81.0786797, 18.5490237 ], [ 81.0754404, 18.5483723 ], [ 81.066567, 18.5413534 ], [ 81.0591849, 18.5387365 ], [ 81.0546498, 18.5345293 ], [ 81.0491287, 18.5325395 ], [ 81.0368717, 18.534662 ], [ 81.0336564, 18.534186 ], [ 81.030163, 18.5311849 ], [ 81.0253247, 18.5205035 ], [ 81.0331932, 18.4968389 ], [ 81.0242819, 18.4897106 ], [ 81.0220678, 18.4869313 ], [ 81.0207533, 18.4764051 ], [ 81.022104, 18.4659437 ], [ 81.0190507, 18.4657885 ], [ 81.0096807, 18.4542593 ], [ 81.0042024, 18.4497115 ], [ 80.9999438, 18.4411439 ], [ 80.9956467, 18.4379709 ], [ 80.977025, 18.419113 ], [ 80.9755954, 18.4184858 ], [ 80.9712133, 18.4189353 ], [ 80.9668483, 18.4159741 ], [ 80.9648423, 18.4171405 ], [ 80.9610508, 18.4154618 ], [ 80.9598955, 18.4143059 ], [ 80.9610067, 18.4123132 ], [ 80.959751, 18.4092194 ], [ 80.9571343, 18.4095503 ], [ 80.9562915, 18.4088866 ], [ 80.9563805, 18.4069984 ], [ 80.9553006, 18.4047176 ], [ 80.9514188, 18.4017557 ], [ 80.9494692, 18.4015894 ], [ 80.9482394, 18.4028683 ], [ 80.9469511, 18.4001313 ], [ 80.9447887, 18.4005296 ], [ 80.943553, 18.3989309 ], [ 80.9416467, 18.4007611 ], [ 80.940175, 18.4006577 ], [ 80.9390165, 18.4030569 ], [ 80.9382829, 18.4028719 ], [ 80.936038, 18.3974111 ], [ 80.9313897, 18.3928591 ], [ 80.928522, 18.3921959 ], [ 80.925792, 18.3931678 ], [ 80.9234071, 18.3929696 ], [ 80.9209645, 18.3894829 ], [ 80.9164163, 18.3852285 ], [ 80.9114891, 18.3781463 ], [ 80.9121088, 18.3772699 ], [ 80.9149573, 18.3779559 ], [ 80.9175972, 18.3774584 ], [ 80.9193625, 18.3788946 ], [ 80.9228212, 18.3790066 ], [ 80.9241978, 18.3779266 ], [ 80.9240225, 18.3770277 ], [ 80.9252193, 18.3763226 ], [ 80.926265, 18.3767561 ], [ 80.9274002, 18.3756761 ], [ 80.9269644, 18.3736343 ], [ 80.929931, 18.3737781 ], [ 80.9302567, 18.3717181 ], [ 80.9317944, 18.3715008 ], [ 80.9321387, 18.3685011 ], [ 80.933231, 18.3665629 ], [ 80.9320951, 18.3652125 ], [ 80.9331966, 18.362949 ], [ 80.9359638, 18.3615296 ], [ 80.9381686, 18.3620935 ], [ 80.9451325, 18.3617433 ], [ 80.9460794, 18.3631388 ], [ 80.9485351, 18.3640368 ], [ 80.9499224, 18.3665073 ], [ 80.952278, 18.3655577 ], [ 80.9538924, 18.367906 ], [ 80.9584632, 18.3688121 ], [ 80.96323, 18.3643422 ], [ 80.9636975, 18.3627067 ], [ 80.9661854, 18.3615807 ], [ 80.9692627, 18.356732 ], [ 80.9804599, 18.3476913 ], [ 80.9884398, 18.346711 ], [ 80.9944629, 18.3483381 ], [ 80.9984007, 18.3457737 ], [ 81.003622, 18.345378 ], [ 81.0084732, 18.3417355 ], [ 81.0133036, 18.3407897 ], [ 81.0155754, 18.3388395 ], [ 81.0210484, 18.3391227 ], [ 81.0244882, 18.3376293 ], [ 81.0255572, 18.3377653 ], [ 81.0291833, 18.3414217 ], [ 81.032121, 18.3412741 ], [ 81.0353372, 18.3423056 ], [ 81.0404464, 18.3417117 ], [ 81.0429598, 18.3385189 ], [ 81.0426441, 18.3360749 ], [ 81.0447847, 18.3304426 ], [ 81.0472255, 18.3302991 ], [ 81.0478314, 18.3293552 ], [ 81.0480521, 18.3223172 ], [ 81.0503895, 18.3204298 ], [ 81.0540036, 18.3191979 ], [ 81.0593552, 18.3135485 ], [ 81.0598429, 18.3118456 ], [ 81.0571056, 18.3089987 ], [ 81.0566948, 18.307169 ], [ 81.0574662, 18.3058503 ], [ 81.0624329, 18.303688 ], [ 81.0652066, 18.2974142 ], [ 81.0651361, 18.2960273 ], [ 81.0588045, 18.2938795 ], [ 81.0570505, 18.2925463 ], [ 81.0577478, 18.2870217 ], [ 81.0574286, 18.2809005 ], [ 81.0527644, 18.2731559 ], [ 81.0520529, 18.2671114 ], [ 81.0445118, 18.2551733 ], [ 81.048229, 18.25302 ], [ 81.054144, 18.2526699 ], [ 81.0607578, 18.2495314 ], [ 81.0635043, 18.243398 ], [ 81.0665865, 18.2403059 ], [ 81.0664367, 18.2395088 ], [ 81.0640352, 18.2386908 ], [ 81.0660307, 18.2351063 ], [ 81.0736297, 18.2315128 ], [ 81.0738736, 18.2217539 ], [ 81.0713495, 18.2207458 ], [ 81.0681741, 18.216905 ], [ 81.0678556, 18.2080191 ], [ 81.0687239, 18.1976427 ], [ 81.0713097, 18.1962205 ], [ 81.0732247, 18.1937635 ], [ 81.0761176, 18.1923306 ], [ 81.073888, 18.1880988 ], [ 81.0656286, 18.1819165 ], [ 81.0644201, 18.1775974 ], [ 81.0607777, 18.1739686 ], [ 81.0607642, 18.1721391 ], [ 81.0599564, 18.1711631 ], [ 81.0578821, 18.1702408 ], [ 81.0517291, 18.1701753 ], [ 81.045889, 18.1679821 ], [ 81.0428231, 18.1654058 ], [ 81.0402102, 18.16484 ], [ 81.0347535, 18.1619282 ], [ 81.0336789, 18.1563351 ], [ 81.0261418, 18.1565392 ], [ 81.0183701, 18.1615043 ], [ 81.0162628, 18.1610649 ], [ 81.0146177, 18.1618455 ], [ 81.0126003, 18.1612074 ], [ 81.0117776, 18.1619251 ], [ 81.0104743, 18.1605692 ], [ 81.008248, 18.1613312 ], [ 81.0075051, 18.1628487 ], [ 81.0094062, 18.1677197 ], [ 81.008493, 18.169508 ], [ 81.0045231, 18.1697812 ], [ 80.9787953, 18.16511 ], [ 80.9790275, 18.1754113 ], [ 80.9576558, 18.1735469 ], [ 80.9541, 18.169153 ], [ 80.9516213, 18.1636562 ], [ 80.9423577, 18.1603844 ], [ 80.941638, 18.1566171 ], [ 80.9399033, 18.1554252 ], [ 80.9210459, 18.1442859 ], [ 80.9141702, 18.1411705 ], [ 80.9001315, 18.1371206 ], [ 80.8910832, 18.1359786 ], [ 80.8818081, 18.1355546 ], [ 80.8666696, 18.1369234 ], [ 80.865455, 18.1414544 ], [ 80.861325, 18.1453888 ], [ 80.8601625, 18.1478643 ], [ 80.8604024, 18.1613942 ], [ 80.8573581, 18.1707046 ], [ 80.8570836, 18.1744224 ], [ 80.8585428, 18.1864525 ], [ 80.8576162, 18.1896508 ], [ 80.853962, 18.1963454 ], [ 80.852912, 18.2020011 ], [ 80.853616, 18.2036366 ], [ 80.8552136, 18.2041562 ], [ 80.8572367, 18.2043326 ], [ 80.8639062, 18.2026526 ], [ 80.8709678, 18.2047942 ], [ 80.871946, 18.2053342 ], [ 80.8713506, 18.207098 ], [ 80.872608, 18.2105765 ], [ 80.86954, 18.217696 ], [ 80.8659373, 18.2301279 ], [ 80.8605196, 18.2319933 ], [ 80.8434296, 18.2324385 ], [ 80.8367246, 18.2389198 ], [ 80.8320396, 18.2386613 ], [ 80.8235919, 18.2360753 ], [ 80.822598, 18.2241083 ], [ 80.8238495, 18.2121058 ], [ 80.8240683, 18.1910363 ], [ 80.8174709, 18.1891055 ], [ 80.8155905, 18.1869863 ], [ 80.8149872, 18.1822111 ], [ 80.8132581, 18.1801868 ], [ 80.8060433, 18.175066 ], [ 80.7991133, 18.1681698 ], [ 80.7906258, 18.168374 ], [ 80.7754429, 18.166736 ], [ 80.7600316, 18.1676309 ], [ 80.7449779, 18.1703255 ], [ 80.7368202, 18.1773251 ], [ 80.7377063, 18.1806535 ], [ 80.7372023, 18.2220929 ], [ 80.7656551, 18.2363719 ], [ 80.7767755, 18.2428469 ], [ 80.7845515, 18.2452268 ], [ 80.7921047, 18.249201 ], [ 80.7942417, 18.2524764 ], [ 80.7941518, 18.2596287 ], [ 80.7918645, 18.2627366 ], [ 80.7898311, 18.2641158 ], [ 80.7842075, 18.2647086 ], [ 80.7806297, 18.2660474 ], [ 80.7770913, 18.2724417 ], [ 80.775479, 18.2782047 ], [ 80.7691433, 18.2876317 ], [ 80.7655031, 18.2888346 ], [ 80.7618628, 18.2882324 ], [ 80.7594948, 18.2898652 ], [ 80.7568319, 18.2950611 ], [ 80.7587442, 18.2993042 ], [ 80.7577238, 18.3019079 ], [ 80.7493686, 18.307654 ], [ 80.7487237, 18.3089247 ], [ 80.749131, 18.3145291 ], [ 80.7477752, 18.3164571 ], [ 80.7476536, 18.3299623 ], [ 80.7460343, 18.3314411 ], [ 80.7440261, 18.3379698 ], [ 80.7421446, 18.341098 ], [ 80.7369607, 18.3465201 ], [ 80.7314978, 18.3549133 ], [ 80.7268992, 18.3691255 ], [ 80.7273217, 18.371954 ], [ 80.7302296, 18.3759224 ], [ 80.7294016, 18.3788383 ], [ 80.7269869, 18.3815872 ], [ 80.7227636, 18.3845585 ], [ 80.719676, 18.3907951 ], [ 80.7206703, 18.3923141 ], [ 80.7295179, 18.3983499 ], [ 80.7321728, 18.4012217 ], [ 80.7348736, 18.4128405 ], [ 80.7304191, 18.4145806 ], [ 80.7228632, 18.4151795 ], [ 80.7208316, 18.4110364 ], [ 80.7182724, 18.4097289 ], [ 80.6989528, 18.4214304 ], [ 80.696204, 18.4247339 ], [ 80.6982434, 18.4375563 ], [ 80.7053136, 18.439862 ], [ 80.7017186, 18.4445897 ], [ 80.6957574, 18.4445666 ], [ 80.6880623, 18.4473594 ], [ 80.6861041, 18.4582596 ], [ 80.6787321, 18.460769 ], [ 80.6733394, 18.4665597 ], [ 80.6690628, 18.4677537 ], [ 80.6553085, 18.4758626 ], [ 80.651298, 18.4858983 ], [ 80.6457182, 18.4915845 ], [ 80.6419371, 18.4984667 ], [ 80.6372057, 18.5043458 ], [ 80.6368495, 18.5070169 ], [ 80.6390193, 18.5086093 ], [ 80.6409385, 18.5115085 ], [ 80.6398643, 18.5129571 ], [ 80.6395281, 18.5171694 ], [ 80.6375692, 18.5225293 ], [ 80.6337222, 18.5214052 ], [ 80.6310914, 18.5219018 ], [ 80.6227648, 18.5285629 ], [ 80.618499, 18.5276707 ], [ 80.6106405, 18.5423747 ], [ 80.6071118, 18.5470007 ], [ 80.599912, 18.5530371 ], [ 80.5982842, 18.5532136 ], [ 80.5909633, 18.5579031 ], [ 80.5714142, 18.5646773 ], [ 80.5674928, 18.5712472 ], [ 80.5627458, 18.5741658 ], [ 80.5564315, 18.5797358 ], [ 80.5422835, 18.5869122 ], [ 80.538562, 18.58812 ], [ 80.5345081, 18.5883532 ], [ 80.5352507, 18.5907389 ], [ 80.5307369, 18.598935 ], [ 80.5281347, 18.6026629 ], [ 80.5192887, 18.6086459 ], [ 80.518515, 18.6113186 ], [ 80.518832, 18.6143079 ], [ 80.5146607, 18.6193325 ], [ 80.5016037, 18.6215722 ], [ 80.4998092, 18.6235312 ], [ 80.488265, 18.6310851 ], [ 80.4791658, 18.6287323 ], [ 80.4775151, 18.6258422 ], [ 80.4740421, 18.6261783 ], [ 80.4655358, 18.6239421 ], [ 80.4581608, 18.6289099 ], [ 80.4561235, 18.6293581 ], [ 80.442124, 18.6232382 ], [ 80.43039, 18.6164571 ], [ 80.4276172, 18.6128757 ], [ 80.4224061, 18.6151177 ], [ 80.421046, 18.6139932 ], [ 80.4200027, 18.6103977 ], [ 80.4091435, 18.6097947 ], [ 80.3958533, 18.6049316 ], [ 80.3941521, 18.6006088 ], [ 80.3884524, 18.5966566 ], [ 80.3782719, 18.6089079 ], [ 80.3751592, 18.6106562 ], [ 80.3689432, 18.6087905 ], [ 80.3661575, 18.6070602 ], [ 80.3629503, 18.6032295 ], [ 80.3621452, 18.5991458 ], [ 80.3556315, 18.594637 ], [ 80.3497763, 18.5937916 ], [ 80.3463036, 18.5952818 ], [ 80.3342046, 18.6133848 ], [ 80.3310795, 18.6244966 ], [ 80.331017, 18.6282098 ], [ 80.3274897, 18.6353778 ], [ 80.3257596, 18.6369674 ], [ 80.3231249, 18.637563 ], [ 80.3186739, 18.6421467 ], [ 80.3140398, 18.6543826 ], [ 80.3142373, 18.6585068 ], [ 80.3077811, 18.6744867 ], [ 80.3064276, 18.681375 ], [ 80.3007162, 18.6921419 ], [ 80.2864859, 18.7114334 ], [ 80.2836051, 18.7175122 ], [ 80.280797, 18.7202798 ], [ 80.2752494, 18.7215463 ], [ 80.2700415, 18.725609 ], [ 80.2597374, 18.7423211 ], [ 80.2548355, 18.7477884 ], [ 80.2447505, 18.7566074 ], [ 80.2451175, 18.7608601 ], [ 80.2476967, 18.7641968 ], [ 80.2561762, 18.7698376 ], [ 80.2621656, 18.7700988 ], [ 80.2739434, 18.765507 ], [ 80.2780016, 18.767316 ], [ 80.2849414, 18.7724961 ], [ 80.2883742, 18.7737807 ], [ 80.2884483, 18.7773763 ], [ 80.2908985, 18.7807654 ], [ 80.29149, 18.7834714 ], [ 80.2965041, 18.7912386 ], [ 80.2999365, 18.7944472 ], [ 80.3059871, 18.7979413 ], [ 80.3140116, 18.7999271 ], [ 80.3229954, 18.7989677 ], [ 80.3321102, 18.804761 ], [ 80.3418038, 18.812397 ], [ 80.3451525, 18.8138927 ], [ 80.3503512, 18.814842 ], [ 80.3527414, 18.8189846 ], [ 80.3535949, 18.8222099 ], [ 80.3543107, 18.8264562 ], [ 80.3534605, 18.8340991 ], [ 80.3505605, 18.8446734 ], [ 80.3492601, 18.8477991 ], [ 80.3431763, 18.8550979 ], [ 80.3350454, 18.8688782 ], [ 80.3261925, 18.8808963 ], [ 80.3224853, 18.8843102 ], [ 80.318674, 18.8862289 ], [ 80.3154981, 18.8894893 ], [ 80.3087746, 18.8988917 ], [ 80.3028063, 18.9054348 ], [ 80.29979, 18.9111162 ], [ 80.2917654, 18.9181956 ], [ 80.2856216, 18.9218697 ], [ 80.2747274, 18.9313501 ], [ 80.2702506, 18.9398759 ], [ 80.2691655, 18.9442659 ], [ 80.2693944, 18.9501744 ], [ 80.2722904, 18.9577512 ], [ 80.2739325, 18.9665108 ], [ 80.2741943, 18.9734944 ], [ 80.2729116, 18.9824375 ], [ 80.2729774, 18.9914355 ], [ 80.2738209, 18.9944353 ], [ 80.2840638, 19.0027451 ], [ 80.2870487, 19.006821 ], [ 80.2921761, 19.0098317 ], [ 80.2988304, 19.0182589 ], [ 80.3026914, 19.0215564 ], [ 80.3050579, 19.0268573 ], [ 80.3029647, 19.0347117 ], [ 80.3018333, 19.0368839 ], [ 80.3003037, 19.0372537 ], [ 80.2997303, 19.0393455 ], [ 80.2986582, 19.0402371 ], [ 80.2965085, 19.0477227 ], [ 80.3002827, 19.0523949 ], [ 80.3072642, 19.0558531 ], [ 80.3199586, 19.0658806 ], [ 80.3296677, 19.0701067 ], [ 80.328925, 19.0759109 ], [ 80.3311439, 19.0813496 ], [ 80.3282699, 19.0910745 ], [ 80.3279219, 19.0950494 ], [ 80.3301266, 19.0950996 ], [ 80.332231, 19.0971012 ], [ 80.339619, 19.100111 ], [ 80.3390098, 19.1043615 ], [ 80.3363428, 19.1100433 ], [ 80.3362141, 19.1118456 ], [ 80.3306806, 19.12049 ], [ 80.3312346, 19.1279477 ], [ 80.3300025, 19.1327174 ], [ 80.3274307, 19.1351108 ], [ 80.3316493, 19.1416344 ], [ 80.3330789, 19.1455238 ], [ 80.3351842, 19.1465135 ], [ 80.3406835, 19.1462075 ], [ 80.3424368, 19.1486334 ], [ 80.3477833, 19.1523608 ], [ 80.3486003, 19.1552744 ], [ 80.347326, 19.158287 ], [ 80.3478866, 19.1601165 ], [ 80.3585716, 19.1650052 ], [ 80.3687152, 19.1713296 ], [ 80.3852441, 19.1790534 ], [ 80.3892138, 19.1816459 ], [ 80.3931411, 19.1866232 ], [ 80.3947199, 19.1906251 ], [ 80.394345, 19.1963707 ], [ 80.3917974, 19.202627 ], [ 80.3851083, 19.2115079 ], [ 80.3839056, 19.2159121 ], [ 80.3842578, 19.2207994 ], [ 80.3862837, 19.2270528 ], [ 80.3863128, 19.2330041 ], [ 80.39359, 19.2450096 ], [ 80.398465, 19.2474031 ], [ 80.4152301, 19.2508689 ], [ 80.4191585, 19.2509809 ], [ 80.4298699, 19.2540766 ], [ 80.4376998, 19.2578683 ], [ 80.4460256, 19.2641709 ], [ 80.4511556, 19.2696705 ], [ 80.454735, 19.2749944 ], [ 80.4573626, 19.2883408 ], [ 80.4630302, 19.3009178 ], [ 80.4703485, 19.3117548 ], [ 80.4770492, 19.3299227 ], [ 80.4814932, 19.3369891 ], [ 80.4855737, 19.3407809 ], [ 80.4883438, 19.3417684 ], [ 80.4957445, 19.3432316 ], [ 80.5068105, 19.3424178 ], [ 80.5136852, 19.344405 ], [ 80.5203309, 19.3477696 ], [ 80.5275991, 19.3610849 ], [ 80.5305952, 19.3647406 ], [ 80.5384268, 19.3777893 ], [ 80.5426042, 19.3808898 ], [ 80.5441734, 19.3838761 ], [ 80.5493177, 19.3862858 ], [ 80.554485, 19.3906151 ], [ 80.5592188, 19.3966108 ], [ 80.5624785, 19.3991007 ], [ 80.5699226, 19.4016958 ], [ 80.5750825, 19.4024832 ], [ 80.5783962, 19.4010116 ], [ 80.580958, 19.3978865 ], [ 80.584244, 19.3918121 ], [ 80.5886256, 19.380864 ], [ 80.5917965, 19.3759141 ], [ 80.59134, 19.373773 ], [ 80.5882234, 19.3702583 ], [ 80.5908389, 19.3576972 ], [ 80.5899358, 19.3523039 ] ] ] } },
{ "type": "Feature", "properties": { "dtname": "Dantewada", "stname": "CHHATTISGARH", "dist_lgd": 376, "year_stat": "2011_c" }, "geometry": { "type": "Polygon", "coordinates": [ [ [ 81.3119205, 19.1938153 ], [ 81.3106325, 19.1927353 ], [ 81.3114855, 19.1875862 ], [ 81.3097838, 19.1870165 ], [ 81.3051478, 19.1886093 ], [ 81.2998258, 19.1935352 ], [ 81.2964021, 19.1845902 ], [ 81.3020811, 19.1677802 ], [ 81.3145898, 19.1615874 ], [ 81.3161899, 19.1534618 ], [ 81.3195274, 19.1505855 ], [ 81.3290435, 19.1490433 ], [ 81.3312493, 19.147612 ], [ 81.3367535, 19.1459645 ], [ 81.3409605, 19.1429073 ], [ 81.3487867, 19.1532886 ], [ 81.3583018, 19.1604853 ], [ 81.3635013, 19.1699443 ], [ 81.3708454, 19.178292 ], [ 81.3779285, 19.1728129 ], [ 81.3845882, 19.1690138 ], [ 81.3858431, 19.1692938 ], [ 81.3885339, 19.1721213 ], [ 81.3922988, 19.1723604 ], [ 81.4032281, 19.1756021 ], [ 81.4056383, 19.1757237 ], [ 81.410577, 19.1737218 ], [ 81.4173796, 19.17377 ], [ 81.4268647, 19.1636179 ], [ 81.4403369, 19.1542453 ], [ 81.4452924, 19.1493877 ], [ 81.4565394, 19.1425713 ], [ 81.4640549, 19.1360815 ], [ 81.4652419, 19.1341521 ], [ 81.468834, 19.1325964 ], [ 81.4692751, 19.1310152 ], [ 81.4733513, 19.1285739 ], [ 81.4740963, 19.1266493 ], [ 81.4752601, 19.1259078 ], [ 81.4762123, 19.1209386 ], [ 81.4785576, 19.117134 ], [ 81.4803676, 19.1164011 ], [ 81.484607, 19.1172388 ], [ 81.4874751, 19.114161 ], [ 81.4888037, 19.1111699 ], [ 81.4884784, 19.1080217 ], [ 81.4904966, 19.106042 ], [ 81.4910082, 19.1037967 ], [ 81.493654, 19.1026116 ], [ 81.494342, 19.1011476 ], [ 81.4918661, 19.0941027 ], [ 81.4919207, 19.0905026 ], [ 81.4937118, 19.0903975 ], [ 81.4936398, 19.089467 ], [ 81.4930309, 19.088275 ], [ 81.4908112, 19.0872058 ], [ 81.490477, 19.0848437 ], [ 81.493293, 19.082773 ], [ 81.4933201, 19.0807584 ], [ 81.4973186, 19.0783031 ], [ 81.5001465, 19.0740982 ], [ 81.5041922, 19.0703699 ], [ 81.5061167, 19.0696574 ], [ 81.510482, 19.0706177 ], [ 81.511419, 19.0690103 ], [ 81.5166319, 19.0668497 ], [ 81.5161626, 19.0654672 ], [ 81.501581, 19.0616367 ], [ 81.4969483, 19.0528181 ], [ 81.5026718, 19.0445539 ], [ 81.5126477, 19.0431329 ], [ 81.5293235, 19.0372926 ], [ 81.525165, 19.033347 ], [ 81.5246484, 19.031558 ], [ 81.5230199, 19.030622 ], [ 81.5214996, 19.0235429 ], [ 81.5217146, 19.0214923 ], [ 81.5239913, 19.0184084 ], [ 81.5192953, 19.0168881 ], [ 81.516771, 19.013282 ], [ 81.509498, 19.0094607 ], [ 81.5023865, 19.0123696 ], [ 81.4958835, 19.0124769 ], [ 81.4930621, 19.0118012 ], [ 81.4900165, 19.0097614 ], [ 81.4889705, 19.0081133 ], [ 81.4850304, 19.0102162 ], [ 81.4834895, 19.0069739 ], [ 81.4808616, 19.004238 ], [ 81.472372, 19.0064426 ], [ 81.4714534, 19.0030371 ], [ 81.4681945, 19.0008751 ], [ 81.4688211, 18.9992743 ], [ 81.4681184, 18.9965395 ], [ 81.470362, 18.9940758 ], [ 81.4694928, 18.9915029 ], [ 81.476284, 18.9781876 ], [ 81.4842227, 18.9737057 ], [ 81.4801423, 18.9713244 ], [ 81.4701775, 18.9687211 ], [ 81.4626048, 18.9685066 ], [ 81.4572075, 18.9662198 ], [ 81.4646567, 18.959138 ], [ 81.4632844, 18.9564671 ], [ 81.4638617, 18.9536301 ], [ 81.4632093, 18.9495828 ], [ 81.465672, 18.9455557 ], [ 81.4736981, 18.9446528 ], [ 81.4830658, 18.9423071 ], [ 81.4883071, 18.9396164 ], [ 81.4922298, 18.9390167 ], [ 81.4975236, 18.9358879 ], [ 81.4983377, 18.9329072 ], [ 81.5057301, 18.9308747 ], [ 81.5071027, 18.9297282 ], [ 81.5083579, 18.9267838 ], [ 81.5089276, 18.9198052 ], [ 81.5108687, 18.9200323 ], [ 81.511507, 18.9166493 ], [ 81.5152917, 18.9138782 ], [ 81.5156364, 18.9165886 ], [ 81.5211781, 18.9199661 ], [ 81.5245508, 18.9234506 ], [ 81.538319, 18.917382 ], [ 81.5558829, 18.9119416 ], [ 81.5516518, 18.9061897 ], [ 81.5479454, 18.8949361 ], [ 81.5450194, 18.8905713 ], [ 81.5480309, 18.8841899 ], [ 81.550386, 18.881336 ], [ 81.5567882, 18.8795451 ], [ 81.5555795, 18.8763827 ], [ 81.5561683, 18.8752581 ], [ 81.5614355, 18.8754768 ], [ 81.5626315, 18.8748854 ], [ 81.5641367, 18.872266 ], [ 81.5650825, 18.8676995 ], [ 81.5733435, 18.8677922 ], [ 81.5746076, 18.8616629 ], [ 81.5796631, 18.8531584 ], [ 81.5793931, 18.8512747 ], [ 81.581415, 18.8488268 ], [ 81.582194, 18.8448384 ], [ 81.5906583, 18.8431597 ], [ 81.6021001, 18.8544589 ], [ 81.6057585, 18.8524039 ], [ 81.6080695, 18.8478057 ], [ 81.6107504, 18.8449285 ], [ 81.6159457, 18.842092 ], [ 81.6195655, 18.841121 ], [ 81.6203153, 18.8339793 ], [ 81.6137116, 18.8335319 ], [ 81.6112591, 18.8311963 ], [ 81.6190773, 18.8268377 ], [ 81.6231714, 18.8235041 ], [ 81.6270705, 18.8135934 ], [ 81.6313301, 18.8123421 ], [ 81.636866, 18.8148216 ], [ 81.6383318, 18.8167865 ], [ 81.6418043, 18.8183266 ], [ 81.6425209, 18.8220938 ], [ 81.6501198, 18.8178965 ], [ 81.6511014, 18.8157327 ], [ 81.6541699, 18.8125205 ], [ 81.6556302, 18.8085045 ], [ 81.6592443, 18.807221 ], [ 81.6654618, 18.8031678 ], [ 81.6680185, 18.8035421 ], [ 81.6716146, 18.8063148 ], [ 81.6792478, 18.809913 ], [ 81.6809862, 18.8169638 ], [ 81.6856885, 18.8209148 ], [ 81.6873213, 18.8235161 ], [ 81.6906934, 18.8216494 ], [ 81.6931647, 18.821269 ], [ 81.6970976, 18.8219316 ], [ 81.7010689, 18.8239989 ], [ 81.7045131, 18.8243949 ], [ 81.7091606, 18.8309879 ], [ 81.712319, 18.8379836 ], [ 81.7196415, 18.8335441 ], [ 81.7210912, 18.8301961 ], [ 81.720374, 18.8285252 ], [ 81.723575, 18.8266534 ], [ 81.7281055, 18.826818 ], [ 81.7349005, 18.8221976 ], [ 81.7382728, 18.8215632 ], [ 81.7402297, 18.8181154 ], [ 81.7468551, 18.8162726 ], [ 81.748373, 18.8146862 ], [ 81.7538487, 18.8122686 ], [ 81.7573991, 18.8089147 ], [ 81.7576708, 18.8069182 ], [ 81.7549831, 18.7977918 ], [ 81.7615495, 18.79481 ], [ 81.7626478, 18.7908672 ], [ 81.7653574, 18.7886373 ], [ 81.7653967, 18.7863516 ], [ 81.7667542, 18.7848166 ], [ 81.764524, 18.7791914 ], [ 81.7599566, 18.772711 ], [ 81.7682765, 18.7697978 ], [ 81.77162, 18.7695106 ], [ 81.7773277, 18.7729783 ], [ 81.7769009, 18.7645446 ], [ 81.7721785, 18.7555528 ], [ 81.7728204, 18.7459745 ], [ 81.7689209, 18.7414732 ], [ 81.7671624, 18.7404829 ], [ 81.7635029, 18.7392114 ], [ 81.7568891, 18.7385208 ], [ 81.756291, 18.7301822 ], [ 81.7547796, 18.7255673 ], [ 81.7483099, 18.7127197 ], [ 81.7294331, 18.6984362 ], [ 81.7362422, 18.6958845 ], [ 81.7483101, 18.6943268 ], [ 81.7581937, 18.6888232 ], [ 81.768091, 18.6811362 ], [ 81.7732449, 18.670266 ], [ 81.7665751, 18.6647468 ], [ 81.7602222, 18.6608491 ], [ 81.7445965, 18.6666039 ], [ 81.7321669, 18.6732373 ], [ 81.7280136, 18.6763682 ], [ 81.7202413, 18.684342 ], [ 81.7185002, 18.6873168 ], [ 81.7055551, 18.6774298 ], [ 81.7015698, 18.6756098 ], [ 81.6970247, 18.6748008 ], [ 81.6934717, 18.6716801 ], [ 81.6874062, 18.6695682 ], [ 81.6798119, 18.6649474 ], [ 81.6727452, 18.659139 ], [ 81.6706023, 18.6599492 ], [ 81.6570763, 18.6596238 ], [ 81.6587473, 18.6724444 ], [ 81.6601946, 18.6758747 ], [ 81.6609447, 18.6854015 ], [ 81.6637359, 18.6972305 ], [ 81.6236541, 18.7087701 ], [ 81.6251358, 18.7107871 ], [ 81.6255017, 18.7142703 ], [ 81.6278094, 18.7196312 ], [ 81.6293905, 18.726075 ], [ 81.6294868, 18.7333252 ], [ 81.6216495, 18.744375 ], [ 81.6169294, 18.7494851 ], [ 81.6139923, 18.7506908 ], [ 81.6120487, 18.7499377 ], [ 81.6017802, 18.7363502 ], [ 81.5978234, 18.7342065 ], [ 81.5913868, 18.7354235 ], [ 81.5824896, 18.7394135 ], [ 81.5687558, 18.7396984 ], [ 81.5689314, 18.7365547 ], [ 81.570415, 18.7339603 ], [ 81.5722115, 18.7252324 ], [ 81.5697461, 18.712914 ], [ 81.5613089, 18.7085833 ], [ 81.5598748, 18.7071304 ], [ 81.55477, 18.6935229 ], [ 81.548124, 18.6967802 ], [ 81.5468976, 18.6964553 ], [ 81.5456369, 18.6948101 ], [ 81.5456338, 18.6907001 ], [ 81.5422971, 18.6769401 ], [ 81.5423519, 18.6740331 ], [ 81.544929, 18.6698727 ], [ 81.5468525, 18.6687484 ], [ 81.5477445, 18.6672185 ], [ 81.5495308, 18.6667721 ], [ 81.5502086, 18.6647124 ], [ 81.5522602, 18.6634936 ], [ 81.5522544, 18.6621192 ], [ 81.5549753, 18.6601971 ], [ 81.5563225, 18.657692 ], [ 81.5535783, 18.6542203 ], [ 81.553552, 18.6453768 ], [ 81.5479783, 18.643976 ], [ 81.54516, 18.6423485 ], [ 81.5422499, 18.632271 ], [ 81.5456356, 18.6306858 ], [ 81.5451152, 18.6209596 ], [ 81.5461232, 18.6160847 ], [ 81.5477784, 18.6128891 ], [ 81.5669733, 18.604752 ], [ 81.5768699, 18.6038095 ], [ 81.5796637, 18.6003593 ], [ 81.5785006, 18.591337 ], [ 81.576367, 18.5857082 ], [ 81.5707309, 18.5756635 ], [ 81.5565773, 18.5596854 ], [ 81.5549819, 18.5594228 ], [ 81.5520887, 18.5630347 ], [ 81.5510949, 18.5670776 ], [ 81.5483952, 18.569474 ], [ 81.5451288, 18.5697259 ], [ 81.5400375, 18.5678563 ], [ 81.5524565, 18.5834058 ], [ 81.5495513, 18.5904173 ], [ 81.5486576, 18.59522 ], [ 81.5435396, 18.6036261 ], [ 81.5435228, 18.6064968 ], [ 81.5290735, 18.6035117 ], [ 81.5217317, 18.6044142 ], [ 81.4994649, 18.6141546 ], [ 81.4979013, 18.618013 ], [ 81.4977177, 18.6219976 ], [ 81.4870285, 18.6240157 ], [ 81.4818302, 18.6233773 ], [ 81.4585663, 18.6150503 ], [ 81.4528264, 18.6100702 ], [ 81.4457653, 18.6056461 ], [ 81.4433128, 18.5980399 ], [ 81.4466545, 18.5909872 ], [ 81.4470743, 18.5866685 ], [ 81.4457986, 18.5833398 ], [ 81.4458686, 18.5807514 ], [ 81.4422025, 18.5817013 ], [ 81.4399723, 18.5842318 ], [ 81.4410067, 18.5885409 ], [ 81.4343191, 18.5927442 ], [ 81.4281023, 18.5879261 ], [ 81.4261457, 18.5875653 ], [ 81.418322, 18.5773582 ], [ 81.4161324, 18.572855 ], [ 81.4191633, 18.5703111 ], [ 81.42062, 18.5622067 ], [ 81.4237583, 18.5552764 ], [ 81.4376968, 18.5537363 ], [ 81.4403894, 18.5478313 ], [ 81.4414806, 18.5404994 ], [ 81.4408646, 18.5395329 ], [ 81.436578, 18.5380617 ], [ 81.4352941, 18.536481 ], [ 81.4316756, 18.5352761 ], [ 81.4286763, 18.5305337 ], [ 81.4259954, 18.528863 ], [ 81.4140491, 18.5147403 ], [ 81.4141673, 18.5141214 ], [ 81.4184476, 18.5126568 ], [ 81.4261284, 18.5142224 ], [ 81.4272312, 18.5127586 ], [ 81.4279688, 18.5089818 ], [ 81.4309414, 18.5060583 ], [ 81.4366271, 18.5032377 ], [ 81.4408232, 18.5058744 ], [ 81.4431532, 18.4980533 ], [ 81.4372939, 18.4962322 ], [ 81.432786, 18.4928898 ], [ 81.4314864, 18.4903877 ], [ 81.4322496, 18.4885152 ], [ 81.4313483, 18.4863703 ], [ 81.4234248, 18.4798153 ], [ 81.4176323, 18.4797372 ], [ 81.4138077, 18.4810265 ], [ 81.4098118, 18.4843232 ], [ 81.4006748, 18.4850891 ], [ 81.3997346, 18.4886729 ], [ 81.3941597, 18.4936211 ], [ 81.3905261, 18.4931136 ], [ 81.3867625, 18.4937379 ], [ 81.3835224, 18.4904302 ], [ 81.3772072, 18.4885823 ], [ 81.3775927, 18.4859572 ], [ 81.3757418, 18.4830579 ], [ 81.3813627, 18.478968 ], [ 81.3822296, 18.4796136 ], [ 81.3840242, 18.478933 ], [ 81.3841891, 18.4759309 ], [ 81.3826502, 18.4727867 ], [ 81.383101, 18.4663372 ], [ 81.3800025, 18.4607305 ], [ 81.3793877, 18.4541294 ], [ 81.3768067, 18.4494861 ], [ 81.3733927, 18.4389405 ], [ 81.3696645, 18.431824 ], [ 81.3701784, 18.4298057 ], [ 81.3735126, 18.4278884 ], [ 81.3801118, 18.4266872 ], [ 81.3858187, 18.4225442 ], [ 81.3935085, 18.42081 ], [ 81.4152878, 18.4244323 ], [ 81.4181802, 18.4259962 ], [ 81.4222082, 18.4254117 ], [ 81.4294377, 18.4211409 ], [ 81.4339122, 18.4140892 ], [ 81.4333977, 18.41158 ], [ 81.428057, 18.40198 ], [ 81.4163352, 18.3983731 ], [ 81.4131403, 18.3964486 ], [ 81.4097929, 18.3926298 ], [ 81.4061253, 18.3984072 ], [ 81.4023534, 18.4007797 ], [ 81.3846303, 18.4092716 ], [ 81.3817196, 18.4117104 ], [ 81.3702971, 18.417216 ], [ 81.3650638, 18.4184235 ], [ 81.358966, 18.4183298 ], [ 81.3579604, 18.4175913 ], [ 81.3571905, 18.415 ], [ 81.3543209, 18.4138113 ], [ 81.3509203, 18.4153151 ], [ 81.3335334, 18.4177508 ], [ 81.3283452, 18.4270176 ], [ 81.3297296, 18.4324078 ], [ 81.32766, 18.4362476 ], [ 81.3275697, 18.4389966 ], [ 81.3197769, 18.4368605 ], [ 81.3085163, 18.4388507 ], [ 81.3055619, 18.4369887 ], [ 81.3043896, 18.4410824 ], [ 81.300732, 18.4470924 ], [ 81.3004395, 18.4503282 ], [ 81.3016257, 18.453913 ], [ 81.2997503, 18.4565384 ], [ 81.2923203, 18.4614835 ], [ 81.2913366, 18.4629209 ], [ 81.2894551, 18.4583133 ], [ 81.2877432, 18.4571681 ], [ 81.2811808, 18.4671553 ], [ 81.2685153, 18.4686496 ], [ 81.274811, 18.4730228 ], [ 81.275938, 18.4745151 ], [ 81.2752665, 18.4751925 ], [ 81.2686485, 18.4781729 ], [ 81.2592525, 18.4781675 ], [ 81.2584679, 18.4790657 ], [ 81.2589153, 18.4955356 ], [ 81.257448, 18.5000422 ], [ 81.2574861, 18.5055832 ], [ 81.2532454, 18.5097952 ], [ 81.2511261, 18.5136742 ], [ 81.2516486, 18.5179208 ], [ 81.2555323, 18.5237732 ], [ 81.2525483, 18.5246522 ], [ 81.249675, 18.5231325 ], [ 81.2470966, 18.5229096 ], [ 81.2416099, 18.5246448 ], [ 81.2318692, 18.5248944 ], [ 81.2225089, 18.5278087 ], [ 81.2198688, 18.5150711 ], [ 81.2185239, 18.5149409 ], [ 81.2149273, 18.518841 ], [ 81.20909, 18.5216851 ], [ 81.1827726, 18.5410743 ], [ 81.194156, 18.5483478 ], [ 81.1961559, 18.5514324 ], [ 81.1927662, 18.5551017 ], [ 81.1948985, 18.5574183 ], [ 81.1947154, 18.5613123 ], [ 81.1993592, 18.5878947 ], [ 81.1990621, 18.5909215 ], [ 81.196297, 18.5944414 ], [ 81.1928299, 18.5962406 ], [ 81.1870264, 18.5959671 ], [ 81.1762909, 18.5940641 ], [ 81.1747316, 18.5916613 ], [ 81.1715482, 18.5919738 ], [ 81.1697901, 18.5901809 ], [ 81.1663126, 18.5885915 ], [ 81.1593376, 18.5796804 ], [ 81.1464373, 18.5685969 ], [ 81.146831, 18.5728973 ], [ 81.1523143, 18.5893033 ], [ 81.1504956, 18.592538 ], [ 81.1510695, 18.5969558 ], [ 81.1490137, 18.5988308 ], [ 81.1489571, 18.6000143 ], [ 81.1510985, 18.6001631 ], [ 81.151833, 18.6014414 ], [ 81.1514353, 18.6030541 ], [ 81.153354, 18.6030357 ], [ 81.1572345, 18.6050318 ], [ 81.1599453, 18.6088031 ], [ 81.162703, 18.6106457 ], [ 81.1631491, 18.6141646 ], [ 81.1607379, 18.6158364 ], [ 81.1639415, 18.6187313 ], [ 81.163687, 18.6250104 ], [ 81.1618063, 18.6267634 ], [ 81.1622906, 18.6314207 ], [ 81.1640637, 18.6349437 ], [ 81.1682287, 18.6345724 ], [ 81.1690629, 18.6352046 ], [ 81.1787679, 18.6520469 ], [ 81.1721916, 18.6571442 ], [ 81.1705856, 18.6592044 ], [ 81.1700698, 18.6620369 ], [ 81.164933, 18.6642922 ], [ 81.1632225, 18.6661672 ], [ 81.1634272, 18.6698261 ], [ 81.1606377, 18.680126 ], [ 81.1615577, 18.6820005 ], [ 81.1605547, 18.6908273 ], [ 81.161636, 18.6935691 ], [ 81.1763684, 18.7091952 ], [ 81.1824634, 18.7191177 ], [ 81.1848975, 18.7250301 ], [ 81.189347, 18.7311629 ], [ 81.1908756, 18.7361449 ], [ 81.1958696, 18.7395581 ], [ 81.1979928, 18.7481354 ], [ 81.1983729, 18.7718233 ], [ 81.1957633, 18.7800049 ], [ 81.1950756, 18.7913388 ], [ 81.1935776, 18.7931462 ], [ 81.193569, 18.795459 ], [ 81.1923368, 18.7976007 ], [ 81.1901128, 18.7988391 ], [ 81.1896057, 18.80005 ], [ 81.1896083, 18.8068347 ], [ 81.187966, 18.8164839 ], [ 81.1915445, 18.8213522 ], [ 81.1939073, 18.8223225 ], [ 81.197087, 18.825542 ], [ 81.2020331, 18.8321487 ], [ 81.2039374, 18.8363127 ], [ 81.205534, 18.8416332 ], [ 81.2047228, 18.8518198 ], [ 81.2104918, 18.8603726 ], [ 81.2139315, 18.8688813 ], [ 81.213717, 18.8759418 ], [ 81.2146874, 18.880341 ], [ 81.2144598, 18.8983509 ], [ 81.216797, 18.9024648 ], [ 81.2185347, 18.9038055 ], [ 81.2210837, 18.9043282 ], [ 81.2250975, 18.9101667 ], [ 81.2237588, 18.9176659 ], [ 81.221032, 18.9218592 ], [ 81.2122774, 18.9179562 ], [ 81.2031942, 18.9211359 ], [ 81.1942876, 18.9159763 ], [ 81.1863415, 18.9140548 ], [ 81.1834608, 18.9148372 ], [ 81.1786346, 18.9176574 ], [ 81.1742632, 18.9178573 ], [ 81.1704619, 18.9199813 ], [ 81.1695844, 18.9221002 ], [ 81.1704738, 18.9289523 ], [ 81.172948, 18.9328591 ], [ 81.1748657, 18.9325875 ], [ 81.1792853, 18.9336613 ], [ 81.187, 18.9365453 ], [ 81.1914049, 18.9355275 ], [ 81.2006342, 18.9384329 ], [ 81.2027174, 18.9370228 ], [ 81.2063251, 18.9369489 ], [ 81.2114984, 18.9352074 ], [ 81.2190012, 18.9316849 ], [ 81.2161547, 18.9432547 ], [ 81.2173778, 18.9486249 ], [ 81.2169717, 18.9526634 ], [ 81.2197687, 18.9540713 ], [ 81.224268, 18.9599051 ], [ 81.2329304, 18.9641508 ], [ 81.2364936, 18.9678526 ], [ 81.230233, 18.9706298 ], [ 81.2296458, 18.9729971 ], [ 81.2183786, 18.9810075 ], [ 81.2163561, 18.9814692 ], [ 81.2144658, 18.980621 ], [ 81.2046586, 18.9861002 ], [ 81.2050635, 18.9888283 ], [ 81.2038589, 18.9918734 ], [ 81.2047045, 18.9926364 ], [ 81.2033473, 18.9946019 ], [ 81.2034673, 18.9970591 ], [ 81.2045986, 18.9995746 ], [ 81.2074246, 19.000662 ], [ 81.2064334, 19.0022071 ], [ 81.2079309, 19.0054497 ], [ 81.2130817, 19.0109898 ], [ 81.2199831, 19.0129107 ], [ 81.2228764, 19.0148469 ], [ 81.2207325, 19.0195548 ], [ 81.2124206, 19.0182084 ], [ 81.2115426, 19.0194059 ], [ 81.2118826, 19.0247494 ], [ 81.2144108, 19.0275623 ], [ 81.211297, 19.0311052 ], [ 81.2136488, 19.0325992 ], [ 81.2184404, 19.0395712 ], [ 81.2196994, 19.0401487 ], [ 81.2207176, 19.0429849 ], [ 81.2256896, 19.0489312 ], [ 81.2257809, 19.0506882 ], [ 81.225782, 19.0524635 ], [ 81.2194979, 19.0615867 ], [ 81.2180277, 19.0661226 ], [ 81.2186187, 19.0693655 ], [ 81.2179798, 19.0737338 ], [ 81.2152538, 19.0755194 ], [ 81.2120021, 19.0807472 ], [ 81.2113108, 19.0852149 ], [ 81.208948, 19.0916799 ], [ 81.2117537, 19.0961189 ], [ 81.2122355, 19.0998496 ], [ 81.2112369, 19.1076059 ], [ 81.2118797, 19.1099635 ], [ 81.2111772, 19.1116396 ], [ 81.2115398, 19.1140877 ], [ 81.2102577, 19.1161028 ], [ 81.2091334, 19.1243746 ], [ 81.2755735, 19.1341279 ], [ 81.2951514, 19.1725644 ], [ 81.283479, 19.1847049 ], [ 81.287158, 19.2165985 ], [ 81.2919645, 19.2175486 ], [ 81.3117963, 19.1955362 ], [ 81.3119205, 19.1938153 ] ], [ [ 81.3740367, 18.5250258 ], [ 81.3690552, 18.5174322 ], [ 81.3667302, 18.5170391 ], [ 81.36593, 18.5161762 ], [ 81.365646, 18.5139175 ], [ 81.3705661, 18.5061479 ], [ 81.3770055, 18.5058814 ], [ 81.3853772, 18.5097434 ], [ 81.387167, 18.5097614 ], [ 81.3885356, 18.511767 ], [ 81.381059, 18.5166596 ], [ 81.3802352, 18.5191894 ], [ 81.3802308, 18.5233834 ], [ 81.3777493, 18.5248497 ], [ 81.3774036, 18.5260739 ], [ 81.3740367, 18.5250258 ] ] ] } },
{ "type": "Feature", "properties": { "dtname": "Sukma", "stname": "CHHATTISGARH", "dist_lgd": 642, "year_stat": "update2014" }, "geometry": { "type": "MultiPolygon", "coordinates": [ [ [ [ 81.3873706, 18.5101002 ], [ 81.3785112, 18.5062292 ], [ 81.3705661, 18.5061479 ], [ 81.365646, 18.5139175 ], [ 81.36593, 18.5161762 ], [ 81.3667302, 18.5170391 ], [ 81.3690552, 18.5174322 ], [ 81.3740367, 18.5250258 ], [ 81.3774036, 18.5260739 ], [ 81.3777493, 18.5248497 ], [ 81.3802308, 18.5233834 ], [ 81.3802352, 18.5191894 ], [ 81.381059, 18.5166596 ], [ 81.3885356, 18.511767 ], [ 81.3873706, 18.5101002 ] ] ], [ [ [ 81.8046916, 18.7715135 ], [ 81.8053222, 18.7718299 ], [ 81.8051269, 18.7740613 ], [ 81.8080816, 18.7735249 ], [ 81.8100979, 18.7714703 ], [ 81.8124334, 18.7652463 ], [ 81.8177183, 18.7730853 ], [ 81.820346, 18.7718349 ], [ 81.8149435, 18.7608609 ], [ 81.8146048, 18.7531726 ], [ 81.8160246, 18.7495932 ], [ 81.8104653, 18.7426665 ], [ 81.8098823, 18.7396516 ], [ 81.8221809, 18.7445493 ], [ 81.8261503, 18.7421924 ], [ 81.8320964, 18.7413581 ], [ 81.8349179, 18.7395925 ], [ 81.8373076, 18.7395478 ], [ 81.834097, 18.742524 ], [ 81.8274059, 18.7452779 ], [ 81.8243608, 18.7488412 ], [ 81.8238582, 18.750906 ], [ 81.8292119, 18.7622969 ], [ 81.837306, 18.7649593 ], [ 81.8398668, 18.7645126 ], [ 81.84589, 18.7605837 ], [ 81.8525002, 18.7612034 ], [ 81.8538898, 18.7603091 ], [ 81.8527899, 18.7581408 ], [ 81.8490298, 18.7564463 ], [ 81.8492102, 18.7551002 ], [ 81.8540561, 18.7509132 ], [ 81.8570359, 18.7470267 ], [ 81.8656136, 18.7461916 ], [ 81.8669649, 18.7466886 ], [ 81.8687239, 18.749819 ], [ 81.86997, 18.7596643 ], [ 81.8724594, 18.7637615 ], [ 81.8758974, 18.7603239 ], [ 81.8788043, 18.759321 ], [ 81.8790935, 18.7578348 ], [ 81.8857747, 18.7553727 ], [ 81.892489, 18.7539989 ], [ 81.8976345, 18.7579012 ], [ 81.9060991, 18.7598063 ], [ 81.9104665, 18.7595525 ], [ 81.9204951, 18.7746332 ], [ 81.9363153, 18.773558 ], [ 81.9449504, 18.7714816 ], [ 81.9484778, 18.7696463 ], [ 81.9496, 18.765743 ], [ 81.9512831, 18.7648343 ], [ 81.9531597, 18.7622362 ], [ 81.9548666, 18.7616302 ], [ 81.9567453, 18.7537694 ], [ 81.9479446, 18.7408561 ], [ 81.9420481, 18.7338703 ], [ 81.9414066, 18.730207 ], [ 81.9443444, 18.7259598 ], [ 81.9427301, 18.7202235 ], [ 81.9429903, 18.7188728 ], [ 81.9590333, 18.7092672 ], [ 81.9640821, 18.7002348 ], [ 81.9680436, 18.696371 ], [ 81.9629403, 18.6889817 ], [ 81.9607536, 18.6886314 ], [ 81.962048, 18.6871337 ], [ 81.9647885, 18.6795873 ], [ 81.9691482, 18.6733881 ], [ 81.9651937, 18.6707561 ], [ 81.9616022, 18.6702775 ], [ 81.9572179, 18.6670738 ], [ 81.9550781, 18.6642199 ], [ 81.9527859, 18.6595413 ], [ 81.9531629, 18.6540405 ], [ 81.9503249, 18.6491883 ], [ 81.9489435, 18.6437099 ], [ 81.9430344, 18.6431747 ], [ 81.9363692, 18.6448032 ], [ 81.93498, 18.6438702 ], [ 81.9217263, 18.6429099 ], [ 81.9202136, 18.6463062 ], [ 81.9152583, 18.6512964 ], [ 81.9008914, 18.6613699 ], [ 81.9004338, 18.6600029 ], [ 81.8983496, 18.6585354 ], [ 81.894307, 18.657809 ], [ 81.8934972, 18.65709 ], [ 81.8935982, 18.6555305 ], [ 81.8952842, 18.654325 ], [ 81.8975477, 18.6547616 ], [ 81.8982273, 18.6541935 ], [ 81.8979928, 18.651082 ], [ 81.8940759, 18.6417511 ], [ 81.8973582, 18.6385634 ], [ 81.8975343, 18.6368863 ], [ 81.898867, 18.6352306 ], [ 81.8975843, 18.6337681 ], [ 81.8952142, 18.6328215 ], [ 81.8944964, 18.6296845 ], [ 81.908482, 18.6285556 ], [ 81.9301402, 18.6185767 ], [ 81.9351457, 18.6126508 ], [ 81.9344097, 18.6106215 ], [ 81.9350648, 18.6073554 ], [ 81.9369316, 18.6055703 ], [ 81.9442934, 18.6007529 ], [ 81.9473237, 18.6002995 ], [ 81.9509762, 18.6009497 ], [ 81.9572723, 18.5972443 ], [ 81.9608467, 18.5966206 ], [ 81.9634009, 18.5940954 ], [ 81.9636411, 18.5904431 ], [ 81.9598353, 18.589482 ], [ 81.9560655, 18.5839253 ], [ 81.9543324, 18.5841283 ], [ 81.952913, 18.5828206 ], [ 81.9533119, 18.5767108 ], [ 81.9505139, 18.5748531 ], [ 81.9501976, 18.5724868 ], [ 81.9510786, 18.5715832 ], [ 81.9505725, 18.5700223 ], [ 81.9450817, 18.5701358 ], [ 81.9381022, 18.566601 ], [ 81.9297134, 18.5661275 ], [ 81.9267791, 18.5667337 ], [ 81.9244634, 18.5704549 ], [ 81.9208365, 18.5726912 ], [ 81.9177702, 18.5707993 ], [ 81.9155683, 18.5728072 ], [ 81.9106907, 18.5706348 ], [ 81.910357, 18.5657745 ], [ 81.9059158, 18.5645488 ], [ 81.9057041, 18.5630676 ], [ 81.9062781, 18.5587089 ], [ 81.9086169, 18.5529997 ], [ 81.9014069, 18.5486105 ], [ 81.905875, 18.5451596 ], [ 81.9089175, 18.5399847 ], [ 81.9090094, 18.538068 ], [ 81.9031808, 18.5354982 ], [ 81.8978968, 18.5350895 ], [ 81.8892673, 18.5381623 ], [ 81.8796795, 18.5252388 ], [ 81.8738848, 18.5258891 ], [ 81.8682478, 18.524921 ], [ 81.8569894, 18.5074264 ], [ 81.8561094, 18.5009214 ], [ 81.8573122, 18.498796 ], [ 81.8578335, 18.4947711 ], [ 81.8562051, 18.491401 ], [ 81.7950198, 18.4407156 ], [ 81.7688743, 18.4170907 ], [ 81.7500575, 18.35275 ], [ 81.6591405, 18.3465608 ], [ 81.6538473, 18.3420873 ], [ 81.6508701, 18.3406198 ], [ 81.6496637, 18.3369048 ], [ 81.6519187, 18.3325409 ], [ 81.6551632, 18.3308803 ], [ 81.6621674, 18.3249815 ], [ 81.6628589, 18.3226925 ], [ 81.6622289, 18.3212261 ], [ 81.6598189, 18.3220614 ], [ 81.6513192, 18.3215303 ], [ 81.6445171, 18.3181822 ], [ 81.6396522, 18.3179365 ], [ 81.6326758, 18.314679 ], [ 81.628107, 18.3138445 ], [ 81.6242582, 18.3119051 ], [ 81.6214618, 18.3091937 ], [ 81.6165349, 18.3073478 ], [ 81.6129747, 18.3071276 ], [ 81.6005375, 18.3096854 ], [ 81.5975967, 18.3089084 ], [ 81.5964247, 18.3079134 ], [ 81.5929038, 18.3007121 ], [ 81.5855138, 18.2964282 ], [ 81.5806439, 18.2901753 ], [ 81.5760716, 18.286592 ], [ 81.5734615, 18.2826411 ], [ 81.5643265, 18.2751984 ], [ 81.5508359, 18.2693042 ], [ 81.5412835, 18.2700636 ], [ 81.5352709, 18.2683767 ], [ 81.5316676, 18.2656212 ], [ 81.5289049, 18.2608162 ], [ 81.5252393, 18.2577081 ], [ 81.5246379, 18.255857 ], [ 81.5276594, 18.2509364 ], [ 81.5302469, 18.2432379 ], [ 81.530446, 18.2402819 ], [ 81.525928, 18.2335474 ], [ 81.5242643, 18.2275099 ], [ 81.5199161, 18.2219949 ], [ 81.5198322, 18.2176568 ], [ 81.515516, 18.2132353 ], [ 81.5132564, 18.2005382 ], [ 81.5094139, 18.1945652 ], [ 81.5070019, 18.1861977 ], [ 81.5099232, 18.1794928 ], [ 81.5177641, 18.1754588 ], [ 81.5208985, 18.1690513 ], [ 81.5237255, 18.1658892 ], [ 81.5259972, 18.1604196 ], [ 81.5253786, 18.1574974 ], [ 81.5258155, 18.1534018 ], [ 81.5241297, 18.150808 ], [ 81.5183218, 18.1481619 ], [ 81.5138231, 18.1405367 ], [ 81.5128922, 18.1357534 ], [ 81.5150852, 18.1227598 ], [ 81.5142299, 18.1179807 ], [ 81.5145461, 18.11455 ], [ 81.5133247, 18.1106079 ], [ 81.5139978, 18.1031857 ], [ 81.5128552, 18.0986877 ], [ 81.5102755, 18.0939676 ], [ 81.5056966, 18.088968 ], [ 81.4996281, 18.0798533 ], [ 81.4976232, 18.0762687 ], [ 81.4965993, 18.0709522 ], [ 81.4906948, 18.0628379 ], [ 81.4858751, 18.0593848 ], [ 81.4826377, 18.0556732 ], [ 81.4804056, 18.0507414 ], [ 81.4801546, 18.0336878 ], [ 81.4812243, 18.0299602 ], [ 81.4831208, 18.0270453 ], [ 81.4825294, 18.0172788 ], [ 81.4799058, 18.0043916 ], [ 81.4802818, 17.9977864 ], [ 81.4776164, 17.9884065 ], [ 81.4782594, 17.9851511 ], [ 81.48295, 17.9768151 ], [ 81.4760918, 17.9693392 ], [ 81.4739789, 17.963248 ], [ 81.4721111, 17.9605004 ], [ 81.4598383, 17.9529465 ], [ 81.4550487, 17.943002 ], [ 81.4529071, 17.9363682 ], [ 81.4491142, 17.9319347 ], [ 81.4499204, 17.9240287 ], [ 81.4533712, 17.9146296 ], [ 81.4528245, 17.9075582 ], [ 81.4521469, 17.9046991 ], [ 81.4488386, 17.9012676 ], [ 81.4474959, 17.8984869 ], [ 81.4484412, 17.8933237 ], [ 81.4481111, 17.8897362 ], [ 81.444632, 17.8857536 ], [ 81.4392887, 17.8817933 ], [ 81.4353405, 17.8808171 ], [ 81.4214537, 17.8883766 ], [ 81.4166968, 17.8928248 ], [ 81.40834, 17.8959562 ], [ 81.4032887, 17.895786 ], [ 81.4007317, 17.8942639 ], [ 81.399268, 17.8919167 ], [ 81.3954773, 17.8832114 ], [ 81.3955306, 17.8731875 ], [ 81.3942465, 17.8708581 ], [ 81.3942712, 17.8692762 ], [ 81.3983558, 17.8617389 ], [ 81.402149, 17.8570129 ], [ 81.4038153, 17.8530053 ], [ 81.4032551, 17.8494317 ], [ 81.3956347, 17.8370057 ], [ 81.3895528, 17.8307225 ], [ 81.3885033, 17.8276063 ], [ 81.3888963, 17.8217665 ], [ 81.3919191, 17.8151749 ], [ 81.39309, 17.808083 ], [ 81.3925718, 17.7941632 ], [ 81.3865564, 17.7948697 ], [ 81.3854391, 17.798439 ], [ 81.3834397, 17.7989136 ], [ 81.3816139, 17.8015101 ], [ 81.3773115, 17.8044595 ], [ 81.3692459, 17.8076766 ], [ 81.3587801, 17.8094804 ], [ 81.3541097, 17.8122871 ], [ 81.3510615, 17.8116647 ], [ 81.3484462, 17.8123287 ], [ 81.3456015, 17.810299 ], [ 81.326124, 17.8139508 ], [ 81.3149065, 17.8121092 ], [ 81.3049707, 17.8086589 ], [ 81.2662642, 17.8095223 ], [ 81.2483752, 17.8166584 ], [ 81.2452362, 17.8207489 ], [ 81.2408656, 17.8232452 ], [ 81.2392967, 17.8260154 ], [ 81.234543, 17.8271521 ], [ 81.2292859, 17.8305704 ], [ 81.2156092, 17.8345076 ], [ 81.1993082, 17.8469334 ], [ 81.1849123, 17.8503673 ], [ 81.1697467, 17.8558059 ], [ 81.1683182, 17.8556167 ], [ 81.1661345, 17.8576004 ], [ 81.1572784, 17.8504281 ], [ 81.142135, 17.8414625 ], [ 81.1329409, 17.831181 ], [ 81.1279175, 17.8269978 ], [ 81.1227433, 17.82398 ], [ 81.1117916, 17.820876 ], [ 81.1024394, 17.8160277 ], [ 81.0976574, 17.8123724 ], [ 81.0939651, 17.8092728 ], [ 81.0904575, 17.8024098 ], [ 81.0864176, 17.7993468 ], [ 81.0844364, 17.7966442 ], [ 81.079085, 17.792541 ], [ 81.0774493, 17.7899023 ], [ 81.0732627, 17.7864543 ], [ 81.0669018, 17.7848938 ], [ 81.0479745, 17.7823846 ], [ 81.0436361, 17.7827488 ], [ 81.0389812, 17.7841518 ], [ 81.0317642, 17.7884719 ], [ 81.0248081, 17.7892094 ], [ 81.0176673, 17.7913786 ], [ 81.0094251, 17.7972514 ], [ 81.0059618, 17.8071203 ], [ 81.0034586, 17.8195198 ], [ 81.0032341, 17.8306149 ], [ 80.9964545, 17.8490708 ], [ 80.9956019, 17.8597826 ], [ 80.9956669, 17.8685877 ], [ 80.9965511, 17.8717529 ], [ 80.9941676, 17.8809045 ], [ 80.9966563, 17.8873659 ], [ 80.9974044, 17.8967584 ], [ 80.9993356, 17.9032868 ], [ 80.9983402, 17.9167865 ], [ 80.9947313, 17.9249045 ], [ 80.9938077, 17.9288096 ], [ 80.9907184, 17.9347006 ], [ 80.9878431, 17.9444456 ], [ 80.9858095, 17.9545851 ], [ 80.9791957, 18.0044493 ], [ 80.9727291, 18.0248325 ], [ 80.9695359, 18.0317458 ], [ 80.9666097, 18.0344895 ], [ 80.9642599, 18.0381407 ], [ 80.9665047, 18.0414103 ], [ 80.9697597, 18.0438483 ], [ 80.9690527, 18.0464281 ], [ 80.9624447, 18.0629835 ], [ 80.9534356, 18.078627 ], [ 80.9492572, 18.0828616 ], [ 80.9500009, 18.0878802 ], [ 80.951778, 18.0901203 ], [ 80.9539787, 18.1203279 ], [ 80.9555134, 18.1290551 ], [ 80.9787388, 18.1508002 ], [ 80.9787953, 18.16511 ], [ 81.0045231, 18.1697812 ], [ 81.008493, 18.169508 ], [ 81.0094062, 18.1677197 ], [ 81.0075051, 18.1628487 ], [ 81.008248, 18.1613312 ], [ 81.0104743, 18.1605692 ], [ 81.0117776, 18.1619251 ], [ 81.0126003, 18.1612074 ], [ 81.0146177, 18.1618455 ], [ 81.0162628, 18.1610649 ], [ 81.0183701, 18.1615043 ], [ 81.0261418, 18.1565392 ], [ 81.0336789, 18.1563351 ], [ 81.0347535, 18.1619282 ], [ 81.0402102, 18.16484 ], [ 81.0428231, 18.1654058 ], [ 81.045889, 18.1679821 ], [ 81.0517291, 18.1701753 ], [ 81.0578821, 18.1702408 ], [ 81.0599564, 18.1711631 ], [ 81.0607642, 18.1721391 ], [ 81.0607777, 18.1739686 ], [ 81.0644201, 18.1775974 ], [ 81.0656286, 18.1819165 ], [ 81.0727918, 18.1870865 ], [ 81.0754186, 18.1907825 ], [ 81.0761176, 18.1923306 ], [ 81.0732247, 18.1937635 ], [ 81.0713097, 18.1962205 ], [ 81.0685536, 18.1980131 ], [ 81.0678556, 18.2080191 ], [ 81.0681741, 18.216905 ], [ 81.0713495, 18.2207458 ], [ 81.0738736, 18.2217539 ], [ 81.0736461, 18.2314797 ], [ 81.0660307, 18.2351063 ], [ 81.0640352, 18.2386908 ], [ 81.0664367, 18.2395088 ], [ 81.0665865, 18.2403059 ], [ 81.0635043, 18.243398 ], [ 81.0607578, 18.2495314 ], [ 81.054144, 18.2526699 ], [ 81.048229, 18.25302 ], [ 81.0445118, 18.2551733 ], [ 81.0520529, 18.2671114 ], [ 81.0527644, 18.2731559 ], [ 81.0574286, 18.2809005 ], [ 81.0577478, 18.2870217 ], [ 81.0570505, 18.2925463 ], [ 81.0598968, 18.2943407 ], [ 81.0646539, 18.2954129 ], [ 81.0652066, 18.2974142 ], [ 81.0624329, 18.303688 ], [ 81.0568558, 18.3067038 ], [ 81.0571056, 18.3089987 ], [ 81.0598429, 18.3118456 ], [ 81.0590144, 18.3140453 ], [ 81.0540036, 18.3191979 ], [ 81.0503895, 18.3204298 ], [ 81.0480521, 18.3223172 ], [ 81.0478314, 18.3293552 ], [ 81.0472255, 18.3302991 ], [ 81.0447847, 18.3304426 ], [ 81.0426441, 18.3360749 ], [ 81.0429598, 18.3385189 ], [ 81.0404464, 18.3417117 ], [ 81.0353372, 18.3423056 ], [ 81.032121, 18.3412741 ], [ 81.0291833, 18.3414217 ], [ 81.0255572, 18.3377653 ], [ 81.0244882, 18.3376293 ], [ 81.0210484, 18.3391227 ], [ 81.0155754, 18.3388395 ], [ 81.0133036, 18.3407897 ], [ 81.0084732, 18.3417355 ], [ 81.003622, 18.345378 ], [ 80.9984007, 18.3457737 ], [ 80.9944629, 18.3483381 ], [ 80.9884398, 18.346711 ], [ 80.9804599, 18.3476913 ], [ 80.9692627, 18.356732 ], [ 80.9661854, 18.3615807 ], [ 80.9636975, 18.3627067 ], [ 80.96323, 18.3643422 ], [ 80.9584632, 18.3688121 ], [ 80.9538924, 18.367906 ], [ 80.952278, 18.3655577 ], [ 80.9499224, 18.3665073 ], [ 80.9485351, 18.3640368 ], [ 80.9460794, 18.3631388 ], [ 80.9451325, 18.3617433 ], [ 80.9381686, 18.3620935 ], [ 80.9359638, 18.3615296 ], [ 80.9331966, 18.362949 ], [ 80.9320951, 18.3652125 ], [ 80.933231, 18.3665629 ], [ 80.9321387, 18.3685011 ], [ 80.9317944, 18.3715008 ], [ 80.9302567, 18.3717181 ], [ 80.929931, 18.3737781 ], [ 80.9269644, 18.3736343 ], [ 80.9274002, 18.3756761 ], [ 80.926265, 18.3767561 ], [ 80.9252193, 18.3763226 ], [ 80.9240225, 18.3770277 ], [ 80.9241978, 18.3779266 ], [ 80.9228212, 18.3790066 ], [ 80.9193625, 18.3788946 ], [ 80.9175972, 18.3774584 ], [ 80.9149573, 18.3779559 ], [ 80.9121088, 18.3772699 ], [ 80.9114891, 18.3781463 ], [ 80.9164163, 18.3852285 ], [ 80.9209645, 18.3894829 ], [ 80.9234071, 18.3929696 ], [ 80.925792, 18.3931678 ], [ 80.928522, 18.3921959 ], [ 80.9313897, 18.3928591 ], [ 80.936038, 18.3974111 ], [ 80.9382829, 18.4028719 ], [ 80.9390165, 18.4030569 ], [ 80.940175, 18.4006577 ], [ 80.9416467, 18.4007611 ], [ 80.943553, 18.3989309 ], [ 80.9447887, 18.4005296 ], [ 80.9469511, 18.4001313 ], [ 80.9482394, 18.4028683 ], [ 80.9494692, 18.4015894 ], [ 80.9514188, 18.4017557 ], [ 80.9553006, 18.4047176 ], [ 80.9563805, 18.4069984 ], [ 80.9562915, 18.4088866 ], [ 80.9571343, 18.4095503 ], [ 80.959751, 18.4092194 ], [ 80.9610067, 18.4123132 ], [ 80.9598955, 18.4143059 ], [ 80.9610508, 18.4154618 ], [ 80.9648423, 18.4171405 ], [ 80.9668483, 18.4159741 ], [ 80.9712133, 18.4189353 ], [ 80.9755954, 18.4184858 ], [ 80.977025, 18.419113 ], [ 80.9956467, 18.4379709 ], [ 80.9999438, 18.4411439 ], [ 81.0042024, 18.4497115 ], [ 81.0096807, 18.4542593 ], [ 81.0190507, 18.4657885 ], [ 81.022104, 18.4659437 ], [ 81.0207533, 18.4764051 ], [ 81.0220678, 18.4869313 ], [ 81.0242819, 18.4897106 ], [ 81.0331932, 18.4968389 ], [ 81.0253247, 18.5205035 ], [ 81.030163, 18.5311849 ], [ 81.0336564, 18.534186 ], [ 81.0358014, 18.5346886 ], [ 81.0491287, 18.5325395 ], [ 81.0522728, 18.5336069 ], [ 81.0546498, 18.5345293 ], [ 81.0591849, 18.5387365 ], [ 81.066567, 18.5413534 ], [ 81.0748485, 18.548056 ], [ 81.0786797, 18.5490237 ], [ 81.0904254, 18.5486241 ], [ 81.1111465, 18.5425238 ], [ 81.1184824, 18.5419822 ], [ 81.1244071, 18.5394887 ], [ 81.1439657, 18.5340398 ], [ 81.1574336, 18.5314405 ], [ 81.1708099, 18.5421031 ], [ 81.169348, 18.5475964 ], [ 81.1654419, 18.5524895 ], [ 81.1788523, 18.5444499 ], [ 81.1995133, 18.5284471 ], [ 81.2096628, 18.521328 ], [ 81.2149273, 18.518841 ], [ 81.2185239, 18.5149409 ], [ 81.2198688, 18.5150711 ], [ 81.2225089, 18.5278087 ], [ 81.2318692, 18.5248944 ], [ 81.2416099, 18.5246448 ], [ 81.2470966, 18.5229096 ], [ 81.249675, 18.5231325 ], [ 81.2525483, 18.5246522 ], [ 81.2555323, 18.5237732 ], [ 81.2516486, 18.5179208 ], [ 81.2511261, 18.5136742 ], [ 81.2532454, 18.5097952 ], [ 81.2574861, 18.5055832 ], [ 81.257448, 18.5000422 ], [ 81.2589153, 18.4955356 ], [ 81.2584679, 18.4790657 ], [ 81.2592525, 18.4781675 ], [ 81.2686485, 18.4781729 ], [ 81.2752665, 18.4751925 ], [ 81.275938, 18.4745151 ], [ 81.274811, 18.4730228 ], [ 81.2685153, 18.4686496 ], [ 81.2811808, 18.4671553 ], [ 81.2877432, 18.4571681 ], [ 81.2894551, 18.4583133 ], [ 81.2913366, 18.4629209 ], [ 81.2923203, 18.4614835 ], [ 81.2997503, 18.4565384 ], [ 81.3016257, 18.453913 ], [ 81.3004395, 18.4503282 ], [ 81.300732, 18.4470924 ], [ 81.3043896, 18.4410824 ], [ 81.3055619, 18.4369887 ], [ 81.3085163, 18.4388507 ], [ 81.3197769, 18.4368605 ], [ 81.3275697, 18.4389966 ], [ 81.32766, 18.4362476 ], [ 81.3297296, 18.4324078 ], [ 81.3283452, 18.4270176 ], [ 81.3335334, 18.4177508 ], [ 81.3509203, 18.4153151 ], [ 81.3543209, 18.4138113 ], [ 81.3571905, 18.415 ], [ 81.3579604, 18.4175913 ], [ 81.358966, 18.4183298 ], [ 81.3650638, 18.4184235 ], [ 81.3702971, 18.417216 ], [ 81.3817196, 18.4117104 ], [ 81.3846303, 18.4092716 ], [ 81.4023534, 18.4007797 ], [ 81.4061253, 18.3984072 ], [ 81.4097929, 18.3926298 ], [ 81.4131403, 18.3964486 ], [ 81.4163352, 18.3983731 ], [ 81.428057, 18.40198 ], [ 81.4333977, 18.41158 ], [ 81.4339122, 18.4140892 ], [ 81.4294377, 18.4211409 ], [ 81.4222082, 18.4254117 ], [ 81.4181802, 18.4259962 ], [ 81.4152878, 18.4244323 ], [ 81.3935085, 18.42081 ], [ 81.3858187, 18.4225442 ], [ 81.3801118, 18.4266872 ], [ 81.3735126, 18.4278884 ], [ 81.3701784, 18.4298057 ], [ 81.3696645, 18.431824 ], [ 81.3733927, 18.4389405 ], [ 81.3768067, 18.4494861 ], [ 81.3793877, 18.4541294 ], [ 81.3800025, 18.4607305 ], [ 81.383101, 18.4663372 ], [ 81.3826502, 18.4727867 ], [ 81.3841891, 18.4759309 ], [ 81.3840242, 18.478933 ], [ 81.3822296, 18.4796136 ], [ 81.3813627, 18.478968 ], [ 81.3757418, 18.4830579 ], [ 81.3775927, 18.4859572 ], [ 81.3772072, 18.4885823 ], [ 81.3835224, 18.4904302 ], [ 81.3867625, 18.4937379 ], [ 81.3905261, 18.4931136 ], [ 81.3941597, 18.4936211 ], [ 81.3997346, 18.4886729 ], [ 81.4006748, 18.4850891 ], [ 81.4098118, 18.4843232 ], [ 81.4138077, 18.4810265 ], [ 81.4176323, 18.4797372 ], [ 81.4234248, 18.4798153 ], [ 81.4313483, 18.4863703 ], [ 81.4322496, 18.4885152 ], [ 81.4314864, 18.4903877 ], [ 81.432786, 18.4928898 ], [ 81.4372939, 18.4962322 ], [ 81.4431532, 18.4980533 ], [ 81.4408232, 18.5058744 ], [ 81.4366271, 18.5032377 ], [ 81.4309414, 18.5060583 ], [ 81.4279688, 18.5089818 ], [ 81.4272312, 18.5127586 ], [ 81.4261284, 18.5142224 ], [ 81.4184476, 18.5126568 ], [ 81.4141673, 18.5141214 ], [ 81.4140491, 18.5147403 ], [ 81.4259954, 18.528863 ], [ 81.4286763, 18.5305337 ], [ 81.4316756, 18.5352761 ], [ 81.4352941, 18.536481 ], [ 81.436578, 18.5380617 ], [ 81.4408646, 18.5395329 ], [ 81.4414806, 18.5404994 ], [ 81.4403894, 18.5478313 ], [ 81.4376968, 18.5537363 ], [ 81.4237583, 18.5552764 ], [ 81.42062, 18.5622067 ], [ 81.4191633, 18.5703111 ], [ 81.4161324, 18.572855 ], [ 81.418322, 18.5773582 ], [ 81.4261457, 18.5875653 ], [ 81.4281023, 18.5879261 ], [ 81.4343191, 18.5927442 ], [ 81.4410067, 18.5885409 ], [ 81.4399723, 18.5842318 ], [ 81.4422025, 18.5817013 ], [ 81.4458686, 18.5807514 ], [ 81.4457986, 18.5833398 ], [ 81.4470743, 18.5866685 ], [ 81.4466545, 18.5909872 ], [ 81.4433128, 18.5980399 ], [ 81.4457653, 18.6056461 ], [ 81.4528264, 18.6100702 ], [ 81.4585663, 18.6150503 ], [ 81.4818302, 18.6233773 ], [ 81.4870285, 18.6240157 ], [ 81.4977177, 18.6219976 ], [ 81.4979013, 18.618013 ], [ 81.4994649, 18.6141546 ], [ 81.5217317, 18.6044142 ], [ 81.5290735, 18.6035117 ], [ 81.5435228, 18.6064968 ], [ 81.5435396, 18.6036261 ], [ 81.5486576, 18.59522 ], [ 81.5495513, 18.5904173 ], [ 81.5524565, 18.5834058 ], [ 81.5400375, 18.5678563 ], [ 81.5451288, 18.5697259 ], [ 81.5483952, 18.569474 ], [ 81.5510949, 18.5670776 ], [ 81.5520887, 18.5630347 ], [ 81.5549819, 18.5594228 ], [ 81.5565773, 18.5596854 ], [ 81.5707309, 18.5756635 ], [ 81.576367, 18.5857082 ], [ 81.5785006, 18.591337 ], [ 81.5796637, 18.6003593 ], [ 81.5768699, 18.6038095 ], [ 81.5669733, 18.604752 ], [ 81.5477784, 18.6128891 ], [ 81.5461232, 18.6160847 ], [ 81.5451152, 18.6209596 ], [ 81.5456356, 18.6306858 ], [ 81.5422499, 18.632271 ], [ 81.54516, 18.6423485 ], [ 81.5479783, 18.643976 ], [ 81.553552, 18.6453768 ], [ 81.5535783, 18.6542203 ], [ 81.5563225, 18.657692 ], [ 81.5549753, 18.6601971 ], [ 81.5522544, 18.6621192 ], [ 81.5522602, 18.6634936 ], [ 81.5502086, 18.6647124 ], [ 81.5495308, 18.6667721 ], [ 81.5477445, 18.6672185 ], [ 81.5468525, 18.6687484 ], [ 81.544929, 18.6698727 ], [ 81.5423519, 18.6740331 ], [ 81.5422971, 18.6769401 ], [ 81.5456338, 18.6907001 ], [ 81.5456369, 18.6948101 ], [ 81.5468976, 18.6964553 ], [ 81.548124, 18.6967802 ], [ 81.55477, 18.6935229 ], [ 81.5598748, 18.7071304 ], [ 81.5613089, 18.7085833 ], [ 81.5697461, 18.712914 ], [ 81.5722115, 18.7252324 ], [ 81.570415, 18.7339603 ], [ 81.5689314, 18.7365547 ], [ 81.5687558, 18.7396984 ], [ 81.5824896, 18.7394135 ], [ 81.5913868, 18.7354235 ], [ 81.5978234, 18.7342065 ], [ 81.6017802, 18.7363502 ], [ 81.6120487, 18.7499377 ], [ 81.6139923, 18.7506908 ], [ 81.6169294, 18.7494851 ], [ 81.6216495, 18.744375 ], [ 81.6294868, 18.7333252 ], [ 81.6293905, 18.726075 ], [ 81.6278094, 18.7196312 ], [ 81.6255017, 18.7142703 ], [ 81.6251358, 18.7107871 ], [ 81.6236541, 18.7087701 ], [ 81.6637359, 18.6972305 ], [ 81.6609447, 18.6854015 ], [ 81.6601946, 18.6758747 ], [ 81.6587473, 18.6724444 ], [ 81.6570763, 18.6596238 ], [ 81.6706023, 18.6599492 ], [ 81.6727452, 18.659139 ], [ 81.6798119, 18.6649474 ], [ 81.6874062, 18.6695682 ], [ 81.6934717, 18.6716801 ], [ 81.6970247, 18.6748008 ], [ 81.7015698, 18.6756098 ], [ 81.7055551, 18.6774298 ], [ 81.7185002, 18.6873168 ], [ 81.7202413, 18.684342 ], [ 81.7280136, 18.6763682 ], [ 81.7321669, 18.6732373 ], [ 81.7445965, 18.6666039 ], [ 81.7602222, 18.6608491 ], [ 81.7665751, 18.6647468 ], [ 81.7732449, 18.670266 ], [ 81.768091, 18.6811362 ], [ 81.7581937, 18.6888232 ], [ 81.7483101, 18.6943268 ], [ 81.7362422, 18.6958845 ], [ 81.7294331, 18.6984362 ], [ 81.7295161, 18.6989717 ], [ 81.7483099, 18.7127197 ], [ 81.7547796, 18.7255673 ], [ 81.756291, 18.7301822 ], [ 81.7568891, 18.7385208 ], [ 81.7635029, 18.7392114 ], [ 81.7671624, 18.7404829 ], [ 81.7689209, 18.7414732 ], [ 81.7728204, 18.7459745 ], [ 81.7719856, 18.7530592 ], [ 81.7724578, 18.7563118 ], [ 81.7771857, 18.7559981 ], [ 81.7843376, 18.7536708 ], [ 81.7849257, 18.7625248 ], [ 81.7859402, 18.7630629 ], [ 81.7901041, 18.7622563 ], [ 81.7915753, 18.769778 ], [ 81.8024698, 18.7773307 ], [ 81.8036369, 18.776098 ], [ 81.8021911, 18.7746294 ], [ 81.8022345, 18.7729399 ], [ 81.8046916, 18.7715135 ] ] ] ] } },
{ "type": "Feature", "properties": { "dtname": "Kondagaon", "stname": "CHHATTISGARH", "dist_lgd": 643, "year_stat": "update2014" }, "geometry": { "type": "Polygon", "coordinates": [ [ [ 81.6094694, 20.1684789 ], [ 81.6118347, 20.1626644 ], [ 81.6114141, 20.1592273 ], [ 81.6121794, 20.1581389 ], [ 81.6201955, 20.1559533 ], [ 81.6238017, 20.1520194 ], [ 81.6322188, 20.147155 ], [ 81.6422089, 20.1421951 ], [ 81.6796459, 20.1298315 ], [ 81.6951116, 20.1331444 ], [ 81.699516, 20.1333774 ], [ 81.7088772, 20.1383277 ], [ 81.7189396, 20.1395421 ], [ 81.7238051, 20.1426197 ], [ 81.7249933, 20.1459658 ], [ 81.7244986, 20.1500626 ], [ 81.7273697, 20.152685 ], [ 81.7297645, 20.1576697 ], [ 81.7377381, 20.158681 ], [ 81.74313, 20.1608319 ], [ 81.7467384, 20.1635528 ], [ 81.7587365, 20.1626325 ], [ 81.7671346, 20.1568025 ], [ 81.7713955, 20.1576135 ], [ 81.7754447, 20.1567848 ], [ 81.7881993, 20.1586613 ], [ 81.80018, 20.1592472 ], [ 81.806669, 20.1622533 ], [ 81.8142121, 20.1672987 ], [ 81.8209126, 20.1692904 ], [ 81.825698, 20.1694272 ], [ 81.829628, 20.1672762 ], [ 81.8336436, 20.1663942 ], [ 81.840615, 20.1663166 ], [ 81.8461876, 20.1642942 ], [ 81.8453205, 20.1587952 ], [ 81.8469988, 20.1343295 ], [ 81.8459479, 20.1284715 ], [ 81.8468665, 20.1254952 ], [ 81.8454295, 20.1128126 ], [ 81.8543601, 20.1025207 ], [ 81.8577244, 20.0960241 ], [ 81.8661438, 20.0911445 ], [ 81.8679558, 20.088543 ], [ 81.8678652, 20.0827438 ], [ 81.8703394, 20.0733765 ], [ 81.8713841, 20.058901 ], [ 81.869998, 20.057607 ], [ 81.8692382, 20.0551161 ], [ 81.8759661, 20.0520435 ], [ 81.8694282, 20.0412629 ], [ 81.8688217, 20.0319114 ], [ 81.8650275, 20.0267036 ], [ 81.8665361, 20.0110537 ], [ 81.865024, 20.0085401 ], [ 81.86215, 20.0064443 ], [ 81.8605735, 20.0035106 ], [ 81.8563067, 19.9829394 ], [ 81.8553575, 19.9722801 ], [ 81.8452752, 19.9595329 ], [ 81.8450129, 19.9518805 ], [ 81.856802, 19.9475387 ], [ 81.8540087, 19.9304584 ], [ 81.8518082, 19.9231479 ], [ 81.8531556, 19.918478 ], [ 81.8696511, 19.9025356 ], [ 81.87328, 19.9014245 ], [ 81.8996768, 19.8871978 ], [ 81.906258, 19.8843061 ], [ 81.9410621, 19.8728763 ], [ 81.9577272, 19.8650421 ], [ 81.9576099, 19.8638886 ], [ 81.9681314, 19.8598949 ], [ 81.9653736, 19.8369043 ], [ 81.9825879, 19.8088104 ], [ 81.986558, 19.8042797 ], [ 81.9859495, 19.8010893 ], [ 81.9919062, 19.7995882 ], [ 81.9953686, 19.7968217 ], [ 82.003684, 19.8025725 ], [ 82.0098879, 19.8042171 ], [ 82.0310507, 19.7978064 ], [ 82.0387247, 19.7966451 ], [ 82.0486836, 19.7969567 ], [ 82.0508874, 19.7933489 ], [ 82.0529804, 19.7922883 ], [ 82.0563991, 19.7930168 ], [ 82.0563648, 19.7948506 ], [ 82.0602223, 19.7963742 ], [ 82.0623927, 19.7925403 ], [ 82.0655475, 19.7906579 ], [ 82.0662302, 19.7831536 ], [ 82.0619629, 19.7691458 ], [ 82.0604659, 19.7666341 ], [ 82.0610559, 19.7646469 ], [ 82.0638291, 19.761057 ], [ 82.0636129, 19.7590155 ], [ 82.0632006, 19.7577777 ], [ 82.0559847, 19.7529671 ], [ 82.0556387, 19.7499766 ], [ 82.0520464, 19.7481601 ], [ 82.0504007, 19.7458054 ], [ 82.0497911, 19.7404783 ], [ 82.0509426, 19.736416 ], [ 82.0492408, 19.7287188 ], [ 82.0510222, 19.7190899 ], [ 82.0502626, 19.7165827 ], [ 82.0447506, 19.7088771 ], [ 82.0445022, 19.7046267 ], [ 82.0445877, 19.7005278 ], [ 82.049102, 19.6849313 ], [ 82.0518651, 19.6804676 ], [ 82.0553176, 19.6656786 ], [ 82.0536195, 19.6653937 ], [ 82.0519407, 19.660953 ], [ 82.0525476, 19.6579496 ], [ 82.0533966, 19.6574689 ], [ 82.0542449, 19.6579977 ], [ 82.0555099, 19.6544639 ], [ 82.053513, 19.652801 ], [ 82.0538646, 19.650344 ], [ 82.0521509, 19.6494579 ], [ 82.0519235, 19.6465717 ], [ 82.054714, 19.6428261 ], [ 82.0547342, 19.6405023 ], [ 82.0570062, 19.6395117 ], [ 82.0576395, 19.6355168 ], [ 82.0564608, 19.6331157 ], [ 82.0590179, 19.6281754 ], [ 82.0561039, 19.6258255 ], [ 82.0557118, 19.6231041 ], [ 82.0506144, 19.6167718 ], [ 82.0513706, 19.614963 ], [ 82.0503137, 19.6124694 ], [ 82.0512657, 19.6099223 ], [ 82.050716, 19.6083525 ], [ 82.0462694, 19.6072846 ], [ 82.0442782, 19.6052828 ], [ 82.0398829, 19.5976361 ], [ 82.0404818, 19.591638 ], [ 82.0433689, 19.5890017 ], [ 82.0429747, 19.5863682 ], [ 82.0446086, 19.5819454 ], [ 82.0465118, 19.5795697 ], [ 82.0487546, 19.5782676 ], [ 82.0487703, 19.5753272 ], [ 82.0498717, 19.5738416 ], [ 82.0482787, 19.571788 ], [ 82.0481444, 19.5687369 ], [ 82.0494931, 19.56841 ], [ 82.0459529, 19.5630108 ], [ 82.0455061, 19.5605286 ], [ 82.0460032, 19.5573062 ], [ 82.0477263, 19.556207 ], [ 82.0487858, 19.5524631 ], [ 82.0503157, 19.5516439 ], [ 82.0497755, 19.5505642 ], [ 82.0505983, 19.5486516 ], [ 82.049793, 19.5436309 ], [ 82.0474912, 19.5396484 ], [ 82.0481971, 19.5382711 ], [ 82.0475043, 19.5370738 ], [ 82.0477229, 19.5334514 ], [ 82.0472585, 19.5330853 ], [ 82.0464698, 19.5339679 ], [ 82.0439411, 19.5317582 ], [ 82.0432584, 19.5298562 ], [ 82.0416531, 19.5294874 ], [ 82.0398758, 19.5301844 ], [ 82.0372899, 19.5282522 ], [ 82.0365226, 19.5200379 ], [ 82.0345493, 19.5177559 ], [ 82.0343175, 19.5148539 ], [ 82.0318454, 19.5145273 ], [ 82.0315592, 19.5110402 ], [ 82.0251319, 19.5033571 ], [ 82.0224579, 19.4986575 ], [ 82.0187582, 19.4968081 ], [ 82.0173577, 19.4970647 ], [ 82.014412, 19.4930656 ], [ 82.0124068, 19.4931411 ], [ 82.0095051, 19.4946163 ], [ 81.9996489, 19.4903324 ], [ 81.9983107, 19.4912708 ], [ 81.9933102, 19.4920285 ], [ 81.9933542, 19.4936229 ], [ 81.9966248, 19.4977085 ], [ 81.9972863, 19.502211 ], [ 81.9963422, 19.5060984 ], [ 82.0002234, 19.515235 ], [ 81.9986725, 19.5294873 ], [ 81.9979736, 19.530756 ], [ 81.9925628, 19.5335223 ], [ 81.9814899, 19.537879 ], [ 81.9696112, 19.5403666 ], [ 81.9519167, 19.5411636 ], [ 81.9475309, 19.5404048 ], [ 81.9364384, 19.5324701 ], [ 81.9269484, 19.5284196 ], [ 81.9192272, 19.527611 ], [ 81.9069887, 19.5281211 ], [ 81.9006393, 19.5300715 ], [ 81.8994603, 19.5460387 ], [ 81.8982896, 19.5499152 ], [ 81.8590457, 19.5523659 ], [ 81.846764, 19.5424444 ], [ 81.8455069, 19.5367693 ], [ 81.8458199, 19.5246392 ], [ 81.8470598, 19.5199243 ], [ 81.8486182, 19.5170005 ], [ 81.8524962, 19.5145349 ], [ 81.8573837, 19.5127107 ], [ 81.8560663, 19.5055889 ], [ 81.8572001, 19.4931733 ], [ 81.855167, 19.4871928 ], [ 81.8572116, 19.4736559 ], [ 81.8504205, 19.4734474 ], [ 81.8501147, 19.4807195 ], [ 81.8474706, 19.485787 ], [ 81.8356078, 19.5008485 ], [ 81.8242921, 19.5105847 ], [ 81.820974, 19.5049049 ], [ 81.8169456, 19.5007578 ], [ 81.8126811, 19.4921924 ], [ 81.8114824, 19.4880952 ], [ 81.8109343, 19.4768481 ], [ 81.8081038, 19.4690193 ], [ 81.796831, 19.4600173 ], [ 81.7943521, 19.4559963 ], [ 81.7914868, 19.453321 ], [ 81.7925998, 19.4464106 ], [ 81.7918219, 19.4308723 ], [ 81.7976157, 19.4119717 ], [ 81.8012685, 19.4085946 ], [ 81.8068717, 19.4084432 ], [ 81.8106709, 19.4074734 ], [ 81.8063841, 19.4020607 ], [ 81.8029956, 19.399828 ], [ 81.8004602, 19.395947 ], [ 81.801452, 19.3921126 ], [ 81.8009297, 19.3890635 ], [ 81.8028013, 19.376295 ], [ 81.7967916, 19.3627463 ], [ 81.7942552, 19.352677 ], [ 81.789847, 19.3553445 ], [ 81.7772921, 19.3568876 ], [ 81.7633746, 19.3530718 ], [ 81.7516933, 19.3570528 ], [ 81.7446944, 19.3651065 ], [ 81.741595, 19.3702849 ], [ 81.7373319, 19.3721485 ], [ 81.7316091, 19.3764385 ], [ 81.7285016, 19.3772579 ], [ 81.7215568, 19.3762409 ], [ 81.7106632, 19.369069 ], [ 81.7032858, 19.3583041 ], [ 81.6904059, 19.365342 ], [ 81.6807829, 19.3656434 ], [ 81.6771323, 19.3649353 ], [ 81.6667003, 19.3657827 ], [ 81.6636617, 19.3529911 ], [ 81.654266, 19.3484989 ], [ 81.6424694, 19.3510389 ], [ 81.6337937, 19.3428595 ], [ 81.6354535, 19.330623 ], [ 81.6295435, 19.3196156 ], [ 81.6303333, 19.3185586 ], [ 81.6311181, 19.3133325 ], [ 81.6278824, 19.2899304 ], [ 81.6287196, 19.2885527 ], [ 81.6403259, 19.2800783 ], [ 81.6490718, 19.2676601 ], [ 81.6567813, 19.2650482 ], [ 81.6637021, 19.2662212 ], [ 81.6756687, 19.2649083 ], [ 81.6738634, 19.2560737 ], [ 81.6740517, 19.2495649 ], [ 81.6707746, 19.2487121 ], [ 81.6570872, 19.2483717 ], [ 81.6507804, 19.2450031 ], [ 81.6402124, 19.2414598 ], [ 81.638101, 19.2376012 ], [ 81.6325178, 19.23336 ], [ 81.6263404, 19.2300718 ], [ 81.6201776, 19.2279353 ], [ 81.614409, 19.2353925 ], [ 81.6117167, 19.245 ], [ 81.615093, 19.2497069 ], [ 81.6142509, 19.2531034 ], [ 81.6092279, 19.2606915 ], [ 81.6083101, 19.2730507 ], [ 81.5927497, 19.2752429 ], [ 81.585985, 19.2781597 ], [ 81.5831158, 19.2817861 ], [ 81.5688925, 19.2830561 ], [ 81.5674805, 19.2811676 ], [ 81.5664827, 19.2777163 ], [ 81.5618238, 19.2706368 ], [ 81.5454758, 19.260666 ], [ 81.5422479, 19.2576879 ], [ 81.5421727, 19.2460254 ], [ 81.5401414, 19.2381016 ], [ 81.5376523, 19.2325672 ], [ 81.5367446, 19.2226565 ], [ 81.5275752, 19.2252175 ], [ 81.5213502, 19.2260137 ], [ 81.5107081, 19.2259532 ], [ 81.506575, 19.2270708 ], [ 81.5029992, 19.2334012 ], [ 81.4999019, 19.2354317 ], [ 81.4975017, 19.2357068 ], [ 81.4950328, 19.2345927 ], [ 81.4907394, 19.2356705 ], [ 81.4888749, 19.2351748 ], [ 81.486204, 19.2376382 ], [ 81.4855595, 19.2409857 ], [ 81.4809055, 19.2437754 ], [ 81.4778287, 19.2440076 ], [ 81.4750388, 19.2468186 ], [ 81.4790045, 19.253271 ], [ 81.4768225, 19.2548125 ], [ 81.4741521, 19.2589289 ], [ 81.4633409, 19.2670424 ], [ 81.4593888, 19.2678392 ], [ 81.4527982, 19.2716635 ], [ 81.4488381, 19.2763718 ], [ 81.445991, 19.2813777 ], [ 81.4371494, 19.284579 ], [ 81.432445, 19.2849193 ], [ 81.4296322, 19.2949613 ], [ 81.4282104, 19.2966601 ], [ 81.420595, 19.299955 ], [ 81.4121607, 19.3022516 ], [ 81.4047924, 19.3075197 ], [ 81.3930655, 19.3115142 ], [ 81.3901827, 19.315146 ], [ 81.3835364, 19.3205172 ], [ 81.3775128, 19.3197088 ], [ 81.3760426, 19.3184803 ], [ 81.3740538, 19.3139904 ], [ 81.3725409, 19.3124772 ], [ 81.3707988, 19.3127598 ], [ 81.3635605, 19.3159495 ], [ 81.362246, 19.3208439 ], [ 81.3581255, 19.3233197 ], [ 81.3577905, 19.3247332 ], [ 81.3558695, 19.3261271 ], [ 81.3592154, 19.3310833 ], [ 81.3618545, 19.3303986 ], [ 81.3639823, 19.3326142 ], [ 81.3693244, 19.3330686 ], [ 81.3697882, 19.3305482 ], [ 81.373237, 19.330795 ], [ 81.3752253, 19.3294368 ], [ 81.3794259, 19.3309875 ], [ 81.383288, 19.3295309 ], [ 81.3841282, 19.3347199 ], [ 81.38622, 19.3360866 ], [ 81.3881072, 19.3364981 ], [ 81.3960403, 19.3355684 ], [ 81.39868, 19.3340296 ], [ 81.3988859, 19.3359496 ], [ 81.3964106, 19.3431116 ], [ 81.3933629, 19.3489499 ], [ 81.3933832, 19.3520124 ], [ 81.3917741, 19.3550975 ], [ 81.392488, 19.3554022 ], [ 81.390156, 19.3641821 ], [ 81.3822375, 19.3622969 ], [ 81.3784398, 19.3629931 ], [ 81.3771786, 19.3635818 ], [ 81.373474, 19.3686171 ], [ 81.3672696, 19.3719374 ], [ 81.3653828, 19.3745119 ], [ 81.3682927, 19.3773289 ], [ 81.3700126, 19.3825579 ], [ 81.3776016, 19.3872358 ], [ 81.377418, 19.3911025 ], [ 81.3756024, 19.3961565 ], [ 81.3766022, 19.4029372 ], [ 81.3758384, 19.4042118 ], [ 81.373038, 19.4056527 ], [ 81.3725297, 19.4094663 ], [ 81.3758538, 19.4103457 ], [ 81.3798549, 19.4142391 ], [ 81.3835174, 19.4150684 ], [ 81.3878049, 19.414681 ], [ 81.3891935, 19.4139145 ], [ 81.3915666, 19.4100605 ], [ 81.3919611, 19.408924 ], [ 81.389099, 19.4008004 ], [ 81.3898191, 19.3964807 ], [ 81.3875675, 19.3919479 ], [ 81.3881571, 19.3831174 ], [ 81.3893499, 19.3811048 ], [ 81.3962406, 19.3758337 ], [ 81.400725, 19.3746726 ], [ 81.4034948, 19.3686139 ], [ 81.4051777, 19.3667652 ], [ 81.4162868, 19.3637268 ], [ 81.4200315, 19.3658628 ], [ 81.4281058, 19.3659605 ], [ 81.4327499, 19.3719175 ], [ 81.4330398, 19.373541 ], [ 81.4365741, 19.3745769 ], [ 81.4385468, 19.3747511 ], [ 81.4403876, 19.3738512 ], [ 81.4449222, 19.3742859 ], [ 81.4492368, 19.3766321 ], [ 81.4573744, 19.3765399 ], [ 81.4609775, 19.3759638 ], [ 81.4613442, 19.3730911 ], [ 81.4635265, 19.3717912 ], [ 81.4668276, 19.3753738 ], [ 81.469168, 19.3744984 ], [ 81.4715631, 19.3771698 ], [ 81.4708656, 19.3809036 ], [ 81.4717084, 19.3896248 ], [ 81.4702892, 19.3916488 ], [ 81.4671602, 19.3938735 ], [ 81.4700025, 19.3999915 ], [ 81.4718976, 19.4018639 ], [ 81.47074, 19.4017146 ], [ 81.469925, 19.4025143 ], [ 81.4672566, 19.4101725 ], [ 81.4650611, 19.4233371 ], [ 81.4676732, 19.4305183 ], [ 81.4654306, 19.4335492 ], [ 81.4648265, 19.4359974 ], [ 81.4679091, 19.4513797 ], [ 81.4759862, 19.4722369 ], [ 81.4431389, 19.4744657 ], [ 81.4267571, 19.480347 ], [ 81.4243968, 19.4824787 ], [ 81.4215409, 19.4937128 ], [ 81.4265081, 19.5008477 ], [ 81.4334392, 19.5036258 ], [ 81.4476333, 19.5122101 ], [ 81.4491069, 19.5158996 ], [ 81.4485756, 19.5195462 ], [ 81.4495673, 19.5250299 ], [ 81.4490309, 19.5286779 ], [ 81.4429442, 19.5280099 ], [ 81.4397344, 19.5357344 ], [ 81.4438783, 19.5523071 ], [ 81.4469107, 19.5548249 ], [ 81.4484465, 19.5587584 ], [ 81.4611315, 19.569003 ], [ 81.4566307, 19.5816187 ], [ 81.462492, 19.5938749 ], [ 81.4624937, 19.5986619 ], [ 81.4585606, 19.6053837 ], [ 81.4642295, 19.6159618 ], [ 81.4641386, 19.6189584 ], [ 81.4605839, 19.6249573 ], [ 81.4550975, 19.6276035 ], [ 81.4541019, 19.634242 ], [ 81.4548503, 19.6370172 ], [ 81.4636461, 19.6389976 ], [ 81.4736289, 19.6465259 ], [ 81.4816659, 19.645882 ], [ 81.4889739, 19.6441644 ], [ 81.4916179, 19.6472333 ], [ 81.4905748, 19.6484121 ], [ 81.4983318, 19.6491676 ], [ 81.5090857, 19.6515145 ], [ 81.5167395, 19.6630776 ], [ 81.4983325, 19.6604549 ], [ 81.4811422, 19.6640697 ], [ 81.4769221, 19.6642012 ], [ 81.4744292, 19.6676649 ], [ 81.4747349, 19.6695976 ], [ 81.4762462, 19.6717009 ], [ 81.4684094, 19.6728687 ], [ 81.4674141, 19.6716965 ], [ 81.466141, 19.6715728 ], [ 81.4600823, 19.6755813 ], [ 81.451456, 19.6761898 ], [ 81.446522, 19.679327 ], [ 81.4460576, 19.6815977 ], [ 81.4469065, 19.6873379 ], [ 81.4491652, 19.693634 ], [ 81.4494882, 19.6993218 ], [ 81.451384, 19.7029675 ], [ 81.4374685, 19.7100157 ], [ 81.4368809, 19.7140408 ], [ 81.4307339, 19.7184833 ], [ 81.4192774, 19.7226497 ], [ 81.4159742, 19.7220601 ], [ 81.410143, 19.7234626 ], [ 81.3987935, 19.7279578 ], [ 81.3857199, 19.7241226 ], [ 81.3829822, 19.7242795 ], [ 81.3735215, 19.7300219 ], [ 81.3707695, 19.7427051 ], [ 81.3752563, 19.7482428 ], [ 81.3821031, 19.7548026 ], [ 81.3806551, 19.7614649 ], [ 81.3769648, 19.7674974 ], [ 81.3789966, 19.7715816 ], [ 81.3748366, 19.775009 ], [ 81.3730629, 19.7776143 ], [ 81.3744855, 19.7817609 ], [ 81.3779889, 19.7856949 ], [ 81.3719408, 19.7932733 ], [ 81.3701738, 19.7975677 ], [ 81.3715168, 19.8009126 ], [ 81.3746134, 19.8046512 ], [ 81.3757564, 19.8094855 ], [ 81.3787684, 19.8150792 ], [ 81.3903949, 19.8273329 ], [ 81.3960833, 19.8361159 ], [ 81.3879636, 19.8414718 ], [ 81.3870529, 19.843187 ], [ 81.3839168, 19.844198 ], [ 81.3815116, 19.8469412 ], [ 81.3799407, 19.847616 ], [ 81.3773086, 19.8536089 ], [ 81.3803351, 19.8564056 ], [ 81.3799878, 19.8596582 ], [ 81.3882467, 19.8649472 ], [ 81.3967201, 19.8676502 ], [ 81.4024347, 19.8676694 ], [ 81.4046416, 19.8733934 ], [ 81.4042147, 19.8767902 ], [ 81.4058181, 19.8806798 ], [ 81.4027123, 19.8830867 ], [ 81.3997057, 19.8888422 ], [ 81.3974529, 19.8908282 ], [ 81.3943111, 19.8931475 ], [ 81.3907143, 19.8938351 ], [ 81.385055, 19.8963799 ], [ 81.3804777, 19.9010971 ], [ 81.3762666, 19.9070627 ], [ 81.3747049, 19.9079747 ], [ 81.3629712, 19.9135233 ], [ 81.3488652, 19.913148 ], [ 81.3490905, 19.9218804 ], [ 81.3440477, 19.9309804 ], [ 81.3308831, 19.93621 ], [ 81.3264931, 19.9389259 ], [ 81.3315404, 19.9484072 ], [ 81.3294559, 19.9593428 ], [ 81.3306274, 19.9648751 ], [ 81.3202066, 19.9695546 ], [ 81.3121714, 19.9719868 ], [ 81.3091401, 19.9750773 ], [ 81.301905, 19.9759828 ], [ 81.3031317, 19.9782434 ], [ 81.3021061, 19.9803506 ], [ 81.3022093, 19.9859239 ], [ 81.3011312, 19.9885447 ], [ 81.3021711, 19.9937783 ], [ 81.3020058, 20.000798 ], [ 81.291894, 20.0100888 ], [ 81.2944798, 20.0122871 ], [ 81.2916529, 20.0213967 ], [ 81.3109151, 20.0221335 ], [ 81.3116026, 20.0253149 ], [ 81.322433, 20.0301436 ], [ 81.3331901, 20.0368244 ], [ 81.3420758, 20.0386542 ], [ 81.3480284, 20.0388156 ], [ 81.3557475, 20.0357472 ], [ 81.3590531, 20.0476643 ], [ 81.3679367, 20.0466718 ], [ 81.3759689, 20.0485112 ], [ 81.3883453, 20.0485407 ], [ 81.3877649, 20.0559763 ], [ 81.390419, 20.0595634 ], [ 81.3954245, 20.069931 ], [ 81.3976707, 20.0720759 ], [ 81.4010812, 20.0725084 ], [ 81.4050883, 20.0808776 ], [ 81.4056302, 20.0836453 ], [ 81.4042235, 20.0942136 ], [ 81.4020013, 20.09657 ], [ 81.4005533, 20.1000896 ], [ 81.4031407, 20.1064617 ], [ 81.4013015, 20.1166636 ], [ 81.4040677, 20.122245 ], [ 81.4082691, 20.1282489 ], [ 81.4118647, 20.1396995 ], [ 81.4190391, 20.1489684 ], [ 81.41942, 20.1571324 ], [ 81.4330378, 20.1536453 ], [ 81.4461749, 20.1468136 ], [ 81.4509173, 20.1466837 ], [ 81.4552609, 20.1486019 ], [ 81.4602469, 20.1546495 ], [ 81.4835504, 20.1628701 ], [ 81.4862603, 20.1635581 ], [ 81.4901908, 20.1632684 ], [ 81.4938697, 20.1644403 ], [ 81.4970991, 20.1619341 ], [ 81.4987868, 20.1641433 ], [ 81.5005005, 20.1646491 ], [ 81.5109711, 20.1655478 ], [ 81.5171315, 20.167468 ], [ 81.5194768, 20.1691143 ], [ 81.5230611, 20.170098 ], [ 81.5303371, 20.1761883 ], [ 81.5466448, 20.1839772 ], [ 81.5488039, 20.1861371 ], [ 81.5504021, 20.189772 ], [ 81.5541769, 20.1912356 ], [ 81.5578379, 20.1925108 ], [ 81.5728078, 20.1947669 ], [ 81.5847585, 20.1955188 ], [ 81.5892934, 20.187965 ], [ 81.5937831, 20.1841645 ], [ 81.5949777, 20.1798284 ], [ 81.6012357, 20.1737463 ], [ 81.6094694, 20.1684789 ] ], [ [ 81.4767815, 19.728005 ], [ 81.47208, 19.7273429 ], [ 81.4714103, 19.7250739 ], [ 81.4690518, 19.72428 ], [ 81.4645813, 19.7241905 ], [ 81.4608092, 19.7168261 ], [ 81.4583082, 19.7042072 ], [ 81.4570874, 19.7043235 ], [ 81.4547631, 19.7010828 ], [ 81.4724802, 19.6935285 ], [ 81.4770631, 19.6903737 ], [ 81.4852781, 19.6880724 ], [ 81.4849011, 19.6939277 ], [ 81.4878642, 19.6979822 ], [ 81.487448, 19.7023617 ], [ 81.483237, 19.7069618 ], [ 81.4824922, 19.7105376 ], [ 81.4798581, 19.7141646 ], [ 81.4788339, 19.7195751 ], [ 81.4794727, 19.7271006 ], [ 81.4767815, 19.728005 ] ] ] } },
{ "type": "Feature", "properties": { "dtname": "Bastar", "stname": "CHHATTISGARH", "dist_lgd": 374, "year_stat": "2011_c" }, "geometry": { "type": "Polygon", "coordinates": [ [ [ 81.8687239, 18.749819 ], [ 81.866652, 18.7464265 ], [ 81.8570359, 18.7470267 ], [ 81.8540561, 18.7509132 ], [ 81.8488213, 18.7556242 ], [ 81.8500492, 18.7572189 ], [ 81.8527899, 18.7581408 ], [ 81.8538898, 18.7603091 ], [ 81.8525002, 18.7612034 ], [ 81.84589, 18.7605837 ], [ 81.8398668, 18.7645126 ], [ 81.837306, 18.7649593 ], [ 81.8292119, 18.7622969 ], [ 81.8238582, 18.750906 ], [ 81.8243608, 18.7488412 ], [ 81.8274059, 18.7452779 ], [ 81.834097, 18.742524 ], [ 81.8373076, 18.7395478 ], [ 81.8349179, 18.7395925 ], [ 81.8320964, 18.7413581 ], [ 81.8261503, 18.7421924 ], [ 81.8221809, 18.7445493 ], [ 81.8098823, 18.7396516 ], [ 81.8104653, 18.7426665 ], [ 81.8160246, 18.7495932 ], [ 81.8146048, 18.7531726 ], [ 81.8149435, 18.7608609 ], [ 81.820346, 18.7718349 ], [ 81.8177183, 18.7730853 ], [ 81.8124334, 18.7652463 ], [ 81.8100979, 18.7714703 ], [ 81.8080816, 18.7735249 ], [ 81.8051269, 18.7740613 ], [ 81.8050189, 18.7715316 ], [ 81.8025571, 18.7724883 ], [ 81.8021911, 18.7746294 ], [ 81.8036369, 18.776098 ], [ 81.8024698, 18.7773307 ], [ 81.7915753, 18.769778 ], [ 81.7901041, 18.7622563 ], [ 81.7859402, 18.7630629 ], [ 81.7849257, 18.7625248 ], [ 81.7843376, 18.7536708 ], [ 81.7771857, 18.7559981 ], [ 81.7724578, 18.7563118 ], [ 81.7769009, 18.7645446 ], [ 81.7773277, 18.7729783 ], [ 81.77162, 18.7695106 ], [ 81.7682765, 18.7697978 ], [ 81.7599566, 18.772711 ], [ 81.764524, 18.7791914 ], [ 81.7667542, 18.7848166 ], [ 81.7653967, 18.7863516 ], [ 81.7653574, 18.7886373 ], [ 81.7626478, 18.7908672 ], [ 81.7615495, 18.79481 ], [ 81.7549831, 18.7977918 ], [ 81.7576708, 18.8069182 ], [ 81.7573991, 18.8089147 ], [ 81.7538487, 18.8122686 ], [ 81.748373, 18.8146862 ], [ 81.7468551, 18.8162726 ], [ 81.7402297, 18.8181154 ], [ 81.7382728, 18.8215632 ], [ 81.7349005, 18.8221976 ], [ 81.7281055, 18.826818 ], [ 81.723575, 18.8266534 ], [ 81.720374, 18.8285252 ], [ 81.7210912, 18.8301961 ], [ 81.7196415, 18.8335441 ], [ 81.712319, 18.8379836 ], [ 81.7091606, 18.8309879 ], [ 81.7045131, 18.8243949 ], [ 81.7010689, 18.8239989 ], [ 81.6970976, 18.8219316 ], [ 81.6931647, 18.821269 ], [ 81.6906934, 18.8216494 ], [ 81.6873213, 18.8235161 ], [ 81.6856885, 18.8209148 ], [ 81.6809862, 18.8169638 ], [ 81.6792478, 18.809913 ], [ 81.6716146, 18.8063148 ], [ 81.6680185, 18.8035421 ], [ 81.6654618, 18.8031678 ], [ 81.6592443, 18.807221 ], [ 81.6556302, 18.8085045 ], [ 81.6541699, 18.8125205 ], [ 81.6511014, 18.8157327 ], [ 81.6501198, 18.8178965 ], [ 81.6425209, 18.8220938 ], [ 81.6418043, 18.8183266 ], [ 81.6383318, 18.8167865 ], [ 81.636866, 18.8148216 ], [ 81.6313301, 18.8123421 ], [ 81.6270705, 18.8135934 ], [ 81.6231714, 18.8235041 ], [ 81.6190773, 18.8268377 ], [ 81.6112591, 18.8311963 ], [ 81.6137116, 18.8335319 ], [ 81.6203153, 18.8339793 ], [ 81.6195655, 18.841121 ], [ 81.6159457, 18.842092 ], [ 81.6107504, 18.8449285 ], [ 81.6080695, 18.8478057 ], [ 81.6057585, 18.8524039 ], [ 81.6021001, 18.8544589 ], [ 81.5906583, 18.8431597 ], [ 81.582194, 18.8448384 ], [ 81.581415, 18.8488268 ], [ 81.5793931, 18.8512747 ], [ 81.5796631, 18.8531584 ], [ 81.5746076, 18.8616629 ], [ 81.5733435, 18.8677922 ], [ 81.5650825, 18.8676995 ], [ 81.5641367, 18.872266 ], [ 81.5626315, 18.8748854 ], [ 81.5614355, 18.8754768 ], [ 81.5561683, 18.8752581 ], [ 81.5555795, 18.8763827 ], [ 81.5567882, 18.8795451 ], [ 81.550386, 18.881336 ], [ 81.5480309, 18.8841899 ], [ 81.5450194, 18.8905713 ], [ 81.5479454, 18.8949361 ], [ 81.5516518, 18.9061897 ], [ 81.5558829, 18.9119416 ], [ 81.538319, 18.917382 ], [ 81.5245508, 18.9234506 ], [ 81.5211781, 18.9199661 ], [ 81.5156364, 18.9165886 ], [ 81.5152917, 18.9138782 ], [ 81.511507, 18.9166493 ], [ 81.5108687, 18.9200323 ], [ 81.5089276, 18.9198052 ], [ 81.5083579, 18.9267838 ], [ 81.5071027, 18.9297282 ], [ 81.5057301, 18.9308747 ], [ 81.4983377, 18.9329072 ], [ 81.4975236, 18.9358879 ], [ 81.4922298, 18.9390167 ], [ 81.4883071, 18.9396164 ], [ 81.4830658, 18.9423071 ], [ 81.4736981, 18.9446528 ], [ 81.465672, 18.9455557 ], [ 81.4632093, 18.9495828 ], [ 81.4638617, 18.9536301 ], [ 81.4632844, 18.9564671 ], [ 81.4646567, 18.959138 ], [ 81.4572075, 18.9662198 ], [ 81.4626048, 18.9685066 ], [ 81.4701775, 18.9687211 ], [ 81.4801423, 18.9713244 ], [ 81.4842227, 18.9737057 ], [ 81.476284, 18.9781876 ], [ 81.4694928, 18.9915029 ], [ 81.470362, 18.9940758 ], [ 81.4681184, 18.9965395 ], [ 81.4688211, 18.9992743 ], [ 81.4681945, 19.0008751 ], [ 81.4714534, 19.0030371 ], [ 81.472372, 19.0064426 ], [ 81.4808616, 19.004238 ], [ 81.4834895, 19.0069739 ], [ 81.4850304, 19.0102162 ], [ 81.4889705, 19.0081133 ], [ 81.4900165, 19.0097614 ], [ 81.4930621, 19.0118012 ], [ 81.4958835, 19.0124769 ], [ 81.5023865, 19.0123696 ], [ 81.509498, 19.0094607 ], [ 81.516771, 19.013282 ], [ 81.5192953, 19.0168881 ], [ 81.5239913, 19.0184084 ], [ 81.5217146, 19.0214923 ], [ 81.5214996, 19.0235429 ], [ 81.5230199, 19.030622 ], [ 81.5246484, 19.031558 ], [ 81.525165, 19.033347 ], [ 81.5293235, 19.0372926 ], [ 81.5126477, 19.0431329 ], [ 81.5026718, 19.0445539 ], [ 81.4983368, 19.0506627 ], [ 81.4970156, 19.0537938 ], [ 81.501581, 19.0616367 ], [ 81.5161626, 19.0654672 ], [ 81.5166319, 19.0668497 ], [ 81.511419, 19.0690103 ], [ 81.510482, 19.0706177 ], [ 81.5061167, 19.0696574 ], [ 81.5041922, 19.0703699 ], [ 81.5001465, 19.0740982 ], [ 81.4973186, 19.0783031 ], [ 81.4933201, 19.0807584 ], [ 81.493293, 19.082773 ], [ 81.4903966, 19.0854038 ], [ 81.4908112, 19.0872058 ], [ 81.4930309, 19.088275 ], [ 81.4936398, 19.089467 ], [ 81.4937118, 19.0903975 ], [ 81.4919207, 19.0905026 ], [ 81.4918469, 19.093782 ], [ 81.4942235, 19.1016672 ], [ 81.4910082, 19.1037967 ], [ 81.4904966, 19.106042 ], [ 81.4884784, 19.1080217 ], [ 81.4888037, 19.1111699 ], [ 81.4869957, 19.1148569 ], [ 81.4839656, 19.1174515 ], [ 81.4803676, 19.1164011 ], [ 81.4785576, 19.117134 ], [ 81.4764069, 19.1204732 ], [ 81.4752601, 19.1259078 ], [ 81.4740963, 19.1266493 ], [ 81.4735556, 19.1283614 ], [ 81.4692751, 19.1310152 ], [ 81.468834, 19.1325964 ], [ 81.4652419, 19.1341521 ], [ 81.4631474, 19.1367504 ], [ 81.4635765, 19.1392481 ], [ 81.4672374, 19.1415499 ], [ 81.4683796, 19.1442234 ], [ 81.4691877, 19.1443405 ], [ 81.4734173, 19.1437375 ], [ 81.4787148, 19.1406313 ], [ 81.490652, 19.1381399 ], [ 81.4972395, 19.1384879 ], [ 81.5004777, 19.1396992 ], [ 81.4983362, 19.1429516 ], [ 81.4952102, 19.1450705 ], [ 81.4907264, 19.1561175 ], [ 81.4939483, 19.1617029 ], [ 81.4965392, 19.1621078 ], [ 81.4976105, 19.1645101 ], [ 81.4974213, 19.178531 ], [ 81.4983359, 19.1819059 ], [ 81.5004112, 19.1840877 ], [ 81.4994926, 19.1855189 ], [ 81.4988993, 19.1905324 ], [ 81.5001327, 19.1942145 ], [ 81.4999163, 19.1973356 ], [ 81.5021176, 19.2038822 ], [ 81.4768207, 19.2135773 ], [ 81.4707669, 19.2121577 ], [ 81.4649926, 19.208511 ], [ 81.4600302, 19.2022032 ], [ 81.4539681, 19.1919613 ], [ 81.4504675, 19.1889906 ], [ 81.4407306, 19.1877522 ], [ 81.4190157, 19.1945343 ], [ 81.4070344, 19.192739 ], [ 81.4019091, 19.1911634 ], [ 81.3986341, 19.1955092 ], [ 81.400294, 19.1993348 ], [ 81.3981262, 19.2013994 ], [ 81.3946127, 19.2025246 ], [ 81.3930729, 19.2076967 ], [ 81.3872961, 19.209793 ], [ 81.3831262, 19.2091519 ], [ 81.3769737, 19.2134116 ], [ 81.3716672, 19.2159998 ], [ 81.3694418, 19.2161533 ], [ 81.3665031, 19.220223 ], [ 81.3630843, 19.2201822 ], [ 81.3562602, 19.2252723 ], [ 81.3511576, 19.2270876 ], [ 81.3439289, 19.2313731 ], [ 81.3492505, 19.2293231 ], [ 81.3516042, 19.2301591 ], [ 81.3548324, 19.2355392 ], [ 81.3537092, 19.2424726 ], [ 81.3539418, 19.2471071 ], [ 81.3554397, 19.2482726 ], [ 81.3631869, 19.2501478 ], [ 81.3668234, 19.2550396 ], [ 81.3660149, 19.2572576 ], [ 81.3592875, 19.2639846 ], [ 81.3592544, 19.2672076 ], [ 81.3608042, 19.2720193 ], [ 81.3597501, 19.2749835 ], [ 81.3574161, 19.2779842 ], [ 81.3565269, 19.2813479 ], [ 81.3568442, 19.292797 ], [ 81.3580972, 19.2948474 ], [ 81.3632982, 19.2959341 ], [ 81.3682609, 19.2994118 ], [ 81.3726368, 19.2985229 ], [ 81.3767141, 19.3003596 ], [ 81.3780579, 19.3025325 ], [ 81.3776174, 19.3057854 ], [ 81.374548, 19.3086139 ], [ 81.3725409, 19.3124772 ], [ 81.3748722, 19.3149479 ], [ 81.3766184, 19.3191306 ], [ 81.3835364, 19.3205172 ], [ 81.3901827, 19.315146 ], [ 81.3930655, 19.3115142 ], [ 81.4047924, 19.3075197 ], [ 81.4121607, 19.3022516 ], [ 81.420595, 19.299955 ], [ 81.4282104, 19.2966601 ], [ 81.4296322, 19.2949613 ], [ 81.432445, 19.2849193 ], [ 81.4371494, 19.284579 ], [ 81.445991, 19.2813777 ], [ 81.4488381, 19.2763718 ], [ 81.4527982, 19.2716635 ], [ 81.4593888, 19.2678392 ], [ 81.4633409, 19.2670424 ], [ 81.4714282, 19.2614282 ], [ 81.475174, 19.2578758 ], [ 81.4768225, 19.2548125 ], [ 81.4790045, 19.253271 ], [ 81.4750388, 19.2468186 ], [ 81.4778287, 19.2440076 ], [ 81.4809055, 19.2437754 ], [ 81.4855595, 19.2409857 ], [ 81.486204, 19.2376382 ], [ 81.4888749, 19.2351748 ], [ 81.4907394, 19.2356705 ], [ 81.4950328, 19.2345927 ], [ 81.4975017, 19.2357068 ], [ 81.4999019, 19.2354317 ], [ 81.5029992, 19.2334012 ], [ 81.506575, 19.2270708 ], [ 81.5107081, 19.2259532 ], [ 81.5213502, 19.2260137 ], [ 81.5275752, 19.2252175 ], [ 81.5368825, 19.2226702 ], [ 81.5376523, 19.2325672 ], [ 81.5401414, 19.2381016 ], [ 81.5421727, 19.2460254 ], [ 81.5422479, 19.2576879 ], [ 81.5454758, 19.260666 ], [ 81.5618238, 19.2706368 ], [ 81.5664827, 19.2777163 ], [ 81.5674805, 19.2811676 ], [ 81.5688925, 19.2830561 ], [ 81.5831158, 19.2817861 ], [ 81.585985, 19.2781597 ], [ 81.5927497, 19.2752429 ], [ 81.6083101, 19.2730507 ], [ 81.6092279, 19.2606915 ], [ 81.6142509, 19.2531034 ], [ 81.615093, 19.2497069 ], [ 81.6117167, 19.245 ], [ 81.614409, 19.2353925 ], [ 81.6201776, 19.2279353 ], [ 81.6263404, 19.2300718 ], [ 81.6325178, 19.23336 ], [ 81.638101, 19.2376012 ], [ 81.6402124, 19.2414598 ], [ 81.6507804, 19.2450031 ], [ 81.6570872, 19.2483717 ], [ 81.6707746, 19.2487121 ], [ 81.6740517, 19.2495649 ], [ 81.6738634, 19.2560737 ], [ 81.6756687, 19.2649083 ], [ 81.6637021, 19.2662212 ], [ 81.6567813, 19.2650482 ], [ 81.6490718, 19.2676601 ], [ 81.6403259, 19.2800783 ], [ 81.6280346, 19.2891263 ], [ 81.6280299, 19.2936161 ], [ 81.6311181, 19.3133325 ], [ 81.6303333, 19.3185586 ], [ 81.6295435, 19.3196156 ], [ 81.6354535, 19.330623 ], [ 81.6337937, 19.3428595 ], [ 81.6424694, 19.3510389 ], [ 81.654266, 19.3484989 ], [ 81.6636617, 19.3529911 ], [ 81.6667003, 19.3657827 ], [ 81.6771323, 19.3649353 ], [ 81.6807829, 19.3656434 ], [ 81.6904059, 19.365342 ], [ 81.7032858, 19.3583041 ], [ 81.7106632, 19.369069 ], [ 81.7215568, 19.3762409 ], [ 81.7285016, 19.3772579 ], [ 81.7316091, 19.3764385 ], [ 81.7373319, 19.3721485 ], [ 81.741595, 19.3702849 ], [ 81.7446944, 19.3651065 ], [ 81.7516933, 19.3570528 ], [ 81.7633746, 19.3530718 ], [ 81.7772921, 19.3568876 ], [ 81.789847, 19.3553445 ], [ 81.7942552, 19.352677 ], [ 81.7967916, 19.3627463 ], [ 81.8028013, 19.376295 ], [ 81.8009297, 19.3890635 ], [ 81.801452, 19.3921126 ], [ 81.8004602, 19.395947 ], [ 81.8029956, 19.399828 ], [ 81.8063841, 19.4020607 ], [ 81.8106709, 19.4074734 ], [ 81.8068717, 19.4084432 ], [ 81.8012685, 19.4085946 ], [ 81.7976157, 19.4119717 ], [ 81.7918219, 19.4308723 ], [ 81.7925998, 19.4464106 ], [ 81.7914868, 19.453321 ], [ 81.7943521, 19.4559963 ], [ 81.796831, 19.4600173 ], [ 81.8081038, 19.4690193 ], [ 81.8109343, 19.4768481 ], [ 81.8114824, 19.4880952 ], [ 81.8126811, 19.4921924 ], [ 81.8169456, 19.5007578 ], [ 81.820974, 19.5049049 ], [ 81.8242921, 19.5105847 ], [ 81.8356078, 19.5008485 ], [ 81.8474706, 19.485787 ], [ 81.8501147, 19.4807195 ], [ 81.8504205, 19.4734474 ], [ 81.8572116, 19.4736559 ], [ 81.855167, 19.4871928 ], [ 81.8572001, 19.4931733 ], [ 81.8560663, 19.5055889 ], [ 81.8573837, 19.5127107 ], [ 81.8524962, 19.5145349 ], [ 81.8486182, 19.5170005 ], [ 81.8470598, 19.5199243 ], [ 81.8458199, 19.5246392 ], [ 81.8455069, 19.5367693 ], [ 81.846764, 19.5424444 ], [ 81.8590457, 19.5523659 ], [ 81.8982896, 19.5499152 ], [ 81.8994603, 19.5460387 ], [ 81.9006393, 19.5300715 ], [ 81.9069887, 19.5281211 ], [ 81.9192272, 19.527611 ], [ 81.9269484, 19.5284196 ], [ 81.9364384, 19.5324701 ], [ 81.9475309, 19.5404048 ], [ 81.9530572, 19.5413024 ], [ 81.9711989, 19.5401587 ], [ 81.9791549, 19.538625 ], [ 81.9890062, 19.5351402 ], [ 81.9979736, 19.530756 ], [ 81.9986725, 19.5294873 ], [ 82.0002234, 19.515235 ], [ 81.9963422, 19.5060984 ], [ 81.9972863, 19.502211 ], [ 81.9966248, 19.4977085 ], [ 81.9932206, 19.4931172 ], [ 81.9933102, 19.4920285 ], [ 81.9983107, 19.4912708 ], [ 81.9996489, 19.4903324 ], [ 82.0095051, 19.4946163 ], [ 82.0124068, 19.4931411 ], [ 82.014412, 19.4930656 ], [ 82.0173577, 19.4970647 ], [ 82.0187582, 19.4968081 ], [ 82.0224579, 19.4986575 ], [ 82.0251319, 19.5033571 ], [ 82.0290577, 19.5076387 ], [ 82.0385143, 19.5091316 ], [ 82.05134, 19.5081583 ], [ 82.0545517, 19.5095202 ], [ 82.0660803, 19.510838 ], [ 82.0687653, 19.5155251 ], [ 82.0760273, 19.5236259 ], [ 82.0917349, 19.518128 ], [ 82.1002549, 19.5165892 ], [ 82.0984821, 19.5075689 ], [ 82.0979728, 19.4989277 ], [ 82.1079625, 19.4942798 ], [ 82.1081063, 19.4802834 ], [ 82.1073425, 19.4750422 ], [ 82.1065564, 19.4723001 ], [ 82.102821, 19.4661064 ], [ 82.1134222, 19.4603615 ], [ 82.1135346, 19.4482635 ], [ 82.1261416, 19.4290857 ], [ 82.1272952, 19.4305126 ], [ 82.1352476, 19.4303849 ], [ 82.1352387, 19.4317813 ], [ 82.1607379, 19.4363002 ], [ 82.1657878, 19.4361796 ], [ 82.1714917, 19.4371878 ], [ 82.1781854, 19.4366088 ], [ 82.1811374, 19.4318938 ], [ 82.1827918, 19.4300052 ], [ 82.1838293, 19.4299701 ], [ 82.1861917, 19.4266544 ], [ 82.1878018, 19.4263352 ], [ 82.1894431, 19.4275294 ], [ 82.1898744, 19.4254001 ], [ 82.18903, 19.4239876 ], [ 82.189951, 19.4224618 ], [ 82.1887569, 19.4209049 ], [ 82.1900007, 19.4199625 ], [ 82.1892722, 19.4153629 ], [ 82.1852047, 19.4136895 ], [ 82.1831743, 19.4115966 ], [ 82.1826838, 19.4096192 ], [ 82.182078, 19.4029259 ], [ 82.1843145, 19.400493 ], [ 82.1807363, 19.3924103 ], [ 82.1822453, 19.3887444 ], [ 82.1809896, 19.3861849 ], [ 82.1818325, 19.3842038 ], [ 82.1807503, 19.3831199 ], [ 82.1780034, 19.3825002 ], [ 82.1792351, 19.3804012 ], [ 82.1788348, 19.3790508 ], [ 82.1764898, 19.3785569 ], [ 82.1755291, 19.37664 ], [ 82.1735274, 19.3771719 ], [ 82.1736398, 19.3757063 ], [ 82.1719243, 19.3726152 ], [ 82.1666129, 19.372765 ], [ 82.1621933, 19.3743581 ], [ 82.1600371, 19.3770743 ], [ 82.1564788, 19.3772961 ], [ 82.1532656, 19.3770164 ], [ 82.1513514, 19.373313 ], [ 82.1496481, 19.3734026 ], [ 82.1489484, 19.3716276 ], [ 82.1477355, 19.3718184 ], [ 82.14896, 19.3695253 ], [ 82.148071, 19.3693576 ], [ 82.1483185, 19.3659142 ], [ 82.1472461, 19.365494 ], [ 82.1472795, 19.3644951 ], [ 82.1483852, 19.3649102 ], [ 82.148778, 19.3529762 ], [ 82.1501015, 19.3536596 ], [ 82.1524354, 19.3527398 ], [ 82.1541267, 19.3498036 ], [ 82.1650023, 19.3489863 ], [ 82.1690438, 19.3459836 ], [ 82.1786557, 19.3433699 ], [ 82.1787424, 19.3424561 ], [ 82.1772907, 19.3411419 ], [ 82.1778939, 19.3400496 ], [ 82.1860387, 19.3374092 ], [ 82.1878902, 19.3347553 ], [ 82.1874328, 19.3301026 ], [ 82.1880059, 19.3289204 ], [ 82.1901262, 19.3267601 ], [ 82.194122, 19.3259353 ], [ 82.1812245, 19.3233874 ], [ 82.1791716, 19.3189676 ], [ 82.1766787, 19.2994802 ], [ 82.1744141, 19.2945346 ], [ 82.1659361, 19.2876855 ], [ 82.1620969, 19.2787477 ], [ 82.1584256, 19.2651673 ], [ 82.157584, 19.2500001 ], [ 82.1578449, 19.2274987 ], [ 82.1594207, 19.2229617 ], [ 82.1687718, 19.2129401 ], [ 82.1658173, 19.2114454 ], [ 82.1617056, 19.2022458 ], [ 82.1644288, 19.1979319 ], [ 82.1675819, 19.1952597 ], [ 82.1804625, 19.191685 ], [ 82.1798329, 19.1887704 ], [ 82.1751425, 19.1818157 ], [ 82.1760937, 19.1804994 ], [ 82.1796128, 19.1798893 ], [ 82.1810632, 19.1785834 ], [ 82.1820492, 19.174163 ], [ 82.1801748, 19.1733482 ], [ 82.1767095, 19.1734699 ], [ 82.1760435, 19.1720826 ], [ 82.1781067, 19.1693675 ], [ 82.1839533, 19.1684851 ], [ 82.1857532, 19.1675248 ], [ 82.1861395, 19.1663475 ], [ 82.1821999, 19.1592887 ], [ 82.1775339, 19.1556681 ], [ 82.1787413, 19.1596408 ], [ 82.1749226, 19.1628821 ], [ 82.1732113, 19.1629065 ], [ 82.1701799, 19.1611593 ], [ 82.1699941, 19.1597779 ], [ 82.1712977, 19.1565257 ], [ 82.1772103, 19.1556115 ], [ 82.1776779, 19.1525092 ], [ 82.1809319, 19.1508165 ], [ 82.1765612, 19.1492136 ], [ 82.1727101, 19.1505259 ], [ 82.171543, 19.150208 ], [ 82.16983, 19.1452537 ], [ 82.1727223, 19.1435093 ], [ 82.173387, 19.1413725 ], [ 82.1757353, 19.1386602 ], [ 82.1748305, 19.137767 ], [ 82.1668183, 19.1361012 ], [ 82.1660956, 19.1326991 ], [ 82.169205, 19.1280484 ], [ 82.1703253, 19.1204148 ], [ 82.1736052, 19.1184106 ], [ 82.1768574, 19.118566 ], [ 82.1780747, 19.1233247 ], [ 82.1816381, 19.1277791 ], [ 82.1824693, 19.1316909 ], [ 82.1867989, 19.1295667 ], [ 82.1905778, 19.1288962 ], [ 82.1954205, 19.1228016 ], [ 82.1973894, 19.1216412 ], [ 82.2002478, 19.1218621 ], [ 82.2044582, 19.1243511 ], [ 82.2058161, 19.1241298 ], [ 82.2089983, 19.1205217 ], [ 82.2058115, 19.1169418 ], [ 82.2063302, 19.1150724 ], [ 82.2045729, 19.1126261 ], [ 82.2029764, 19.1081096 ], [ 82.2051786, 19.1069973 ], [ 82.2050147, 19.1053944 ], [ 82.2066963, 19.10462 ], [ 82.2073496, 19.1022798 ], [ 82.2049889, 19.1011478 ], [ 82.2049123, 19.0971408 ], [ 82.2064799, 19.0964031 ], [ 82.2078854, 19.0988337 ], [ 82.2097118, 19.0996756 ], [ 82.2115631, 19.0980911 ], [ 82.2129406, 19.0979827 ], [ 82.2141377, 19.0998543 ], [ 82.2184151, 19.0972688 ], [ 82.2190716, 19.0953985 ], [ 82.218555, 19.093021 ], [ 82.2165883, 19.0905265 ], [ 82.214949, 19.0859877 ], [ 82.2121391, 19.0818767 ], [ 82.2047185, 19.0756046 ], [ 82.202254, 19.066639 ], [ 82.2060153, 19.0597831 ], [ 82.2298762, 19.0274123 ], [ 82.2327612, 19.0179369 ], [ 82.2339266, 19.0020755 ], [ 82.239109, 18.9622914 ], [ 82.246054, 18.919111 ], [ 82.2398168, 18.9147388 ], [ 82.23696, 18.9142337 ], [ 82.2343852, 18.9152901 ], [ 82.230909, 18.9196685 ], [ 82.2272821, 18.919042 ], [ 82.2220421, 18.9205087 ], [ 82.2183014, 18.9225168 ], [ 82.2124857, 18.9185835 ], [ 82.2008472, 18.9135852 ], [ 82.1925106, 18.9075079 ], [ 82.1810898, 18.9069439 ], [ 82.17986, 18.9048868 ], [ 82.1761464, 18.9026695 ], [ 82.1753804, 18.9010522 ], [ 82.1751627, 18.8916108 ], [ 82.1766595, 18.8870922 ], [ 82.1693231, 18.8818929 ], [ 82.1681064, 18.8816565 ], [ 82.1665557, 18.883243 ], [ 82.1650558, 18.8832208 ], [ 82.1615562, 18.8809565 ], [ 82.1604126, 18.8789124 ], [ 82.1610409, 18.8771284 ], [ 82.1673672, 18.8736189 ], [ 82.1674006, 18.8715854 ], [ 82.1650857, 18.8648724 ], [ 82.1612441, 18.8632111 ], [ 82.160197, 18.8613968 ], [ 82.1620684, 18.8588596 ], [ 82.1630279, 18.8541546 ], [ 82.1657732, 18.8537987 ], [ 82.1674716, 18.8523512 ], [ 82.1657426, 18.8438679 ], [ 82.1682689, 18.8399981 ], [ 82.1689626, 18.8360222 ], [ 82.1656914, 18.8309553 ], [ 82.1631292, 18.825459 ], [ 82.1628706, 18.823039 ], [ 82.1602914, 18.8198696 ], [ 82.166149, 18.814068 ], [ 82.1646461, 18.812862 ], [ 82.1613749, 18.8125163 ], [ 82.1601961, 18.8080687 ], [ 82.1590384, 18.8066572 ], [ 82.1568786, 18.805794 ], [ 82.1565222, 18.8043279 ], [ 82.157772, 18.8032584 ], [ 82.1645283, 18.8019242 ], [ 82.1654354, 18.7986247 ], [ 82.1601746, 18.7952282 ], [ 82.1597548, 18.7942051 ], [ 82.1608024, 18.7899199 ], [ 82.1596096, 18.7875326 ], [ 82.1573565, 18.7854772 ], [ 82.1521702, 18.7853015 ], [ 82.1473782, 18.780971 ], [ 82.1405731, 18.7784553 ], [ 82.138419, 18.7783735 ], [ 82.1356695, 18.7814807 ], [ 82.1334947, 18.7804457 ], [ 82.1332933, 18.7751515 ], [ 82.1313338, 18.770112 ], [ 82.1336162, 18.7681147 ], [ 82.1334176, 18.7653642 ], [ 82.12082, 18.7697507 ], [ 82.1153603, 18.7690062 ], [ 82.1120359, 18.7676659 ], [ 82.1110091, 18.7658783 ], [ 82.1086606, 18.7657928 ], [ 82.1073554, 18.7671289 ], [ 82.1057581, 18.7673101 ], [ 82.1011969, 18.7646847 ], [ 82.0978237, 18.7638371 ], [ 82.0915795, 18.7657307 ], [ 82.0887407, 18.7601852 ], [ 82.0900074, 18.7558086 ], [ 82.0925818, 18.752685 ], [ 82.0926463, 18.748713 ], [ 82.093521, 18.7468147 ], [ 82.0913426, 18.7384775 ], [ 82.0876868, 18.7311299 ], [ 82.0883608, 18.7297744 ], [ 82.0860634, 18.7279488 ], [ 82.08688, 18.7214241 ], [ 82.0849746, 18.7185931 ], [ 82.0765276, 18.7221119 ], [ 82.0745612, 18.7246219 ], [ 82.0674218, 18.7265016 ], [ 82.0650484, 18.7200719 ], [ 82.0627704, 18.719023 ], [ 82.0587653, 18.7193439 ], [ 82.0560892, 18.7228969 ], [ 82.0536514, 18.723611 ], [ 82.0481178, 18.7213964 ], [ 82.0402091, 18.7239075 ], [ 82.0343325, 18.7229822 ], [ 82.0309231, 18.7237872 ], [ 82.0281476, 18.7212134 ], [ 82.0254546, 18.721314 ], [ 82.0167419, 18.7194954 ], [ 82.0111775, 18.7136109 ], [ 82.0087909, 18.7125529 ], [ 82.0076344, 18.7126495 ], [ 82.0058348, 18.7146472 ], [ 81.9999243, 18.7110822 ], [ 81.9984256, 18.7094139 ], [ 81.998591, 18.7069062 ], [ 81.9947277, 18.7046802 ], [ 81.9888988, 18.7052803 ], [ 81.9741343, 18.6988691 ], [ 81.9709847, 18.698637 ], [ 81.9680436, 18.696371 ], [ 81.9640821, 18.7002348 ], [ 81.9590333, 18.7092672 ], [ 81.9429903, 18.7188728 ], [ 81.9427301, 18.7202235 ], [ 81.9443444, 18.7259598 ], [ 81.9414066, 18.730207 ], [ 81.9420481, 18.7338703 ], [ 81.9479446, 18.7408561 ], [ 81.9567453, 18.7537694 ], [ 81.9548666, 18.7616302 ], [ 81.9531597, 18.7622362 ], [ 81.9512831, 18.7648343 ], [ 81.9496, 18.765743 ], [ 81.9488475, 18.7691583 ], [ 81.9468422, 18.770835 ], [ 81.9363153, 18.773558 ], [ 81.9204951, 18.7746332 ], [ 81.9104665, 18.7595525 ], [ 81.9060991, 18.7598063 ], [ 81.8976345, 18.7579012 ], [ 81.892489, 18.7539989 ], [ 81.8857747, 18.7553727 ], [ 81.8790935, 18.7578348 ], [ 81.8788043, 18.759321 ], [ 81.8758974, 18.7603239 ], [ 81.8724594, 18.7637615 ], [ 81.86997, 18.7596643 ], [ 81.8687239, 18.749819 ] ] ] } },
{ "type": "Feature", "properties": { "dtname": "Narayanpur", "stname": "CHHATTISGARH", "dist_lgd": 637, "year_stat": "2011_c" }, "geometry": { "type": "MultiPolygon", "coordinates": [ [ [ [ 81.4794727, 19.7271006 ], [ 81.4788622, 19.7190946 ], [ 81.4798581, 19.7141646 ], [ 81.4824922, 19.7105376 ], [ 81.483237, 19.7069618 ], [ 81.487448, 19.7023617 ], [ 81.4878642, 19.6979822 ], [ 81.4849011, 19.6939277 ], [ 81.4852781, 19.6880724 ], [ 81.4770631, 19.6903737 ], [ 81.4724802, 19.6935285 ], [ 81.4547631, 19.7010828 ], [ 81.4570874, 19.7043235 ], [ 81.4583082, 19.7042072 ], [ 81.4608092, 19.7168261 ], [ 81.4645813, 19.7241905 ], [ 81.4690518, 19.72428 ], [ 81.4714103, 19.7250739 ], [ 81.47208, 19.7273429 ], [ 81.4767815, 19.728005 ], [ 81.4794727, 19.7271006 ] ] ], [ [ [ 80.9197344, 19.8924705 ], [ 80.9232424, 19.8874381 ], [ 80.9376373, 19.8739379 ], [ 80.9389719, 19.8684903 ], [ 80.9415769, 19.8646367 ], [ 80.9437177, 19.8583396 ], [ 80.9452453, 19.8367901 ], [ 80.9495573, 19.8306005 ], [ 80.9521333, 19.8278035 ], [ 80.9577265, 19.8267441 ], [ 80.9591145, 19.8249865 ], [ 80.9603291, 19.8204467 ], [ 80.9666686, 19.8146396 ], [ 80.9699424, 19.8144753 ], [ 80.9724039, 19.8127982 ], [ 80.9757359, 19.8141152 ], [ 80.976548, 19.8153343 ], [ 80.9817067, 19.8148389 ], [ 80.9901126, 19.8169972 ], [ 81.0054622, 19.8151943 ], [ 81.0090719, 19.8128662 ], [ 81.0142544, 19.8063066 ], [ 81.0153012, 19.7970345 ], [ 81.0172383, 19.7903194 ], [ 81.0166971, 19.7862676 ], [ 81.0179727, 19.7837797 ], [ 81.0186289, 19.7798777 ], [ 81.0181351, 19.7763589 ], [ 81.0252278, 19.7645563 ], [ 81.0275618, 19.7628864 ], [ 81.0317943, 19.7616647 ], [ 81.0383491, 19.7624267 ], [ 81.0406012, 19.7620078 ], [ 81.045966, 19.7573264 ], [ 81.0506561, 19.7561495 ], [ 81.0586158, 19.7508094 ], [ 81.0588784, 19.7467888 ], [ 81.0852512, 19.7063004 ], [ 81.1866153, 19.7033808 ], [ 81.2051168, 19.7167609 ], [ 81.1918294, 19.7294629 ], [ 81.1813587, 19.7275876 ], [ 81.1597153, 19.7495955 ], [ 81.1577392, 19.7547388 ], [ 81.1573822, 19.7583478 ], [ 81.1589245, 19.7645399 ], [ 81.1687383, 19.7817509 ], [ 81.1707279, 19.781493 ], [ 81.1735624, 19.7979284 ], [ 81.1776221, 19.8083698 ], [ 81.1797752, 19.8106049 ], [ 81.1835786, 19.8104456 ], [ 81.194587, 19.8073793 ], [ 81.2038284, 19.8025156 ], [ 81.2115294, 19.8003846 ], [ 81.2166819, 19.7980469 ], [ 81.223449, 19.7911643 ], [ 81.2256557, 19.7869897 ], [ 81.2483613, 19.7686541 ], [ 81.2496844, 19.7666334 ], [ 81.2550246, 19.7660186 ], [ 81.27073, 19.7672253 ], [ 81.2888343, 19.7883775 ], [ 81.2928955, 19.787318 ], [ 81.2938785, 19.7852761 ], [ 81.3089468, 19.779025 ], [ 81.3175666, 19.7777215 ], [ 81.355644, 19.7745127 ], [ 81.3584943, 19.774941 ], [ 81.3598663, 19.7782485 ], [ 81.3627624, 19.7789984 ], [ 81.3733061, 19.7790815 ], [ 81.3733799, 19.7767343 ], [ 81.3789966, 19.7715816 ], [ 81.3769648, 19.7674974 ], [ 81.3806551, 19.7614649 ], [ 81.3821031, 19.7548026 ], [ 81.3752563, 19.7482428 ], [ 81.3707695, 19.7427051 ], [ 81.3738495, 19.7295367 ], [ 81.3829822, 19.7242795 ], [ 81.3857199, 19.7241226 ], [ 81.3987935, 19.7279578 ], [ 81.410143, 19.7234626 ], [ 81.4159742, 19.7220601 ], [ 81.4192774, 19.7226497 ], [ 81.4307339, 19.7184833 ], [ 81.4368809, 19.7140408 ], [ 81.4374685, 19.7100157 ], [ 81.451384, 19.7029675 ], [ 81.4494882, 19.6993218 ], [ 81.4491652, 19.693634 ], [ 81.4469065, 19.6873379 ], [ 81.4460576, 19.6815977 ], [ 81.446522, 19.679327 ], [ 81.451456, 19.6761898 ], [ 81.4600823, 19.6755813 ], [ 81.466141, 19.6715728 ], [ 81.4674141, 19.6716965 ], [ 81.4684094, 19.6728687 ], [ 81.4762462, 19.6717009 ], [ 81.4747349, 19.6695976 ], [ 81.4744292, 19.6676649 ], [ 81.4769221, 19.6642012 ], [ 81.4811422, 19.6640697 ], [ 81.4983325, 19.6604549 ], [ 81.5167395, 19.6630776 ], [ 81.5090857, 19.6515145 ], [ 81.4983318, 19.6491676 ], [ 81.4905748, 19.6484121 ], [ 81.4916179, 19.6472333 ], [ 81.4889739, 19.6441644 ], [ 81.4816659, 19.645882 ], [ 81.4736289, 19.6465259 ], [ 81.4636461, 19.6389976 ], [ 81.4548503, 19.6370172 ], [ 81.4541019, 19.634242 ], [ 81.4550975, 19.6276035 ], [ 81.4605839, 19.6249573 ], [ 81.4641386, 19.6189584 ], [ 81.4642295, 19.6159618 ], [ 81.4585606, 19.6053837 ], [ 81.4624937, 19.5986619 ], [ 81.462492, 19.5938749 ], [ 81.4566307, 19.5816187 ], [ 81.4611315, 19.569003 ], [ 81.4484465, 19.5587584 ], [ 81.4469107, 19.5548249 ], [ 81.4438783, 19.5523071 ], [ 81.4397344, 19.5357344 ], [ 81.4429442, 19.5280099 ], [ 81.4490309, 19.5286779 ], [ 81.4495673, 19.5250299 ], [ 81.4485756, 19.5195462 ], [ 81.4491069, 19.5158996 ], [ 81.4476333, 19.5122101 ], [ 81.4334392, 19.5036258 ], [ 81.4265081, 19.5008477 ], [ 81.4215409, 19.4937128 ], [ 81.4243968, 19.4824787 ], [ 81.4267571, 19.480347 ], [ 81.4431389, 19.4744657 ], [ 81.4759862, 19.4722369 ], [ 81.4679091, 19.4513797 ], [ 81.4648265, 19.4359974 ], [ 81.4654306, 19.4335492 ], [ 81.4676732, 19.4305183 ], [ 81.4650611, 19.4233371 ], [ 81.4672566, 19.4101725 ], [ 81.469925, 19.4025143 ], [ 81.47074, 19.4017146 ], [ 81.4718976, 19.4018639 ], [ 81.4700025, 19.3999915 ], [ 81.4671602, 19.3938735 ], [ 81.4702892, 19.3916488 ], [ 81.4718552, 19.3889857 ], [ 81.4708656, 19.3809036 ], [ 81.4715631, 19.3771698 ], [ 81.469168, 19.3744984 ], [ 81.4668276, 19.3753738 ], [ 81.4635265, 19.3717912 ], [ 81.4613442, 19.3730911 ], [ 81.4609775, 19.3759638 ], [ 81.4492368, 19.3766321 ], [ 81.4449222, 19.3742859 ], [ 81.4403876, 19.3738512 ], [ 81.4379156, 19.3747763 ], [ 81.4330398, 19.373541 ], [ 81.4327499, 19.3719175 ], [ 81.4281058, 19.3659605 ], [ 81.4200315, 19.3658628 ], [ 81.4156556, 19.363677 ], [ 81.4051777, 19.3667652 ], [ 81.4034948, 19.3686139 ], [ 81.400725, 19.3746726 ], [ 81.3962406, 19.3758337 ], [ 81.3885515, 19.3820434 ], [ 81.3875675, 19.3919479 ], [ 81.3898191, 19.3964807 ], [ 81.389099, 19.4008004 ], [ 81.3919611, 19.408924 ], [ 81.3891935, 19.4139145 ], [ 81.3878049, 19.414681 ], [ 81.3810254, 19.4146762 ], [ 81.3782289, 19.4132978 ], [ 81.3758538, 19.4103457 ], [ 81.3725297, 19.4094663 ], [ 81.373038, 19.4056527 ], [ 81.3758384, 19.4042118 ], [ 81.3766022, 19.4029372 ], [ 81.3756024, 19.3961565 ], [ 81.377418, 19.3911025 ], [ 81.3776016, 19.3872358 ], [ 81.3700126, 19.3825579 ], [ 81.3682927, 19.3773289 ], [ 81.3653828, 19.3745119 ], [ 81.3672696, 19.3719374 ], [ 81.373474, 19.3686171 ], [ 81.3771786, 19.3635818 ], [ 81.3784398, 19.3629931 ], [ 81.3822375, 19.3622969 ], [ 81.390156, 19.3641821 ], [ 81.392488, 19.3554022 ], [ 81.3917741, 19.3550975 ], [ 81.3933832, 19.3520124 ], [ 81.3933629, 19.3489499 ], [ 81.3964106, 19.3431116 ], [ 81.3988859, 19.3359496 ], [ 81.39868, 19.3340296 ], [ 81.3960403, 19.3355684 ], [ 81.3881072, 19.3364981 ], [ 81.38622, 19.3360866 ], [ 81.3841282, 19.3347199 ], [ 81.383288, 19.3295309 ], [ 81.3794259, 19.3309875 ], [ 81.3752253, 19.3294368 ], [ 81.373237, 19.330795 ], [ 81.3697882, 19.3305482 ], [ 81.3693244, 19.3330686 ], [ 81.3639823, 19.3326142 ], [ 81.3618545, 19.3303986 ], [ 81.3592154, 19.3310833 ], [ 81.3559819, 19.3266815 ], [ 81.3581255, 19.3233197 ], [ 81.3539315, 19.3208631 ], [ 81.3485103, 19.3212681 ], [ 81.3428675, 19.3188662 ], [ 81.3374474, 19.3257867 ], [ 81.3293789, 19.3257993 ], [ 81.3267844, 19.3287901 ], [ 81.3217363, 19.3301203 ], [ 81.3187359, 19.3332139 ], [ 81.3166537, 19.3306952 ], [ 81.3095326, 19.3348815 ], [ 81.3073154, 19.3345137 ], [ 81.3051477, 19.3353444 ], [ 81.3027499, 19.3342493 ], [ 81.2974811, 19.3363077 ], [ 81.2927565, 19.3361274 ], [ 81.2908158, 19.3350087 ], [ 81.2857451, 19.3350381 ], [ 81.2820244, 19.3316236 ], [ 81.279255, 19.3317622 ], [ 81.2768295, 19.3297012 ], [ 81.2742983, 19.3294288 ], [ 81.2716327, 19.3234831 ], [ 81.268758, 19.3248184 ], [ 81.2655274, 19.3247081 ], [ 81.2643802, 19.3254527 ], [ 81.2624641, 19.3233648 ], [ 81.259557, 19.3232184 ], [ 81.2573055, 19.3247347 ], [ 81.2559813, 19.3267574 ], [ 81.2539736, 19.3264715 ], [ 81.2532899, 19.3244022 ], [ 81.2521759, 19.3251062 ], [ 81.2489459, 19.3242999 ], [ 81.2473641, 19.3219156 ], [ 81.2455927, 19.3227911 ], [ 81.243077, 19.3215585 ], [ 81.2410846, 19.3239066 ], [ 81.2377867, 19.3229404 ], [ 81.2366713, 19.3205696 ], [ 81.2337524, 19.3199262 ], [ 81.2323246, 19.3209848 ], [ 81.2313301, 19.3206968 ], [ 81.2313335, 19.3135023 ], [ 81.2233911, 19.2888286 ], [ 81.194505, 19.2883902 ], [ 81.190355, 19.2771243 ], [ 81.1850815, 19.274149 ], [ 81.1762629, 19.2725163 ], [ 81.1744516, 19.2734606 ], [ 81.1704317, 19.2710742 ], [ 81.1676925, 19.2713441 ], [ 81.1652499, 19.2732788 ], [ 81.1612344, 19.2825256 ], [ 81.161057, 19.2953477 ], [ 81.1538933, 19.2987742 ], [ 81.1521077, 19.2969848 ], [ 81.1474042, 19.298769 ], [ 81.1440884, 19.2981832 ], [ 81.1411596, 19.29891 ], [ 81.1414676, 19.2778073 ], [ 81.1456016, 19.2597067 ], [ 81.1423754, 19.2601359 ], [ 81.1415966, 19.2575144 ], [ 81.1380676, 19.2562218 ], [ 81.1292822, 19.2567787 ], [ 81.1279629, 19.2590748 ], [ 81.1248875, 19.2595941 ], [ 81.1229157, 19.2611489 ], [ 81.1190784, 19.2617316 ], [ 81.1157532, 19.2642794 ], [ 81.1128167, 19.2727892 ], [ 81.1095494, 19.275281 ], [ 81.104733, 19.2747784 ], [ 81.1017414, 19.2753907 ], [ 81.0999794, 19.2771799 ], [ 81.097054, 19.2773444 ], [ 81.0896021, 19.2751711 ], [ 81.0873903, 19.2716688 ], [ 81.0845513, 19.2694107 ], [ 81.0806487, 19.2704023 ], [ 81.0798086, 19.2736806 ], [ 81.0766483, 19.2752221 ], [ 81.0756178, 19.2740977 ], [ 81.0733891, 19.2738411 ], [ 81.0726576, 19.2717534 ], [ 81.070409, 19.2701354 ], [ 81.0697365, 19.2664931 ], [ 81.071728, 19.2594112 ], [ 81.0704458, 19.2567509 ], [ 81.072122, 19.253953 ], [ 81.0720161, 19.2496376 ], [ 81.0736148, 19.2473073 ], [ 81.0732497, 19.2438834 ], [ 81.0749674, 19.2409975 ], [ 81.075539, 19.2376506 ], [ 81.0789349, 19.2363054 ], [ 81.0779363, 19.2358986 ], [ 81.0764154, 19.2330616 ], [ 81.0719126, 19.2314342 ], [ 81.0664057, 19.2317984 ], [ 81.0624888, 19.2278403 ], [ 81.0557169, 19.2287231 ], [ 81.0502678, 19.2278267 ], [ 81.0431292, 19.2295807 ], [ 81.0403523, 19.2293356 ], [ 81.0381322, 19.228124 ], [ 81.0355403, 19.2285519 ], [ 81.0351013, 19.231447 ], [ 81.032885, 19.2319021 ], [ 81.0327311, 19.2351137 ], [ 81.0301011, 19.2354826 ], [ 81.0285826, 19.2379888 ], [ 81.0258198, 19.2377073 ], [ 81.0258143, 19.2391256 ], [ 81.0245776, 19.2394141 ], [ 81.0234031, 19.2391605 ], [ 81.0212272, 19.2358573 ], [ 81.016935, 19.232702 ], [ 81.0126204, 19.2348766 ], [ 81.0101291, 19.2341343 ], [ 81.0043026, 19.2355624 ], [ 81.0024007, 19.2351501 ], [ 80.9995637, 19.2324381 ], [ 80.9984977, 19.2335168 ], [ 80.9930391, 19.233843 ], [ 80.9643796, 19.2340322 ], [ 80.9552241, 19.2362707 ], [ 80.950747, 19.2515543 ], [ 80.9567681, 19.2918332 ], [ 80.9523125, 19.3103869 ], [ 80.9409188, 19.3213569 ], [ 80.9272214, 19.3312509 ], [ 80.9066379, 19.341186 ], [ 80.8757393, 19.353359 ], [ 80.8528527, 19.3638999 ], [ 80.8502818, 19.3688706 ], [ 80.8490536, 19.3697379 ], [ 80.8418513, 19.3719149 ], [ 80.8370617, 19.3755963 ], [ 80.8283933, 19.3800784 ], [ 80.820671, 19.3811642 ], [ 80.8193823, 19.3820287 ], [ 80.8170594, 19.3847801 ], [ 80.8174575, 19.3884288 ], [ 80.8164646, 19.392018 ], [ 80.8166481, 19.3971513 ], [ 80.8138392, 19.4017207 ], [ 80.8127609, 19.4053294 ], [ 80.8107149, 19.407851 ], [ 80.8044731, 19.411953 ], [ 80.8042898, 19.4194606 ], [ 80.802832, 19.4215826 ], [ 80.7993234, 19.4227203 ], [ 80.7955968, 19.4305491 ], [ 80.7958498, 19.4322648 ], [ 80.8005836, 19.4320885 ], [ 80.8071841, 19.4335515 ], [ 80.8125271, 19.4327561 ], [ 80.8215657, 19.4379813 ], [ 80.8230612, 19.4398451 ], [ 80.8279536, 19.4401411 ], [ 80.8301267, 19.4431873 ], [ 80.838957, 19.4450274 ], [ 80.8424112, 19.4468885 ], [ 80.8454442, 19.4468905 ], [ 80.8475941, 19.445392 ], [ 80.850489, 19.4466902 ], [ 80.8534538, 19.4447466 ], [ 80.8564828, 19.4460444 ], [ 80.8645588, 19.4444623 ], [ 80.8693466, 19.4452954 ], [ 80.8733586, 19.4448985 ], [ 80.8753694, 19.4459848 ], [ 80.8822449, 19.4527821 ], [ 80.8864686, 19.4587762 ], [ 80.8887675, 19.4605219 ], [ 80.8895759, 19.462864 ], [ 80.8930003, 19.465992 ], [ 80.894879, 19.4696443 ], [ 80.8952749, 19.4741101 ], [ 80.8976843, 19.4804487 ], [ 80.8965047, 19.4937442 ], [ 80.8950151, 19.5007885 ], [ 80.8929402, 19.5022997 ], [ 80.8942777, 19.5036862 ], [ 80.8932103, 19.5072692 ], [ 80.8947126, 19.5096214 ], [ 80.8940133, 19.5119455 ], [ 80.8948766, 19.5138111 ], [ 80.8949649, 19.5196248 ], [ 80.8912036, 19.5205143 ], [ 80.8893374, 19.5229119 ], [ 80.8836868, 19.5261709 ], [ 80.8788922, 19.5233979 ], [ 80.8752996, 19.5195209 ], [ 80.873139, 19.5187007 ], [ 80.8685106, 19.5217724 ], [ 80.864483, 19.5200446 ], [ 80.8562074, 19.5230028 ], [ 80.8534297, 19.5267831 ], [ 80.849898, 19.5289057 ], [ 80.8493258, 19.5306193 ], [ 80.8496749, 19.5344977 ], [ 80.8436967, 19.5384537 ], [ 80.8418877, 19.5426647 ], [ 80.8416622, 19.5457194 ], [ 80.8394006, 19.5492105 ], [ 80.8406501, 19.5542524 ], [ 80.8394597, 19.5594121 ], [ 80.8371743, 19.5626144 ], [ 80.8362109, 19.5658687 ], [ 80.8347775, 19.5667436 ], [ 80.8317928, 19.567446 ], [ 80.8298934, 19.5666552 ], [ 80.8239595, 19.5667214 ], [ 80.8161538, 19.5711969 ], [ 80.8107861, 19.5688969 ], [ 80.806328, 19.5689563 ], [ 80.8029219, 19.5655724 ], [ 80.7969955, 19.5624843 ], [ 80.7894424, 19.5604177 ], [ 80.7862726, 19.5607677 ], [ 80.7811338, 19.5637469 ], [ 80.7751089, 19.5625119 ], [ 80.7732538, 19.5660396 ], [ 80.7699382, 19.5690394 ], [ 80.7688444, 19.573345 ], [ 80.7670331, 19.5749137 ], [ 80.7694283, 19.5866697 ], [ 80.7653221, 19.5903853 ], [ 80.7599952, 19.591647 ], [ 80.7575215, 19.5966735 ], [ 80.7497814, 19.6005151 ], [ 80.7458784, 19.6015384 ], [ 80.7408459, 19.6062309 ], [ 80.7330782, 19.6063032 ], [ 80.7303383, 19.6101795 ], [ 80.726783, 19.6108614 ], [ 80.7221568, 19.6142825 ], [ 80.7146477, 19.6167048 ], [ 80.7056734, 19.6139815 ], [ 80.6963751, 19.6128435 ], [ 80.688468, 19.6131711 ], [ 80.6837825, 19.6118603 ], [ 80.6801255, 19.6119742 ], [ 80.6702714, 19.6093192 ], [ 80.6653321, 19.6118792 ], [ 80.6651082, 19.6160649 ], [ 80.6626174, 19.6224818 ], [ 80.6663712, 19.6379859 ], [ 80.6660992, 19.6442603 ], [ 80.667871, 19.6495862 ], [ 80.667345, 19.6577117 ], [ 80.6694518, 19.6647347 ], [ 80.6717199, 19.6775998 ], [ 80.672953, 19.6794078 ], [ 80.6742501, 19.6844131 ], [ 80.6728821, 19.6989509 ], [ 80.6709131, 19.7021534 ], [ 80.6750456, 19.7046813 ], [ 80.681729, 19.7062199 ], [ 80.6911532, 19.7029489 ], [ 80.6946759, 19.7057868 ], [ 80.6979924, 19.7101194 ], [ 80.6999737, 19.710924 ], [ 80.7026283, 19.7102959 ], [ 80.7098289, 19.7063654 ], [ 80.7118501, 19.7079319 ], [ 80.7123041, 19.7111311 ], [ 80.7161292, 19.7112645 ], [ 80.7161426, 19.7178006 ], [ 80.715269, 19.7185755 ], [ 80.715056, 19.7234507 ], [ 80.7124012, 19.7373394 ], [ 80.7078491, 19.7493599 ], [ 80.705547, 19.7532672 ], [ 80.7066798, 19.7582879 ], [ 80.7032567, 19.7608953 ], [ 80.7042843, 19.7645039 ], [ 80.7025954, 19.7656196 ], [ 80.703832, 19.7665563 ], [ 80.703914, 19.7684022 ], [ 80.7055103, 19.7705602 ], [ 80.7050547, 19.7764616 ], [ 80.7065789, 19.776662 ], [ 80.7106301, 19.7794817 ], [ 80.7134178, 19.7856154 ], [ 80.7183966, 19.7892736 ], [ 80.7212875, 19.7896001 ], [ 80.7224517, 19.7912394 ], [ 80.7238529, 19.7901091 ], [ 80.724511, 19.7912432 ], [ 80.7256636, 19.7905785 ], [ 80.7283445, 19.7913204 ], [ 80.7363372, 19.7964862 ], [ 80.7385307, 19.7993778 ], [ 80.7401677, 19.8002037 ], [ 80.742017, 19.8045009 ], [ 80.7446409, 19.8077015 ], [ 80.7460606, 19.8074398 ], [ 80.7484202, 19.8051642 ], [ 80.7538234, 19.8071956 ], [ 80.7576151, 19.8102559 ], [ 80.762917, 19.8103722 ], [ 80.7658705, 19.8112503 ], [ 80.7667976, 19.8094306 ], [ 80.7618788, 19.8005478 ], [ 80.7578262, 19.7955362 ], [ 80.757481, 19.7912858 ], [ 80.7592745, 19.792136 ], [ 80.7649529, 19.7922616 ], [ 80.7710946, 19.7915788 ], [ 80.7749178, 19.7899233 ], [ 80.7778144, 19.7896494 ], [ 80.7832292, 19.7915854 ], [ 80.7856893, 19.7955387 ], [ 80.7866411, 19.8002185 ], [ 80.7967498, 19.8068491 ], [ 80.7966632, 19.8081363 ], [ 80.7977077, 19.809424 ], [ 80.8006613, 19.8104279 ], [ 80.8045701, 19.8098288 ], [ 80.8106258, 19.8108293 ], [ 80.8118755, 19.8123699 ], [ 80.8099884, 19.8173466 ], [ 80.8118677, 19.8201431 ], [ 80.8092926, 19.8266326 ], [ 80.8028001, 19.8299905 ], [ 80.7891834, 19.8292844 ], [ 80.784141, 19.8331618 ], [ 80.7813005, 19.8341179 ], [ 80.7792971, 19.840002 ], [ 80.776975, 19.8437451 ], [ 80.7783045, 19.8476166 ], [ 80.777464, 19.848122 ], [ 80.7753229, 19.8445797 ], [ 80.7714718, 19.843069 ], [ 80.7679382, 19.8379811 ], [ 80.7615647, 19.8331354 ], [ 80.7610754, 19.829856 ], [ 80.7593688, 19.826919 ], [ 80.7618329, 19.8250823 ], [ 80.7617189, 19.8242738 ], [ 80.7529158, 19.8209211 ], [ 80.7474957, 19.8162122 ], [ 80.7270697, 19.8203977 ], [ 80.7262091, 19.8212 ], [ 80.7268873, 19.8220443 ], [ 80.7263065, 19.8241358 ], [ 80.7232734, 19.8282161 ], [ 80.7195707, 19.82993 ], [ 80.7188602, 19.8310008 ], [ 80.7189658, 19.8319402 ], [ 80.7230575, 19.8341105 ], [ 80.7245383, 19.8359253 ], [ 80.7234157, 19.842055 ], [ 80.7214277, 19.8461031 ], [ 80.7226558, 19.8482885 ], [ 80.7359071, 19.8563598 ], [ 80.7399766, 19.8544558 ], [ 80.7468616, 19.852657 ], [ 80.7484198, 19.8530424 ], [ 80.7505929, 19.8552341 ], [ 80.7508522, 19.8594619 ], [ 80.751863, 19.861066 ], [ 80.7519709, 19.8697471 ], [ 80.7543463, 19.8724948 ], [ 80.7592137, 19.8756371 ], [ 80.7595322, 19.8776111 ], [ 80.7619596, 19.8815512 ], [ 80.7627113, 19.8854043 ], [ 80.7655196, 19.8908802 ], [ 80.7798669, 19.8923021 ], [ 80.7915731, 19.8951218 ], [ 80.8092495, 19.907306 ], [ 80.819419, 19.9122913 ], [ 80.8243458, 19.9166423 ], [ 80.8290096, 19.9230481 ], [ 80.8364855, 19.9349014 ], [ 80.8428639, 19.9473279 ], [ 80.8646973, 19.9409666 ], [ 80.875802, 19.9391963 ], [ 80.8883825, 19.9385499 ], [ 80.8995712, 19.9269274 ], [ 80.9064713, 19.9221658 ], [ 80.910267, 19.9181452 ], [ 80.918434, 19.9035638 ], [ 80.9197344, 19.8924705 ] ] ] ] } },
{ "type": "Feature", "properties": { "dtname": "Kanker", "stname": "CHHATTISGARH", "dist_lgd": 381, "year_stat": "2011_c" }, "geometry": { "type": "Polygon", "coordinates": [ [ [ 81.3393681, 20.5536958 ], [ 81.3495003, 20.5562548 ], [ 81.3530866, 20.5550466 ], [ 81.3573894, 20.5551843 ], [ 81.3649784, 20.5480789 ], [ 81.3668446, 20.5429221 ], [ 81.3682512, 20.5416467 ], [ 81.3756833, 20.5370555 ], [ 81.3865921, 20.5333931 ], [ 81.3912957, 20.5404322 ], [ 81.393678, 20.5458126 ], [ 81.4103624, 20.5544328 ], [ 81.4101355, 20.5440675 ], [ 81.4120506, 20.5401989 ], [ 81.4109671, 20.5358019 ], [ 81.4108226, 20.5257538 ], [ 81.4156086, 20.5251581 ], [ 81.4243079, 20.5156646 ], [ 81.4372527, 20.5184647 ], [ 81.4449679, 20.5162591 ], [ 81.4494179, 20.5158734 ], [ 81.4557626, 20.5137151 ], [ 81.4731933, 20.5130702 ], [ 81.4806576, 20.5137407 ], [ 81.4864008, 20.5130418 ], [ 81.4880907, 20.5120007 ], [ 81.4927258, 20.5161381 ], [ 81.4954784, 20.5203694 ], [ 81.5028433, 20.5199478 ], [ 81.5015471, 20.5165651 ], [ 81.5030022, 20.5145837 ], [ 81.5026942, 20.5117542 ], [ 81.5040241, 20.5113761 ], [ 81.5044579, 20.5101519 ], [ 81.5055452, 20.5041481 ], [ 81.5048973, 20.5023693 ], [ 81.5098588, 20.4963179 ], [ 81.5165909, 20.4930895 ], [ 81.5247376, 20.4927434 ], [ 81.5259917, 20.4944752 ], [ 81.5275493, 20.4943228 ], [ 81.5350318, 20.4995466 ], [ 81.5383824, 20.5007325 ], [ 81.5383612, 20.5097655 ], [ 81.5398761, 20.5099412 ], [ 81.5410798, 20.5151892 ], [ 81.5489955, 20.5151054 ], [ 81.5563856, 20.5139144 ], [ 81.558519, 20.5141193 ], [ 81.5604059, 20.517121 ], [ 81.5719698, 20.5188741 ], [ 81.5791424, 20.517185 ], [ 81.5863791, 20.5190255 ], [ 81.588389, 20.518851 ], [ 81.5942336, 20.516928 ], [ 81.5977561, 20.5187362 ], [ 81.6005082, 20.5183285 ], [ 81.6028587, 20.514947 ], [ 81.60552, 20.5140433 ], [ 81.6066024, 20.512265 ], [ 81.6123375, 20.5143618 ], [ 81.6164505, 20.5171025 ], [ 81.6191721, 20.5142455 ], [ 81.6347543, 20.5087945 ], [ 81.6410913, 20.5039857 ], [ 81.6413225, 20.4950336 ], [ 81.6592762, 20.4977871 ], [ 81.6742697, 20.4896341 ], [ 81.6923251, 20.4813045 ], [ 81.735103, 20.4819325 ], [ 81.7346054, 20.4782467 ], [ 81.7314247, 20.4744415 ], [ 81.7335821, 20.4698619 ], [ 81.7365071, 20.4704589 ], [ 81.7397792, 20.4685411 ], [ 81.7405089, 20.4628954 ], [ 81.7374559, 20.4572676 ], [ 81.7373133, 20.4519661 ], [ 81.7360834, 20.447811 ], [ 81.736885, 20.4444413 ], [ 81.7342818, 20.4411268 ], [ 81.7329017, 20.4316751 ], [ 81.734089, 20.4283823 ], [ 81.7339877, 20.4253334 ], [ 81.7362709, 20.4191 ], [ 81.7405324, 20.4151149 ], [ 81.740895, 20.4114256 ], [ 81.7446212, 20.4068844 ], [ 81.7434596, 20.4037041 ], [ 81.7470586, 20.4035818 ], [ 81.7481022, 20.4025426 ], [ 81.7482941, 20.4005122 ], [ 81.7513765, 20.4003529 ], [ 81.7516326, 20.3971002 ], [ 81.7529322, 20.3956514 ], [ 81.7533474, 20.393363 ], [ 81.7578191, 20.3902514 ], [ 81.7624294, 20.3906095 ], [ 81.7632788, 20.3885396 ], [ 81.7671505, 20.3860392 ], [ 81.767416, 20.3833252 ], [ 81.7689862, 20.3822118 ], [ 81.7650427, 20.378647 ], [ 81.765099, 20.3749269 ], [ 81.7669343, 20.373033 ], [ 81.7644707, 20.3676352 ], [ 81.7625061, 20.3596725 ], [ 81.7623675, 20.3566989 ], [ 81.7633336, 20.3543692 ], [ 81.7747883, 20.3528768 ], [ 81.7803188, 20.3551531 ], [ 81.781568, 20.3567525 ], [ 81.7830986, 20.3477453 ], [ 81.7820157, 20.3460616 ], [ 81.7839674, 20.3442817 ], [ 81.7843211, 20.3412153 ], [ 81.7928237, 20.3306014 ], [ 81.7950284, 20.3262757 ], [ 81.7943737, 20.3213538 ], [ 81.7933269, 20.3208708 ], [ 81.7840904, 20.3188292 ], [ 81.774917, 20.3196371 ], [ 81.7743298, 20.3091071 ], [ 81.7661737, 20.3096275 ], [ 81.7611378, 20.3062204 ], [ 81.7585055, 20.2936994 ], [ 81.7613742, 20.2885468 ], [ 81.7618453, 20.2858345 ], [ 81.7606044, 20.2829689 ], [ 81.7702494, 20.2804705 ], [ 81.7730918, 20.2784835 ], [ 81.7779144, 20.2780979 ], [ 81.7801465, 20.2819869 ], [ 81.7889252, 20.2878825 ], [ 81.7897925, 20.2867768 ], [ 81.7896834, 20.284245 ], [ 81.7908299, 20.2819616 ], [ 81.7918491, 20.2756111 ], [ 81.7981373, 20.2660494 ], [ 81.8002511, 20.2647921 ], [ 81.7992271, 20.2559064 ], [ 81.7919153, 20.2575346 ], [ 81.7843555, 20.2611165 ], [ 81.7855341, 20.2561125 ], [ 81.7845728, 20.2552585 ], [ 81.7828755, 20.2494014 ], [ 81.779912, 20.247433 ], [ 81.7790658, 20.2422792 ], [ 81.7749521, 20.2320155 ], [ 81.7767479, 20.2297538 ], [ 81.7816275, 20.2275501 ], [ 81.7830169, 20.2163116 ], [ 81.7852216, 20.2094024 ], [ 81.8010247, 20.2141484 ], [ 81.8016205, 20.208762 ], [ 81.8053452, 20.1976259 ], [ 81.8090808, 20.193768 ], [ 81.8117212, 20.1885908 ], [ 81.8113799, 20.1867141 ], [ 81.8100387, 20.185187 ], [ 81.8090107, 20.1781883 ], [ 81.8104664, 20.1745622 ], [ 81.8126102, 20.1724786 ], [ 81.8128959, 20.1693374 ], [ 81.8142312, 20.1674703 ], [ 81.806669, 20.1622533 ], [ 81.80018, 20.1592472 ], [ 81.7881993, 20.1586613 ], [ 81.7754447, 20.1567848 ], [ 81.7713955, 20.1576135 ], [ 81.7671346, 20.1568025 ], [ 81.7587365, 20.1626325 ], [ 81.7467384, 20.1635528 ], [ 81.74313, 20.1608319 ], [ 81.7377381, 20.158681 ], [ 81.7297645, 20.1576697 ], [ 81.7273697, 20.152685 ], [ 81.7244986, 20.1500626 ], [ 81.7249933, 20.1459658 ], [ 81.7238051, 20.1426197 ], [ 81.7189396, 20.1395421 ], [ 81.7096854, 20.1385351 ], [ 81.699516, 20.1333774 ], [ 81.6951116, 20.1331444 ], [ 81.6807261, 20.1298389 ], [ 81.6775223, 20.1303413 ], [ 81.6731714, 20.1323524 ], [ 81.6422089, 20.1421951 ], [ 81.624433, 20.1515858 ], [ 81.6201955, 20.1559533 ], [ 81.6121794, 20.1581389 ], [ 81.6114141, 20.1592273 ], [ 81.6118347, 20.1626644 ], [ 81.6100133, 20.1679796 ], [ 81.6012357, 20.1737463 ], [ 81.5949777, 20.1798284 ], [ 81.5937831, 20.1841645 ], [ 81.5892934, 20.187965 ], [ 81.5847585, 20.1955188 ], [ 81.5728078, 20.1947669 ], [ 81.5578379, 20.1925108 ], [ 81.5541769, 20.1912356 ], [ 81.5504021, 20.189772 ], [ 81.5488039, 20.1861371 ], [ 81.5466448, 20.1839772 ], [ 81.5303371, 20.1761883 ], [ 81.5230611, 20.170098 ], [ 81.5194768, 20.1691143 ], [ 81.5171315, 20.167468 ], [ 81.5109711, 20.1655478 ], [ 81.5005005, 20.1646491 ], [ 81.4987868, 20.1641433 ], [ 81.4970991, 20.1619341 ], [ 81.4938697, 20.1644403 ], [ 81.4901908, 20.1632684 ], [ 81.4862603, 20.1635581 ], [ 81.4835504, 20.1628701 ], [ 81.4602469, 20.1546495 ], [ 81.4552609, 20.1486019 ], [ 81.4509173, 20.1466837 ], [ 81.4461749, 20.1468136 ], [ 81.4330378, 20.1536453 ], [ 81.41942, 20.1571324 ], [ 81.4190391, 20.1489684 ], [ 81.4118647, 20.1396995 ], [ 81.4082691, 20.1282489 ], [ 81.4040677, 20.122245 ], [ 81.4013015, 20.1166636 ], [ 81.4031407, 20.1064617 ], [ 81.4005533, 20.1000896 ], [ 81.4020013, 20.09657 ], [ 81.4042235, 20.0942136 ], [ 81.4056302, 20.0836453 ], [ 81.4050883, 20.0808776 ], [ 81.4010812, 20.0725084 ], [ 81.3976707, 20.0720759 ], [ 81.3954245, 20.069931 ], [ 81.390419, 20.0595634 ], [ 81.3877649, 20.0559763 ], [ 81.3883453, 20.0485407 ], [ 81.3759689, 20.0485112 ], [ 81.3679367, 20.0466718 ], [ 81.3590531, 20.0476643 ], [ 81.3557475, 20.0357472 ], [ 81.3480284, 20.0388156 ], [ 81.3420758, 20.0386542 ], [ 81.3331901, 20.0368244 ], [ 81.322433, 20.0301436 ], [ 81.3116026, 20.0253149 ], [ 81.3109151, 20.0221335 ], [ 81.2916529, 20.0213967 ], [ 81.2944798, 20.0122871 ], [ 81.291894, 20.0100888 ], [ 81.3020058, 20.000798 ], [ 81.3021711, 19.9937783 ], [ 81.3011312, 19.9885447 ], [ 81.3022093, 19.9859239 ], [ 81.3021061, 19.9803506 ], [ 81.3031317, 19.9782434 ], [ 81.301905, 19.9759828 ], [ 81.3091401, 19.9750773 ], [ 81.3121714, 19.9719868 ], [ 81.3202066, 19.9695546 ], [ 81.3306274, 19.9648751 ], [ 81.3294559, 19.9593428 ], [ 81.3315404, 19.9484072 ], [ 81.3264931, 19.9389259 ], [ 81.3308831, 19.93621 ], [ 81.3440477, 19.9309804 ], [ 81.3490905, 19.9218804 ], [ 81.3488652, 19.913148 ], [ 81.3629712, 19.9135233 ], [ 81.3747049, 19.9079747 ], [ 81.3762666, 19.9070627 ], [ 81.3804777, 19.9010971 ], [ 81.385055, 19.8963799 ], [ 81.3907143, 19.8938351 ], [ 81.3943111, 19.8931475 ], [ 81.3974529, 19.8908282 ], [ 81.3997057, 19.8888422 ], [ 81.4027123, 19.8830867 ], [ 81.4058181, 19.8806798 ], [ 81.4042147, 19.8767902 ], [ 81.4046416, 19.8733934 ], [ 81.4024347, 19.8676694 ], [ 81.3967201, 19.8676502 ], [ 81.3882467, 19.8649472 ], [ 81.3799878, 19.8596582 ], [ 81.3803351, 19.8564056 ], [ 81.3773086, 19.8536089 ], [ 81.3799407, 19.847616 ], [ 81.3815116, 19.8469412 ], [ 81.3839168, 19.844198 ], [ 81.3870529, 19.843187 ], [ 81.3879636, 19.8414718 ], [ 81.3960833, 19.8361159 ], [ 81.3903949, 19.8273329 ], [ 81.3787684, 19.8150792 ], [ 81.3757564, 19.8094855 ], [ 81.3746134, 19.8046512 ], [ 81.3707669, 19.7994106 ], [ 81.3704665, 19.7958061 ], [ 81.3779889, 19.7856949 ], [ 81.3752353, 19.782928 ], [ 81.3733061, 19.7790815 ], [ 81.3627624, 19.7789984 ], [ 81.3598663, 19.7782485 ], [ 81.3584943, 19.774941 ], [ 81.355644, 19.7745127 ], [ 81.3175666, 19.7777215 ], [ 81.3089468, 19.779025 ], [ 81.2938785, 19.7852761 ], [ 81.2928955, 19.787318 ], [ 81.2888343, 19.7883775 ], [ 81.27073, 19.7672253 ], [ 81.2550246, 19.7660186 ], [ 81.2496844, 19.7666334 ], [ 81.2483613, 19.7686541 ], [ 81.2256557, 19.7869897 ], [ 81.223449, 19.7911643 ], [ 81.2166819, 19.7980469 ], [ 81.2115294, 19.8003846 ], [ 81.2038284, 19.8025156 ], [ 81.194587, 19.8073793 ], [ 81.1863368, 19.8101331 ], [ 81.1797752, 19.8106049 ], [ 81.1776221, 19.8083698 ], [ 81.1735624, 19.7979284 ], [ 81.1707279, 19.781493 ], [ 81.1687383, 19.7817509 ], [ 81.1589245, 19.7645399 ], [ 81.1573822, 19.7583478 ], [ 81.1577392, 19.7547388 ], [ 81.1597153, 19.7495955 ], [ 81.1813587, 19.7275876 ], [ 81.1918294, 19.7294629 ], [ 81.2051168, 19.7167609 ], [ 81.1866153, 19.7033808 ], [ 81.0852512, 19.7063004 ], [ 81.0588784, 19.7467888 ], [ 81.0586158, 19.7508094 ], [ 81.0506561, 19.7561495 ], [ 81.045966, 19.7573264 ], [ 81.0406012, 19.7620078 ], [ 81.0383491, 19.7624267 ], [ 81.0317943, 19.7616647 ], [ 81.0275618, 19.7628864 ], [ 81.0252278, 19.7645563 ], [ 81.0181351, 19.7763589 ], [ 81.0186289, 19.7798777 ], [ 81.0179727, 19.7837797 ], [ 81.0166971, 19.7862676 ], [ 81.0172383, 19.7903194 ], [ 81.0153012, 19.7970345 ], [ 81.0142544, 19.8063066 ], [ 81.0090719, 19.8128662 ], [ 81.0054622, 19.8151943 ], [ 80.9901126, 19.8169972 ], [ 80.9817067, 19.8148389 ], [ 80.976548, 19.8153343 ], [ 80.9757359, 19.8141152 ], [ 80.9724039, 19.8127982 ], [ 80.9699424, 19.8144753 ], [ 80.9666686, 19.8146396 ], [ 80.9603291, 19.8204467 ], [ 80.9591145, 19.8249865 ], [ 80.9577265, 19.8267441 ], [ 80.9521333, 19.8278035 ], [ 80.9495573, 19.8306005 ], [ 80.9452453, 19.8367901 ], [ 80.9437177, 19.8583396 ], [ 80.9415769, 19.8646367 ], [ 80.9389719, 19.8684903 ], [ 80.9376373, 19.8739379 ], [ 80.9232424, 19.8874381 ], [ 80.9207796, 19.8906727 ], [ 80.9191572, 19.8942819 ], [ 80.91768, 19.9055784 ], [ 80.910267, 19.9181452 ], [ 80.9064713, 19.9221658 ], [ 80.8995712, 19.9269274 ], [ 80.8883825, 19.9385499 ], [ 80.875802, 19.9391963 ], [ 80.8646973, 19.9409666 ], [ 80.8428639, 19.9473279 ], [ 80.8364855, 19.9349014 ], [ 80.8290096, 19.9230481 ], [ 80.8243458, 19.9166423 ], [ 80.819419, 19.9122913 ], [ 80.8092495, 19.907306 ], [ 80.7915731, 19.8951218 ], [ 80.7798669, 19.8923021 ], [ 80.7655196, 19.8908802 ], [ 80.7627113, 19.8854043 ], [ 80.7619596, 19.8815512 ], [ 80.7595322, 19.8776111 ], [ 80.7592137, 19.8756371 ], [ 80.7543463, 19.8724948 ], [ 80.7519709, 19.8697471 ], [ 80.751863, 19.861066 ], [ 80.7508522, 19.8594619 ], [ 80.7505929, 19.8552341 ], [ 80.7484198, 19.8530424 ], [ 80.7468616, 19.852657 ], [ 80.7399766, 19.8544558 ], [ 80.7359071, 19.8563598 ], [ 80.7218628, 19.8472998 ], [ 80.7217371, 19.844775 ], [ 80.7234157, 19.842055 ], [ 80.7246102, 19.8362956 ], [ 80.7230575, 19.8341105 ], [ 80.7189658, 19.8319402 ], [ 80.7188888, 19.8308517 ], [ 80.7232734, 19.8282161 ], [ 80.7263065, 19.8241358 ], [ 80.7268873, 19.8220443 ], [ 80.7262091, 19.8212 ], [ 80.7270697, 19.8203977 ], [ 80.7474957, 19.8162122 ], [ 80.7529158, 19.8209211 ], [ 80.7617189, 19.8242738 ], [ 80.7618329, 19.8250823 ], [ 80.7593688, 19.826919 ], [ 80.7610754, 19.829856 ], [ 80.7615647, 19.8331354 ], [ 80.7679382, 19.8379811 ], [ 80.7714718, 19.843069 ], [ 80.7753229, 19.8445797 ], [ 80.777464, 19.848122 ], [ 80.7783045, 19.8476166 ], [ 80.776975, 19.8437451 ], [ 80.7792971, 19.840002 ], [ 80.7813005, 19.8341179 ], [ 80.784141, 19.8331618 ], [ 80.7891834, 19.8292844 ], [ 80.8028001, 19.8299905 ], [ 80.8092926, 19.8266326 ], [ 80.8118677, 19.8201431 ], [ 80.8099884, 19.8173466 ], [ 80.8118755, 19.8123699 ], [ 80.8106258, 19.8108293 ], [ 80.8045701, 19.8098288 ], [ 80.8006613, 19.8104279 ], [ 80.7977077, 19.809424 ], [ 80.7966632, 19.8081363 ], [ 80.7967498, 19.8068491 ], [ 80.7866411, 19.8002185 ], [ 80.7856893, 19.7955387 ], [ 80.7832292, 19.7915854 ], [ 80.7799281, 19.7899531 ], [ 80.7749178, 19.7899233 ], [ 80.7710946, 19.7915788 ], [ 80.7649529, 19.7922616 ], [ 80.7592745, 19.792136 ], [ 80.757481, 19.7912858 ], [ 80.7578262, 19.7955362 ], [ 80.7618788, 19.8005478 ], [ 80.7667976, 19.8094306 ], [ 80.7658705, 19.8112503 ], [ 80.762917, 19.8103722 ], [ 80.7576151, 19.8102559 ], [ 80.7538234, 19.8071956 ], [ 80.7484202, 19.8051642 ], [ 80.7460606, 19.8074398 ], [ 80.7442082, 19.8075032 ], [ 80.7401677, 19.8002037 ], [ 80.7308621, 19.7924441 ], [ 80.7257881, 19.7905846 ], [ 80.7243996, 19.7912122 ], [ 80.7238529, 19.7901091 ], [ 80.7223862, 19.7912146 ], [ 80.7212875, 19.7896001 ], [ 80.7185211, 19.7893418 ], [ 80.7136363, 19.7858729 ], [ 80.7106301, 19.7794817 ], [ 80.7065789, 19.776662 ], [ 80.7050547, 19.7764616 ], [ 80.7055103, 19.7705602 ], [ 80.703914, 19.7684022 ], [ 80.703832, 19.7665563 ], [ 80.7025954, 19.7656196 ], [ 80.7042843, 19.7645039 ], [ 80.7032964, 19.7607673 ], [ 80.7066798, 19.7582879 ], [ 80.705547, 19.7532672 ], [ 80.7078491, 19.7493599 ], [ 80.7121145, 19.7383256 ], [ 80.715056, 19.7234507 ], [ 80.715269, 19.7185755 ], [ 80.7161426, 19.7178006 ], [ 80.7161292, 19.7112645 ], [ 80.7123041, 19.7111311 ], [ 80.7118501, 19.7079319 ], [ 80.7106341, 19.7066382 ], [ 80.7094179, 19.7064527 ], [ 80.7026283, 19.7102959 ], [ 80.6999737, 19.710924 ], [ 80.6979924, 19.7101194 ], [ 80.6946759, 19.7057868 ], [ 80.6911532, 19.7029489 ], [ 80.681729, 19.7062199 ], [ 80.6750456, 19.7046813 ], [ 80.670606, 19.7021848 ], [ 80.6634421, 19.7059321 ], [ 80.6564076, 19.7070921 ], [ 80.6510346, 19.7107969 ], [ 80.6475984, 19.7138763 ], [ 80.6442004, 19.7204877 ], [ 80.6401314, 19.7253056 ], [ 80.6367668, 19.7262233 ], [ 80.6352605, 19.7253332 ], [ 80.6333893, 19.7260382 ], [ 80.6305689, 19.7250579 ], [ 80.6267605, 19.7257847 ], [ 80.6211041, 19.7330312 ], [ 80.618111, 19.7333146 ], [ 80.6139746, 19.7350304 ], [ 80.6110578, 19.7381713 ], [ 80.6092831, 19.7384916 ], [ 80.6069228, 19.7367344 ], [ 80.6057189, 19.7367343 ], [ 80.5989686, 19.7403122 ], [ 80.5972373, 19.7395713 ], [ 80.5959917, 19.740435 ], [ 80.5943768, 19.7391695 ], [ 80.5924437, 19.7414692 ], [ 80.5901032, 19.7422214 ], [ 80.5877548, 19.7410653 ], [ 80.5857424, 19.7415546 ], [ 80.5848865, 19.744081 ], [ 80.5814104, 19.7459953 ], [ 80.581768, 19.7470348 ], [ 80.5841965, 19.7473748 ], [ 80.5820633, 19.7508178 ], [ 80.5788687, 19.7517133 ], [ 80.5763928, 19.7541907 ], [ 80.5738176, 19.7548134 ], [ 80.5710845, 19.7594871 ], [ 80.5677995, 19.7605832 ], [ 80.5621525, 19.7609664 ], [ 80.5572233, 19.7627393 ], [ 80.5528446, 19.7653769 ], [ 80.543741, 19.775805 ], [ 80.5424401, 19.783448 ], [ 80.5468474, 19.7915521 ], [ 80.5475574, 19.7948972 ], [ 80.5475457, 19.7979083 ], [ 80.5452154, 19.806079 ], [ 80.546619, 19.8110469 ], [ 80.5464269, 19.8181293 ], [ 80.5202064, 19.8317181 ], [ 80.5119185, 19.8303458 ], [ 80.5074753, 19.8313905 ], [ 80.5040352, 19.8308504 ], [ 80.500369, 19.8277121 ], [ 80.4805813, 19.8275058 ], [ 80.4688777, 19.8104467 ], [ 80.4756525, 19.8036182 ], [ 80.4805036, 19.8020944 ], [ 80.4836468, 19.8031696 ], [ 80.4849679, 19.8024772 ], [ 80.4859546, 19.7964816 ], [ 80.4899931, 19.7901463 ], [ 80.4913051, 19.7752919 ], [ 80.4902664, 19.7713999 ], [ 80.489029, 19.7704104 ], [ 80.4863704, 19.770717 ], [ 80.482663, 19.7727365 ], [ 80.4822428, 19.7783599 ], [ 80.4808301, 19.781293 ], [ 80.4742271, 19.7862096 ], [ 80.4680305, 19.7888249 ], [ 80.4663387, 19.7935347 ], [ 80.4642583, 19.7957751 ], [ 80.4627629, 19.7957264 ], [ 80.458336, 19.7928382 ], [ 80.4492968, 19.7897712 ], [ 80.4435735, 19.7927636 ], [ 80.4394886, 19.7960585 ], [ 80.4326645, 19.7968445 ], [ 80.4241623, 19.7991611 ], [ 80.4147823, 19.7958106 ], [ 80.4048777, 19.7937183 ], [ 80.4024283, 19.7947845 ], [ 80.401872, 19.7968173 ], [ 80.4054025, 19.8008103 ], [ 80.4076883, 19.8060044 ], [ 80.4057345, 19.8111086 ], [ 80.4016243, 19.817038 ], [ 80.4060836, 19.815919 ], [ 80.4130602, 19.8163904 ], [ 80.421585, 19.8133998 ], [ 80.4296752, 19.8071442 ], [ 80.4407211, 19.8103338 ], [ 80.4600749, 19.8229944 ], [ 80.4661208, 19.8248233 ], [ 80.4690793, 19.8270217 ], [ 80.4719028, 19.8355594 ], [ 80.4735836, 19.8373927 ], [ 80.4786898, 19.8393218 ], [ 80.4810201, 19.8454757 ], [ 80.4810171, 19.849271 ], [ 80.4834186, 19.851442 ], [ 80.4841692, 19.8542277 ], [ 80.4825344, 19.8588081 ], [ 80.4862872, 19.8635936 ], [ 80.4995164, 19.8696831 ], [ 80.5058245, 19.8706498 ], [ 80.5024142, 19.878431 ], [ 80.4995845, 19.8908421 ], [ 80.4937417, 19.9001161 ], [ 80.4914266, 19.9020133 ], [ 80.4741427, 19.9038102 ], [ 80.4686237, 19.9075644 ], [ 80.4620348, 19.9043817 ], [ 80.4603533, 19.9011357 ], [ 80.4571679, 19.8989656 ], [ 80.4504639, 19.8964233 ], [ 80.4358738, 19.9010849 ], [ 80.4332355, 19.9028328 ], [ 80.4289794, 19.9034494 ], [ 80.4237138, 19.9025919 ], [ 80.4188717, 19.9044178 ], [ 80.4138831, 19.9074511 ], [ 80.4079537, 19.9127142 ], [ 80.4125737, 19.9246368 ], [ 80.4126726, 19.9306958 ], [ 80.4111824, 19.9382891 ], [ 80.419516, 19.9403432 ], [ 80.4241983, 19.9394382 ], [ 80.4304487, 19.9408248 ], [ 80.4386162, 19.9462546 ], [ 80.440277, 19.9487459 ], [ 80.4436262, 19.9501357 ], [ 80.4521556, 19.957604 ], [ 80.4588451, 19.9536513 ], [ 80.4619146, 19.9501245 ], [ 80.4640238, 19.9505363 ], [ 80.4660318, 19.9481848 ], [ 80.4731643, 19.9509451 ], [ 80.4791239, 19.9440014 ], [ 80.479978, 19.9409183 ], [ 80.4784247, 19.9384447 ], [ 80.480733, 19.934371 ], [ 80.4887472, 19.9306074 ], [ 80.4959264, 19.9310577 ], [ 80.5000194, 19.9286126 ], [ 80.5047441, 19.9285459 ], [ 80.5063847, 19.93007 ], [ 80.5096544, 19.9310474 ], [ 80.5236194, 19.9337854 ], [ 80.5256103, 19.9373085 ], [ 80.5298944, 19.9394673 ], [ 80.5316397, 19.9485653 ], [ 80.534947, 19.9511001 ], [ 80.5389018, 19.9518919 ], [ 80.5372086, 19.9593096 ], [ 80.5393905, 19.9625553 ], [ 80.5358023, 19.9655289 ], [ 80.5378048, 19.9695639 ], [ 80.5376393, 19.9737937 ], [ 80.5382374, 19.9749916 ], [ 80.5403984, 19.9751443 ], [ 80.5437802, 19.9775416 ], [ 80.5490488, 19.9841825 ], [ 80.5500901, 19.9887887 ], [ 80.5498518, 20.0008103 ], [ 80.5455636, 20.0054922 ], [ 80.5425649, 20.0107707 ], [ 80.5469671, 20.0179495 ], [ 80.5458712, 20.0211558 ], [ 80.5468422, 20.0289789 ], [ 80.5478005, 20.0336314 ], [ 80.5509844, 20.041636 ], [ 80.5493148, 20.0552483 ], [ 80.5505802, 20.0576471 ], [ 80.5510946, 20.0616355 ], [ 80.5543671, 20.0654262 ], [ 80.5566404, 20.0699616 ], [ 80.5568117, 20.0718767 ], [ 80.5551115, 20.0792968 ], [ 80.5505678, 20.0843173 ], [ 80.544003, 20.0956374 ], [ 80.5440693, 20.0969336 ], [ 80.5477178, 20.1054219 ], [ 80.551933, 20.1093259 ], [ 80.5520725, 20.1179615 ], [ 80.5551942, 20.1194397 ], [ 80.5574876, 20.1235641 ], [ 80.5590173, 20.1248022 ], [ 80.5604737, 20.1297168 ], [ 80.5641442, 20.1350972 ], [ 80.5651472, 20.1382636 ], [ 80.5665939, 20.1447002 ], [ 80.5653871, 20.1489678 ], [ 80.568752, 20.154461 ], [ 80.5690423, 20.1586208 ], [ 80.5669206, 20.1664698 ], [ 80.5685201, 20.1744645 ], [ 80.5660265, 20.1785421 ], [ 80.5653699, 20.1818796 ], [ 80.5672567, 20.1890885 ], [ 80.5738355, 20.1857212 ], [ 80.5752472, 20.1841499 ], [ 80.5765973, 20.1804739 ], [ 80.5842756, 20.1774904 ], [ 80.5885036, 20.1793024 ], [ 80.5907802, 20.1811953 ], [ 80.5958984, 20.1820001 ], [ 80.605307, 20.1863959 ], [ 80.6092488, 20.1869428 ], [ 80.6106793, 20.1837498 ], [ 80.6133964, 20.1846804 ], [ 80.6137024, 20.1856604 ], [ 80.6147405, 20.1851953 ], [ 80.6162568, 20.1886144 ], [ 80.6213035, 20.189545 ], [ 80.6223225, 20.1886462 ], [ 80.6260156, 20.1907012 ], [ 80.6262548, 20.1934517 ], [ 80.6283023, 20.1941517 ], [ 80.6284507, 20.1957912 ], [ 80.6381195, 20.2012376 ], [ 80.641129, 20.2039337 ], [ 80.6456846, 20.2112996 ], [ 80.6442981, 20.2191494 ], [ 80.6502123, 20.2216192 ], [ 80.6543808, 20.2264691 ], [ 80.6662271, 20.2223884 ], [ 80.6718897, 20.2138599 ], [ 80.6772606, 20.2077927 ], [ 80.677212, 20.2055119 ], [ 80.6782304, 20.203714 ], [ 80.6828211, 20.1980805 ], [ 80.687733, 20.1946236 ], [ 80.6880713, 20.1911865 ], [ 80.7044223, 20.1912431 ], [ 80.710932, 20.1892347 ], [ 80.7157551, 20.1910479 ], [ 80.723664, 20.2005598 ], [ 80.7266813, 20.2055849 ], [ 80.7285224, 20.2116359 ], [ 80.7279846, 20.215954 ], [ 80.7335558, 20.2255842 ], [ 80.7336635, 20.2290664 ], [ 80.7363123, 20.2394977 ], [ 80.7339961, 20.2462558 ], [ 80.7316326, 20.2470431 ], [ 80.7318726, 20.2481043 ], [ 80.7287561, 20.2535669 ], [ 80.7270754, 20.2667514 ], [ 80.7275504, 20.2685938 ], [ 80.7331647, 20.2687304 ], [ 80.7402181, 20.2732695 ], [ 80.7467341, 20.2755594 ], [ 80.7460102, 20.280248 ], [ 80.747852, 20.2849889 ], [ 80.7480703, 20.2885838 ], [ 80.7494063, 20.2892714 ], [ 80.7502722, 20.2914723 ], [ 80.7538907, 20.2924742 ], [ 80.7589288, 20.2917757 ], [ 80.7602678, 20.2889439 ], [ 80.7687558, 20.2932739 ], [ 80.7760569, 20.2941147 ], [ 80.7805756, 20.2909756 ], [ 80.7800671, 20.2861689 ], [ 80.7807986, 20.2850998 ], [ 80.784286, 20.2827017 ], [ 80.7894918, 20.2822477 ], [ 80.8060329, 20.291998 ], [ 80.8107109, 20.296318 ], [ 80.8157934, 20.2956743 ], [ 80.8218738, 20.2970452 ], [ 80.8250713, 20.3004662 ], [ 80.8269927, 20.3052714 ], [ 80.8298105, 20.3083619 ], [ 80.8297685, 20.3193554 ], [ 80.8284824, 20.323677 ], [ 80.8223928, 20.3309868 ], [ 80.8233325, 20.3354283 ], [ 80.8257935, 20.3370405 ], [ 80.8263836, 20.3412282 ], [ 80.8204421, 20.3478157 ], [ 80.8130748, 20.3529524 ], [ 80.8121454, 20.3547879 ], [ 80.8179582, 20.3586288 ], [ 80.8202851, 20.3570585 ], [ 80.8234369, 20.3587585 ], [ 80.8285556, 20.3538063 ], [ 80.8355291, 20.3493068 ], [ 80.8423046, 20.3477142 ], [ 80.8477002, 20.3481869 ], [ 80.8508848, 20.3528471 ], [ 80.8510292, 20.3577337 ], [ 80.8543675, 20.3642099 ], [ 80.855242, 20.3725562 ], [ 80.8587404, 20.3754311 ], [ 80.8602003, 20.3879127 ], [ 80.8628204, 20.3880348 ], [ 80.8640803, 20.3856322 ], [ 80.8661496, 20.3842638 ], [ 80.8690761, 20.3846839 ], [ 80.8713129, 20.3837582 ], [ 80.8752549, 20.3867977 ], [ 80.882296, 20.387615 ], [ 80.8872103, 20.3872986 ], [ 80.8894571, 20.3913134 ], [ 80.8911481, 20.3927766 ], [ 80.8914959, 20.3952524 ], [ 80.8931126, 20.3971166 ], [ 80.8951641, 20.3973934 ], [ 80.8983774, 20.4002368 ], [ 80.900231, 20.3989178 ], [ 80.9036898, 20.4002541 ], [ 80.9091912, 20.4102613 ], [ 80.9159621, 20.4171834 ], [ 80.9176594, 20.4220788 ], [ 80.9214604, 20.4279627 ], [ 80.9309933, 20.43725 ], [ 80.9331445, 20.4369828 ], [ 80.936835, 20.4398629 ], [ 80.9454174, 20.4417656 ], [ 80.9578142, 20.4349856 ], [ 80.9612554, 20.4368581 ], [ 80.9663054, 20.4368059 ], [ 80.9711043, 20.4410803 ], [ 80.9741853, 20.4412095 ], [ 80.9801391, 20.4451894 ], [ 80.9806632, 20.4477408 ], [ 80.9784693, 20.4488938 ], [ 80.9800084, 20.4504059 ], [ 80.9832439, 20.4518265 ], [ 80.9895843, 20.4528792 ], [ 80.9918785, 20.4592906 ], [ 80.9998276, 20.451195 ], [ 81.0037075, 20.4506302 ], [ 81.013696, 20.4470768 ], [ 81.0239479, 20.4416482 ], [ 81.0300174, 20.4340898 ], [ 81.0337292, 20.4274243 ], [ 81.0414016, 20.423855 ], [ 81.0526602, 20.4204009 ], [ 81.0639963, 20.4193428 ], [ 81.0702646, 20.4197547 ], [ 81.0771281, 20.4185823 ], [ 81.0857131, 20.4141297 ], [ 81.0909209, 20.4123492 ], [ 81.0955914, 20.4069694 ], [ 81.1044719, 20.4043099 ], [ 81.1055669, 20.4017694 ], [ 81.1086207, 20.3989116 ], [ 81.11305, 20.3987891 ], [ 81.1263005, 20.3924132 ], [ 81.12671, 20.3908415 ], [ 81.1308653, 20.3898636 ], [ 81.1356381, 20.3858709 ], [ 81.1483562, 20.3781985 ], [ 81.1492038, 20.3769835 ], [ 81.1539608, 20.3824611 ], [ 81.1580301, 20.384276 ], [ 81.1608739, 20.388907 ], [ 81.1691481, 20.3962283 ], [ 81.1731174, 20.4061362 ], [ 81.1765953, 20.4061984 ], [ 81.1886215, 20.4116457 ], [ 81.1967295, 20.4115341 ], [ 81.2025427, 20.415969 ], [ 81.2170929, 20.4171271 ], [ 81.2219014, 20.4186916 ], [ 81.2266304, 20.4246827 ], [ 81.2262128, 20.4328023 ], [ 81.227115, 20.4313615 ], [ 81.2336638, 20.4302894 ], [ 81.2358397, 20.4346418 ], [ 81.2360184, 20.4365341 ], [ 81.2349062, 20.4435931 ], [ 81.2372655, 20.4449947 ], [ 81.2438143, 20.4401782 ], [ 81.2541097, 20.4470664 ], [ 81.251996, 20.4539027 ], [ 81.2492213, 20.4559296 ], [ 81.2510229, 20.4602655 ], [ 81.2577559, 20.4665118 ], [ 81.258123, 20.4690548 ], [ 81.2596267, 20.4705415 ], [ 81.2594954, 20.4730526 ], [ 81.2617852, 20.4745084 ], [ 81.2634034, 20.4767721 ], [ 81.2638606, 20.4807648 ], [ 81.2634415, 20.4837904 ], [ 81.2606521, 20.4837074 ], [ 81.259074, 20.4853773 ], [ 81.2605665, 20.4892669 ], [ 81.2581522, 20.4938087 ], [ 81.2574881, 20.4973671 ], [ 81.2564857, 20.4981523 ], [ 81.2528294, 20.4979943 ], [ 81.2530532, 20.4987958 ], [ 81.257787, 20.5026861 ], [ 81.2613643, 20.5069856 ], [ 81.2747063, 20.5147533 ], [ 81.2821362, 20.5168323 ], [ 81.2877508, 20.5171877 ], [ 81.291124, 20.5164427 ], [ 81.3025007, 20.5291232 ], [ 81.3050988, 20.530282 ], [ 81.306798, 20.5425793 ], [ 81.3106684, 20.5491632 ], [ 81.3241879, 20.562714 ], [ 81.3317218, 20.5606448 ], [ 81.3357738, 20.558518 ], [ 81.3393681, 20.5536958 ] ] ] } },
{ "type": "Feature", "properties": { "dtname": "Balod", "stname": "CHHATTISGARH", "dist_lgd": 646, "year_stat": "update2014" }, "geometry": { "type": "Polygon", "coordinates": [ [ [ 81.1591536, 21.078573 ], [ 81.1579634, 21.0722767 ], [ 81.1579783, 21.0702774 ], [ 81.1586777, 21.0696964 ], [ 81.1775853, 21.069298 ], [ 81.1786197, 21.069456 ], [ 81.1795724, 21.0710912 ], [ 81.1914044, 21.0715798 ], [ 81.192374, 21.0685531 ], [ 81.1924932, 21.0588032 ], [ 81.1963224, 21.0576333 ], [ 81.1952211, 21.0507302 ], [ 81.1917617, 21.0393489 ], [ 81.2003744, 21.0369316 ], [ 81.2067286, 21.0367439 ], [ 81.2087007, 21.0281582 ], [ 81.2193981, 21.0284618 ], [ 81.2242633, 21.0468981 ], [ 81.2351022, 21.0467995 ], [ 81.2394546, 21.0453672 ], [ 81.2404266, 21.0444517 ], [ 81.2403873, 21.0420985 ], [ 81.2438703, 21.0428055 ], [ 81.2483506, 21.0414207 ], [ 81.2598603, 21.0423188 ], [ 81.265136, 21.0414607 ], [ 81.2707199, 21.0370128 ], [ 81.2732983, 21.040622 ], [ 81.2728029, 21.0423458 ], [ 81.2733654, 21.0458606 ], [ 81.2723015, 21.0492889 ], [ 81.2788692, 21.0490717 ], [ 81.2809604, 21.0498377 ], [ 81.2837731, 21.0489351 ], [ 81.2855502, 21.0519779 ], [ 81.2897399, 21.0541224 ], [ 81.2902348, 21.0559157 ], [ 81.2939051, 21.0569881 ], [ 81.2969785, 21.0601332 ], [ 81.3011868, 21.0621959 ], [ 81.3019824, 21.0442636 ], [ 81.3043935, 21.0405079 ], [ 81.3078211, 21.0410521 ], [ 81.3139072, 21.0399854 ], [ 81.3202229, 21.0376819 ], [ 81.3290404, 21.0365607 ], [ 81.3398864, 21.0374963 ], [ 81.348248, 21.0415413 ], [ 81.3512638, 21.0404296 ], [ 81.3523045, 21.0377462 ], [ 81.3536778, 21.0371341 ], [ 81.3579353, 21.0367613 ], [ 81.3606761, 21.0392688 ], [ 81.3655793, 21.0380044 ], [ 81.3687009, 21.0392266 ], [ 81.372123, 21.0440452 ], [ 81.3697377, 21.0438245 ], [ 81.3703519, 21.0499943 ], [ 81.3712992, 21.0504869 ], [ 81.3716773, 21.0543929 ], [ 81.3741586, 21.0550366 ], [ 81.3741346, 21.0556361 ], [ 81.3837773, 21.0568152 ], [ 81.3890207, 21.05701 ], [ 81.3902218, 21.0559879 ], [ 81.390655, 21.0542784 ], [ 81.3896227, 21.0533445 ], [ 81.3888731, 21.0485662 ], [ 81.3896799, 21.0472621 ], [ 81.3891746, 21.0431713 ], [ 81.3902836, 21.0397701 ], [ 81.3914844, 21.0387301 ], [ 81.3895115, 21.0330025 ], [ 81.3892293, 21.0277675 ], [ 81.3909753, 21.0249623 ], [ 81.3922512, 21.0249975 ], [ 81.3924759, 21.0211735 ], [ 81.394222, 21.0212398 ], [ 81.394991, 21.0193542 ], [ 81.3940719, 21.0158622 ], [ 81.3954415, 21.0152629 ], [ 81.4002449, 21.0157027 ], [ 81.4013892, 21.0145748 ], [ 81.4036955, 21.0087227 ], [ 81.4075227, 21.0087913 ], [ 81.4120999, 21.0055612 ], [ 81.4200739, 21.0063522 ], [ 81.4198516, 20.9986428 ], [ 81.4205724, 20.9982538 ], [ 81.4204256, 20.9961118 ], [ 81.4211333, 20.996155 ], [ 81.4215815, 20.9934425 ], [ 81.4216972, 20.9894039 ], [ 81.4208285, 20.9875347 ], [ 81.4134747, 20.9849976 ], [ 81.4060158, 20.9842625 ], [ 81.4040784, 20.9822108 ], [ 81.406878, 20.9778178 ], [ 81.4086956, 20.9771745 ], [ 81.4089372, 20.9747118 ], [ 81.410466, 20.9738501 ], [ 81.4101667, 20.9723077 ], [ 81.412794, 20.9716682 ], [ 81.412767, 20.9708045 ], [ 81.4179061, 20.9703074 ], [ 81.4177372, 20.9693952 ], [ 81.4207594, 20.9693334 ], [ 81.4206179, 20.9676732 ], [ 81.4254671, 20.9667519 ], [ 81.4254017, 20.9637566 ], [ 81.4279964, 20.9633996 ], [ 81.4215769, 20.9504043 ], [ 81.4169736, 20.950437 ], [ 81.4170959, 20.9486581 ], [ 81.41508, 20.9485609 ], [ 81.414992, 20.9469501 ], [ 81.4048496, 20.9401026 ], [ 81.4060915, 20.9355552 ], [ 81.4099459, 20.9360671 ], [ 81.4099429, 20.9341232 ], [ 81.4061557, 20.9319823 ], [ 81.4062699, 20.9310841 ], [ 81.4051594, 20.9313603 ], [ 81.4049941, 20.9291023 ], [ 81.4063305, 20.9268136 ], [ 81.4051095, 20.9233361 ], [ 81.4052566, 20.9188821 ], [ 81.4066401, 20.9177062 ], [ 81.4067833, 20.9132155 ], [ 81.4081295, 20.9131898 ], [ 81.4083716, 20.9027374 ], [ 81.4091033, 20.8995609 ], [ 81.4142097, 20.8990293 ], [ 81.4130227, 20.8900212 ], [ 81.4114539, 20.8883844 ], [ 81.4084894, 20.8881229 ], [ 81.4038068, 20.885418 ], [ 81.3999487, 20.8854723 ], [ 81.3982183, 20.8839189 ], [ 81.3996133, 20.8769679 ], [ 81.3978971, 20.8778337 ], [ 81.3963245, 20.8800567 ], [ 81.3936078, 20.8793548 ], [ 81.3913696, 20.8807873 ], [ 81.3912183, 20.8769996 ], [ 81.3880308, 20.8685759 ], [ 81.3976549, 20.8587243 ], [ 81.4041631, 20.8591013 ], [ 81.4058088, 20.8583367 ], [ 81.4070912, 20.8563711 ], [ 81.4072771, 20.8542298 ], [ 81.4158664, 20.8525152 ], [ 81.4163541, 20.8517757 ], [ 81.4156366, 20.8498002 ], [ 81.4164851, 20.8493935 ], [ 81.4184518, 20.8504309 ], [ 81.4205031, 20.8499065 ], [ 81.4230613, 20.8526806 ], [ 81.4251606, 20.8517773 ], [ 81.4290602, 20.8558018 ], [ 81.4302343, 20.8539625 ], [ 81.4324056, 20.8536654 ], [ 81.4322193, 20.8527413 ], [ 81.4346541, 20.8523587 ], [ 81.435069, 20.8513322 ], [ 81.4421094, 20.8515823 ], [ 81.4473114, 20.85438 ], [ 81.4494112, 20.8504183 ], [ 81.4514218, 20.8490981 ], [ 81.4539696, 20.8501788 ], [ 81.4584685, 20.855213 ], [ 81.4641238, 20.8535712 ], [ 81.4664466, 20.854196 ], [ 81.4641823, 20.8576572 ], [ 81.4653681, 20.8622746 ], [ 81.464865, 20.8632764 ], [ 81.4601965, 20.86573 ], [ 81.4599679, 20.8688708 ], [ 81.4720844, 20.8706668 ], [ 81.473997, 20.8683334 ], [ 81.4744976, 20.8637935 ], [ 81.4733458, 20.8603466 ], [ 81.4749649, 20.8584918 ], [ 81.4753247, 20.8562996 ], [ 81.4782953, 20.8560617 ], [ 81.4782949, 20.8554237 ], [ 81.4801667, 20.8548976 ], [ 81.4800567, 20.8541362 ], [ 81.481772, 20.853253 ], [ 81.4826041, 20.8534686 ], [ 81.4842779, 20.851646 ], [ 81.4890793, 20.8519574 ], [ 81.4902827, 20.8507628 ], [ 81.4901616, 20.8498984 ], [ 81.4951093, 20.8491746 ], [ 81.4948457, 20.8481045 ], [ 81.4961156, 20.8481448 ], [ 81.4960929, 20.8471878 ], [ 81.498271, 20.8470211 ], [ 81.4978024, 20.8418523 ], [ 81.494836, 20.8421631 ], [ 81.4929558, 20.8386561 ], [ 81.4933012, 20.8334024 ], [ 81.4973074, 20.8332349 ], [ 81.4973282, 20.8319279 ], [ 81.4993733, 20.8302366 ], [ 81.5016298, 20.8307225 ], [ 81.5153792, 20.8295253 ], [ 81.5170333, 20.8277601 ], [ 81.5158679, 20.8197477 ], [ 81.5132548, 20.81535 ], [ 81.5147712, 20.8115633 ], [ 81.5135248, 20.8102283 ], [ 81.5138158, 20.8080154 ], [ 81.5107778, 20.798113 ], [ 81.504716, 20.7974236 ], [ 81.5014612, 20.7922016 ], [ 81.4979259, 20.7908097 ], [ 81.4971708, 20.791385 ], [ 81.4948926, 20.7899698 ], [ 81.4941779, 20.7892475 ], [ 81.4942363, 20.782073 ], [ 81.4909013, 20.7818397 ], [ 81.4888598, 20.7807334 ], [ 81.4891484, 20.779735 ], [ 81.4807901, 20.7775988 ], [ 81.4805966, 20.7767369 ], [ 81.4785621, 20.7760636 ], [ 81.4794691, 20.7722845 ], [ 81.4792234, 20.7682992 ], [ 81.4815575, 20.7680935 ], [ 81.4834801, 20.7643811 ], [ 81.4859022, 20.764524 ], [ 81.4854834, 20.7633379 ], [ 81.4862447, 20.7608921 ], [ 81.4871987, 20.7604563 ], [ 81.4878882, 20.7586676 ], [ 81.484749, 20.7530718 ], [ 81.485971, 20.7518475 ], [ 81.4845422, 20.7492377 ], [ 81.487693, 20.7454606 ], [ 81.482881, 20.7396517 ], [ 81.4812723, 20.733422 ], [ 81.4804662, 20.7329175 ], [ 81.4806913, 20.7316945 ], [ 81.4781793, 20.727308 ], [ 81.479215, 20.7271002 ], [ 81.4792774, 20.7261449 ], [ 81.4840361, 20.7256419 ], [ 81.4846125, 20.7211928 ], [ 81.4868506, 20.7209756 ], [ 81.488403, 20.7178549 ], [ 81.4893848, 20.7177272 ], [ 81.4891983, 20.7152861 ], [ 81.4910041, 20.7142289 ], [ 81.4947242, 20.7135999 ], [ 81.4949579, 20.7145087 ], [ 81.4973451, 20.7151784 ], [ 81.4974999, 20.7166871 ], [ 81.4995453, 20.7170175 ], [ 81.4991961, 20.7182781 ], [ 81.5021118, 20.7189357 ], [ 81.5033422, 20.7187034 ], [ 81.5033431, 20.7176684 ], [ 81.5089457, 20.7172798 ], [ 81.5161039, 20.7137548 ], [ 81.5142505, 20.7058714 ], [ 81.5149805, 20.7021611 ], [ 81.5120495, 20.6989957 ], [ 81.5120146, 20.6956661 ], [ 81.5091322, 20.693395 ], [ 81.5081829, 20.6897759 ], [ 81.5082399, 20.6886245 ], [ 81.5100444, 20.687327 ], [ 81.5098834, 20.6857587 ], [ 81.5113379, 20.6856212 ], [ 81.513017, 20.6782479 ], [ 81.5132409, 20.6743865 ], [ 81.5111825, 20.6726581 ], [ 81.5104469, 20.6631949 ], [ 81.5055743, 20.6639416 ], [ 81.5027527, 20.6634627 ], [ 81.5027846, 20.6623039 ], [ 81.4944691, 20.6620603 ], [ 81.4923881, 20.6548722 ], [ 81.4969411, 20.6519202 ], [ 81.4970135, 20.6499937 ], [ 81.4984626, 20.6492613 ], [ 81.498436, 20.6479536 ], [ 81.500969, 20.6439027 ], [ 81.5004929, 20.6365037 ], [ 81.4936952, 20.6333529 ], [ 81.4910832, 20.6332485 ], [ 81.4891475, 20.6298958 ], [ 81.4885533, 20.627046 ], [ 81.4916074, 20.624563 ], [ 81.4894269, 20.6222616 ], [ 81.4918721, 20.6187074 ], [ 81.4914096, 20.6171164 ], [ 81.4973435, 20.6106833 ], [ 81.4987885, 20.610583 ], [ 81.4996225, 20.6122161 ], [ 81.5000204, 20.6178416 ], [ 81.5091151, 20.6205883 ], [ 81.5108458, 20.6237068 ], [ 81.5137856, 20.6233589 ], [ 81.5128946, 20.6135035 ], [ 81.509617, 20.6107901 ], [ 81.5018849, 20.6080428 ], [ 81.4994109, 20.6066125 ], [ 81.4980802, 20.6047092 ], [ 81.4957584, 20.604455 ], [ 81.493723, 20.6025731 ], [ 81.4916487, 20.601951 ], [ 81.4914414, 20.5999782 ], [ 81.4907154, 20.6025231 ], [ 81.4864011, 20.6028019 ], [ 81.4810686, 20.601615 ], [ 81.4730108, 20.5993749 ], [ 81.4714023, 20.5950229 ], [ 81.4745793, 20.5938151 ], [ 81.4813411, 20.5934933 ], [ 81.490477, 20.5913334 ], [ 81.4922438, 20.5914688 ], [ 81.4928157, 20.5971398 ], [ 81.4980084, 20.5934873 ], [ 81.5084081, 20.5921899 ], [ 81.5103563, 20.5927472 ], [ 81.5106017, 20.5954878 ], [ 81.5119007, 20.5959551 ], [ 81.5157106, 20.5894272 ], [ 81.5145665, 20.588756 ], [ 81.5105444, 20.5893947 ], [ 81.507359, 20.5880807 ], [ 81.4992225, 20.588833 ], [ 81.4952979, 20.5878339 ], [ 81.4919646, 20.5856776 ], [ 81.4887663, 20.5822143 ], [ 81.4839423, 20.5865721 ], [ 81.4819297, 20.5870357 ], [ 81.4810185, 20.5887656 ], [ 81.4746713, 20.5909843 ], [ 81.4694436, 20.5907207 ], [ 81.470496, 20.588265 ], [ 81.464254, 20.5844585 ], [ 81.4568861, 20.5881365 ], [ 81.4494391, 20.5865577 ], [ 81.4472728, 20.5852782 ], [ 81.4529929, 20.5756406 ], [ 81.4549127, 20.5709999 ], [ 81.4551075, 20.5669183 ], [ 81.4496346, 20.5678914 ], [ 81.4453635, 20.5674964 ], [ 81.4281937, 20.562401 ], [ 81.4259815, 20.5599216 ], [ 81.4236778, 20.5525707 ], [ 81.4159571, 20.554455 ], [ 81.4105827, 20.5545927 ], [ 81.393678, 20.5458126 ], [ 81.3912957, 20.5404322 ], [ 81.3865921, 20.5333931 ], [ 81.3756833, 20.5370555 ], [ 81.3682512, 20.5416467 ], [ 81.3668446, 20.5429221 ], [ 81.3649784, 20.5480789 ], [ 81.3573894, 20.5551843 ], [ 81.3530866, 20.5550466 ], [ 81.3495003, 20.5562548 ], [ 81.3391175, 20.5537253 ], [ 81.3357738, 20.558518 ], [ 81.3317218, 20.5606448 ], [ 81.3243213, 20.5627966 ], [ 81.3106684, 20.5491632 ], [ 81.306798, 20.5425793 ], [ 81.3050988, 20.530282 ], [ 81.3025007, 20.5291232 ], [ 81.291124, 20.5164427 ], [ 81.2877508, 20.5171877 ], [ 81.2821362, 20.5168323 ], [ 81.2747063, 20.5147533 ], [ 81.2613643, 20.5069856 ], [ 81.257787, 20.5026861 ], [ 81.2530532, 20.4987958 ], [ 81.2528294, 20.4979943 ], [ 81.2564857, 20.4981523 ], [ 81.2574881, 20.4973671 ], [ 81.2581522, 20.4938087 ], [ 81.2605665, 20.4892669 ], [ 81.259074, 20.4853773 ], [ 81.2606521, 20.4837074 ], [ 81.2634415, 20.4837904 ], [ 81.2638606, 20.4807648 ], [ 81.2634034, 20.4767721 ], [ 81.2617852, 20.4745084 ], [ 81.2594954, 20.4730526 ], [ 81.2596267, 20.4705415 ], [ 81.258123, 20.4690548 ], [ 81.2577559, 20.4665118 ], [ 81.2510229, 20.4602655 ], [ 81.2492213, 20.4559296 ], [ 81.251996, 20.4539027 ], [ 81.2543683, 20.4473331 ], [ 81.2438143, 20.4401782 ], [ 81.2372655, 20.4449947 ], [ 81.2349062, 20.4435931 ], [ 81.2360184, 20.4365341 ], [ 81.2358397, 20.4346418 ], [ 81.2336638, 20.4302894 ], [ 81.227115, 20.4313615 ], [ 81.2262128, 20.4328023 ], [ 81.2266304, 20.4246827 ], [ 81.2219014, 20.4186916 ], [ 81.2170929, 20.4171271 ], [ 81.2025427, 20.415969 ], [ 81.1967295, 20.4115341 ], [ 81.1886215, 20.4116457 ], [ 81.1765953, 20.4061984 ], [ 81.1731174, 20.4061362 ], [ 81.1691481, 20.3962283 ], [ 81.1608739, 20.388907 ], [ 81.1580301, 20.384276 ], [ 81.1539608, 20.3824611 ], [ 81.1492038, 20.3769835 ], [ 81.1483562, 20.3781985 ], [ 81.1356381, 20.3858709 ], [ 81.1308653, 20.3898636 ], [ 81.12671, 20.3908415 ], [ 81.1263005, 20.3924132 ], [ 81.11305, 20.3987891 ], [ 81.1086207, 20.3989116 ], [ 81.1055669, 20.4017694 ], [ 81.1044719, 20.4043099 ], [ 81.0955914, 20.4069694 ], [ 81.0909209, 20.4123492 ], [ 81.0857131, 20.4141297 ], [ 81.0771281, 20.4185823 ], [ 81.0702646, 20.4197547 ], [ 81.0639963, 20.4193428 ], [ 81.0526602, 20.4204009 ], [ 81.0414016, 20.423855 ], [ 81.0337292, 20.4274243 ], [ 81.0300174, 20.4340898 ], [ 81.0239479, 20.4416482 ], [ 81.013696, 20.4470768 ], [ 81.0037075, 20.4506302 ], [ 80.9998276, 20.451195 ], [ 80.9918785, 20.4592906 ], [ 80.9889626, 20.4670928 ], [ 80.9846656, 20.4719539 ], [ 80.9814599, 20.4816276 ], [ 80.981391, 20.4828985 ], [ 80.9846077, 20.4868767 ], [ 80.9833273, 20.5007415 ], [ 80.9797512, 20.5018273 ], [ 80.9793236, 20.5074143 ], [ 80.9767117, 20.5082695 ], [ 80.9675717, 20.5105238 ], [ 80.9608204, 20.5072077 ], [ 80.9580832, 20.5247865 ], [ 80.9555297, 20.5281253 ], [ 80.9541939, 20.5408123 ], [ 80.9657919, 20.5405536 ], [ 80.9683677, 20.5423949 ], [ 80.9751564, 20.5415375 ], [ 80.9849294, 20.5436677 ], [ 80.9897242, 20.5438995 ], [ 80.9846664, 20.5514811 ], [ 80.9851941, 20.558463 ], [ 80.9888751, 20.5627104 ], [ 80.9892464, 20.565447 ], [ 80.9885767, 20.5675882 ], [ 80.9944579, 20.5640886 ], [ 80.998385, 20.5679615 ], [ 81.0065455, 20.5738097 ], [ 81.0066311, 20.5772995 ], [ 81.0047, 20.5804775 ], [ 81.0044418, 20.5836937 ], [ 81.0035734, 20.5844996 ], [ 81.0040564, 20.592764 ], [ 81.0065813, 20.5982962 ], [ 81.0044516, 20.5992699 ], [ 81.0014471, 20.5993044 ], [ 80.9992165, 20.6024974 ], [ 80.9927571, 20.6054086 ], [ 80.9920744, 20.6076 ], [ 80.9907654, 20.6082197 ], [ 80.9899943, 20.6098189 ], [ 80.9917513, 20.611552 ], [ 80.9838935, 20.6107488 ], [ 80.9788297, 20.6131094 ], [ 80.9774943, 20.6175271 ], [ 80.9755719, 20.6193257 ], [ 80.9763177, 20.6226176 ], [ 80.9711274, 20.6229548 ], [ 80.9681894, 20.6272739 ], [ 80.9679513, 20.6301328 ], [ 80.9637582, 20.6300583 ], [ 80.96382, 20.6290195 ], [ 80.9599344, 20.6294144 ], [ 80.9583134, 20.6303726 ], [ 80.9583489, 20.6339539 ], [ 80.953209, 20.6398094 ], [ 80.9530332, 20.6431606 ], [ 80.9559043, 20.6468761 ], [ 80.9571181, 20.6556461 ], [ 80.9607961, 20.6602779 ], [ 80.9617772, 20.6641479 ], [ 80.9591291, 20.665215 ], [ 80.9536108, 20.6652267 ], [ 80.9494042, 20.6687242 ], [ 80.9444555, 20.6658674 ], [ 80.9389941, 20.6641534 ], [ 80.9274981, 20.6675084 ], [ 80.9250576, 20.6589057 ], [ 80.9203143, 20.6500777 ], [ 80.9185817, 20.6482717 ], [ 80.9117639, 20.6484133 ], [ 80.9109703, 20.6605034 ], [ 80.9095607, 20.6657336 ], [ 80.9039163, 20.6612914 ], [ 80.8997565, 20.6601532 ], [ 80.8970213, 20.6596522 ], [ 80.8953663, 20.6630171 ], [ 80.8924723, 20.6576295 ], [ 80.889881, 20.6555026 ], [ 80.882012, 20.6557109 ], [ 80.8751699, 20.66543 ], [ 80.8726794, 20.6670604 ], [ 80.862617, 20.6653031 ], [ 80.8549578, 20.6710561 ], [ 80.8538105, 20.6741541 ], [ 80.8538582, 20.676489 ], [ 80.8604267, 20.6883538 ], [ 80.8590108, 20.689388 ], [ 80.8521096, 20.6890981 ], [ 80.8467684, 20.6872683 ], [ 80.834617, 20.686191 ], [ 80.8311095, 20.6843114 ], [ 80.8299432, 20.684686 ], [ 80.827587, 20.683895 ], [ 80.8267757, 20.6848386 ], [ 80.8236081, 20.6852894 ], [ 80.8171472, 20.6886474 ], [ 80.814646, 20.6909363 ], [ 80.8148604, 20.6947797 ], [ 80.8134529, 20.698085 ], [ 80.8124738, 20.6978137 ], [ 80.8118495, 20.6988162 ], [ 80.8138882, 20.7015808 ], [ 80.8121003, 20.7075912 ], [ 80.811668, 20.7082821 ], [ 80.8097341, 20.7074594 ], [ 80.8083611, 20.7078337 ], [ 80.8071845, 20.7092603 ], [ 80.8081531, 20.711433 ], [ 80.8101012, 20.7131545 ], [ 80.805723, 20.7146657 ], [ 80.8050598, 20.7163951 ], [ 80.8035666, 20.7171804 ], [ 80.8032138, 20.7222112 ], [ 80.8098456, 20.7274391 ], [ 80.8094369, 20.7289248 ], [ 80.8115722, 20.7312469 ], [ 80.8097094, 20.7313952 ], [ 80.8093728, 20.7330165 ], [ 80.8149211, 20.7358682 ], [ 80.8149198, 20.7394495 ], [ 80.8194977, 20.7450286 ], [ 80.819823, 20.7485603 ], [ 80.8209649, 20.750462 ], [ 80.8170739, 20.7560484 ], [ 80.8180948, 20.7606778 ], [ 80.8194631, 20.7612201 ], [ 80.8221186, 20.7602455 ], [ 80.8242356, 20.76175 ], [ 80.8232743, 20.7646446 ], [ 80.8419324, 20.7694543 ], [ 80.8612826, 20.7801107 ], [ 80.8619308, 20.7817094 ], [ 80.8657339, 20.7846678 ], [ 80.8703776, 20.7865286 ], [ 80.8720919, 20.7961481 ], [ 80.8834842, 20.8036898 ], [ 80.8854628, 20.8018743 ], [ 80.8859957, 20.7985368 ], [ 80.887912, 20.7985456 ], [ 80.8906832, 20.7996067 ], [ 80.8958855, 20.8068139 ], [ 80.8981479, 20.8080285 ], [ 80.9003285, 20.8080869 ], [ 80.9005388, 20.8020849 ], [ 80.905308, 20.8019712 ], [ 80.9070109, 20.7923424 ], [ 80.9001529, 20.7922803 ], [ 80.9006226, 20.7862286 ], [ 80.904152, 20.7851622 ], [ 80.9094379, 20.7787437 ], [ 80.9104945, 20.779579 ], [ 80.9111196, 20.7829524 ], [ 80.9215594, 20.7824802 ], [ 80.924718, 20.7798293 ], [ 80.926244, 20.7766991 ], [ 80.9251565, 20.7720567 ], [ 80.9294475, 20.7770223 ], [ 80.9321558, 20.7768905 ], [ 80.9312784, 20.7807973 ], [ 80.9357249, 20.7799422 ], [ 80.9374292, 20.7907307 ], [ 80.9392461, 20.794361 ], [ 80.9397761, 20.7980821 ], [ 80.9479291, 20.8040221 ], [ 80.946384, 20.8070215 ], [ 80.9482162, 20.8118259 ], [ 80.949384, 20.812977 ], [ 80.9576082, 20.8151907 ], [ 80.959555, 20.8179852 ], [ 80.959763, 20.8204374 ], [ 80.956208, 20.8196262 ], [ 80.956652, 20.8233925 ], [ 80.9608699, 20.8242169 ], [ 80.9675622, 20.8179946 ], [ 80.9690713, 20.8116531 ], [ 80.9701801, 20.8105957 ], [ 80.974038, 20.8120839 ], [ 80.9784993, 20.8109567 ], [ 80.9803923, 20.818624 ], [ 80.9752259, 20.8288562 ], [ 80.9733665, 20.8282882 ], [ 80.9691754, 20.8246054 ], [ 80.9657392, 20.8297286 ], [ 80.9654546, 20.8357713 ], [ 80.9618971, 20.839499 ], [ 80.958139, 20.837157 ], [ 80.9544403, 20.8377278 ], [ 80.9529419, 20.8385278 ], [ 80.9512721, 20.8424035 ], [ 80.9494036, 20.8430817 ], [ 80.9505292, 20.8457909 ], [ 80.9539565, 20.8495287 ], [ 80.9563235, 20.8556244 ], [ 80.9606142, 20.8560287 ], [ 80.9644494, 20.8580319 ], [ 80.9690853, 20.8572978 ], [ 80.9823125, 20.8642539 ], [ 80.9848512, 20.866718 ], [ 80.9881081, 20.8720811 ], [ 80.9900147, 20.8771198 ], [ 80.9946532, 20.878905 ], [ 80.9951757, 20.8833214 ], [ 80.9950321, 20.8841344 ], [ 80.9941382, 20.8839453 ], [ 80.9891286, 20.8871462 ], [ 80.9855252, 20.8882595 ], [ 80.9845446, 20.8878266 ], [ 80.9820137, 20.8900773 ], [ 80.9814396, 20.8936815 ], [ 80.9827399, 20.8975826 ], [ 80.9816164, 20.8989381 ], [ 80.9704627, 20.9003537 ], [ 80.9689499, 20.9018946 ], [ 80.9693399, 20.903195 ], [ 80.9679481, 20.9062757 ], [ 80.9656421, 20.9077899 ], [ 80.9648374, 20.9123109 ], [ 80.9652882, 20.9187145 ], [ 80.9646354, 20.9201646 ], [ 80.9662749, 20.9209088 ], [ 80.9672861, 20.9239566 ], [ 80.9648072, 20.9262612 ], [ 80.9628802, 20.9268855 ], [ 80.9624501, 20.9312889 ], [ 80.9630443, 20.9363556 ], [ 80.960595, 20.9404529 ], [ 80.9611415, 20.9459307 ], [ 80.9629993, 20.9497143 ], [ 80.9597551, 20.95131 ], [ 80.9561311, 20.9512788 ], [ 80.9551246, 20.9497904 ], [ 80.9534752, 20.9488292 ], [ 80.9528362, 20.9496153 ], [ 80.950186, 20.9471191 ], [ 80.9484362, 20.9473502 ], [ 80.9454936, 20.9463308 ], [ 80.9433535, 20.9446427 ], [ 80.9418113, 20.9467704 ], [ 80.941394, 20.9486809 ], [ 80.9421311, 20.9524606 ], [ 80.9442225, 20.9526629 ], [ 80.9447298, 20.9578787 ], [ 80.9465933, 20.9639747 ], [ 80.9476614, 20.9654917 ], [ 80.9491905, 20.9658839 ], [ 80.9492639, 20.9684716 ], [ 80.9531394, 20.9687543 ], [ 80.9533995, 20.9695129 ], [ 80.9466116, 20.972063 ], [ 80.9453181, 20.9718874 ], [ 80.9414392, 20.9747883 ], [ 80.9410504, 20.9764413 ], [ 80.9391033, 20.9770653 ], [ 80.9434027, 20.9785268 ], [ 80.9448977, 20.9776591 ], [ 80.9452165, 20.9808699 ], [ 80.9470773, 20.9806252 ], [ 80.9481454, 20.981817 ], [ 80.9502611, 20.9816265 ], [ 80.9507663, 20.9823985 ], [ 80.9537332, 20.9823971 ], [ 80.9537903, 20.9811778 ], [ 80.9558542, 20.98306 ], [ 80.9559128, 20.9848754 ], [ 80.9569087, 20.9857962 ], [ 80.9566209, 20.9871782 ], [ 80.9547606, 20.9883307 ], [ 80.9552663, 20.9898208 ], [ 80.9540267, 20.9917181 ], [ 80.9546627, 20.9940482 ], [ 80.9526871, 20.9957561 ], [ 80.9538128, 20.9964466 ], [ 80.9526307, 20.9981542 ], [ 80.9536131, 21.0007143 ], [ 80.9534981, 21.0031842 ], [ 80.9600174, 21.0038911 ], [ 80.9720367, 21.0035899 ], [ 80.9732108, 21.0039346 ], [ 80.9722989, 21.0073748 ], [ 80.9854607, 21.0063643 ], [ 80.9875804, 21.0078033 ], [ 80.9889774, 21.0066053 ], [ 80.9877042, 21.0055569 ], [ 80.990449, 21.002853 ], [ 80.9976705, 21.003913 ], [ 81.0006756, 21.0017926 ], [ 81.0025824, 21.001447 ], [ 81.0038302, 20.9998578 ], [ 81.0127456, 21.0000253 ], [ 81.0135196, 20.9983401 ], [ 81.0190851, 20.9967521 ], [ 81.018898, 20.9946704 ], [ 81.0204791, 20.9944116 ], [ 81.0202811, 20.9936785 ], [ 81.0245137, 20.9926739 ], [ 81.0263575, 20.9941667 ], [ 81.0287684, 20.9940341 ], [ 81.032836, 20.9958212 ], [ 81.0349198, 20.995828 ], [ 81.0358336, 20.9970479 ], [ 81.0374771, 20.9965137 ], [ 81.0374634, 20.9956341 ], [ 81.0405806, 20.9958606 ], [ 81.0414672, 20.9950681 ], [ 81.0479701, 20.9945428 ], [ 81.0544888, 20.9949627 ], [ 81.0610652, 20.9927387 ], [ 81.0614261, 20.9941647 ], [ 81.0683838, 20.993839 ], [ 81.0684959, 20.9947062 ], [ 81.0714734, 20.9945606 ], [ 81.07187, 20.9965786 ], [ 81.0729836, 20.9967384 ], [ 81.0730115, 20.9982442 ], [ 81.0746631, 20.9982669 ], [ 81.0748754, 20.9992998 ], [ 81.0791215, 20.9993063 ], [ 81.0793968, 20.9978796 ], [ 81.081481, 20.9975621 ], [ 81.0816651, 20.9984949 ], [ 81.0826221, 20.9984219 ], [ 81.0901232, 20.9962167 ], [ 81.093954, 21.0016838 ], [ 81.1001284, 21.0052163 ], [ 81.1067125, 21.0030359 ], [ 81.1111081, 21.0032982 ], [ 81.1143686, 21.0067849 ], [ 81.11484, 21.0040662 ], [ 81.1167589, 21.0035876 ], [ 81.1177208, 21.0043057 ], [ 81.1174177, 21.0061799 ], [ 81.1187642, 21.0068798 ], [ 81.1204909, 21.0045226 ], [ 81.1218038, 21.0057825 ], [ 81.1221356, 21.0077967 ], [ 81.1206255, 21.0090702 ], [ 81.1207793, 21.0109218 ], [ 81.1226309, 21.0105379 ], [ 81.1236649, 21.0123399 ], [ 81.1259014, 21.0132928 ], [ 81.128234, 21.0157043 ], [ 81.1233571, 21.0159075 ], [ 81.1222268, 21.0171314 ], [ 81.1235832, 21.0179037 ], [ 81.1266902, 21.0167114 ], [ 81.1278493, 21.0183372 ], [ 81.1288065, 21.0168153 ], [ 81.1299126, 21.0168649 ], [ 81.1325725, 21.0202473 ], [ 81.131476, 21.0217512 ], [ 81.1338233, 21.0230381 ], [ 81.1351414, 21.025969 ], [ 81.1361467, 21.026538 ], [ 81.1363488, 21.0277798 ], [ 81.1350117, 21.0287554 ], [ 81.1378592, 21.0286242 ], [ 81.1368205, 21.031221 ], [ 81.1336506, 21.0315961 ], [ 81.1368786, 21.0365003 ], [ 81.1403809, 21.0396477 ], [ 81.1409584, 21.042285 ], [ 81.1394338, 21.0452206 ], [ 81.1397467, 21.0473702 ], [ 81.1417818, 21.0491583 ], [ 81.1464195, 21.0505984 ], [ 81.1480558, 21.0547033 ], [ 81.1511737, 21.0569157 ], [ 81.1511644, 21.0589705 ], [ 81.1482587, 21.0605199 ], [ 81.147908, 21.0634057 ], [ 81.1445264, 21.0675428 ], [ 81.1441755, 21.0709118 ], [ 81.1507106, 21.0778611 ], [ 81.1531833, 21.0755169 ], [ 81.1591536, 21.078573 ] ], [ [ 81.4590814, 20.6256969 ], [ 81.4532922, 20.6193033 ], [ 81.4544022, 20.6175576 ], [ 81.4498004, 20.6154337 ], [ 81.4495853, 20.6140695 ], [ 81.4523692, 20.6137584 ], [ 81.4512572, 20.6114464 ], [ 81.4478729, 20.6120774 ], [ 81.4464921, 20.6039328 ], [ 81.4438569, 20.602032 ], [ 81.4430207, 20.5948333 ], [ 81.4455644, 20.5915163 ], [ 81.4445448, 20.5882444 ], [ 81.4492194, 20.5896386 ], [ 81.4484814, 20.5947001 ], [ 81.4492707, 20.6043192 ], [ 81.4511117, 20.6073043 ], [ 81.4555579, 20.6085334 ], [ 81.4560192, 20.6103125 ], [ 81.460093, 20.6120994 ], [ 81.4620847, 20.6162276 ], [ 81.4625038, 20.6208086 ], [ 81.4590814, 20.6256969 ] ] ] } },
{ "type": "Feature", "properties": { "dtname": "Dhamtari", "stname": "CHHATTISGARH", "dist_lgd": 377, "year_stat": "2011_c" }, "geometry": { "type": "MultiPolygon", "coordinates": [ [ [ [ 81.460093, 20.6120994 ], [ 81.4560192, 20.6103125 ], [ 81.4555579, 20.6085334 ], [ 81.4511117, 20.6073043 ], [ 81.4492707, 20.6043192 ], [ 81.4484814, 20.5947001 ], [ 81.4492194, 20.5896386 ], [ 81.4445448, 20.5882444 ], [ 81.4455644, 20.5915163 ], [ 81.4430207, 20.5948333 ], [ 81.4438569, 20.602032 ], [ 81.4464921, 20.6039328 ], [ 81.4478729, 20.6120774 ], [ 81.4512572, 20.6114464 ], [ 81.4523692, 20.6137584 ], [ 81.4495853, 20.6140695 ], [ 81.4498004, 20.6154337 ], [ 81.4544022, 20.6175576 ], [ 81.4532922, 20.6193033 ], [ 81.4590814, 20.6256969 ], [ 81.4625038, 20.6208086 ], [ 81.4620847, 20.6162276 ], [ 81.460093, 20.6120994 ] ] ], [ [ [ 81.6143503, 21.0239876 ], [ 81.6165093, 21.0242511 ], [ 81.6171506, 21.0202313 ], [ 81.6186971, 21.0214214 ], [ 81.6216414, 21.0210418 ], [ 81.6223743, 21.0185233 ], [ 81.6243878, 21.0159253 ], [ 81.6267013, 21.0189445 ], [ 81.6277716, 21.0188906 ], [ 81.6289268, 21.015911 ], [ 81.6321812, 21.0153852 ], [ 81.6345328, 21.0115159 ], [ 81.6365981, 21.0109597 ], [ 81.6384642, 21.0090888 ], [ 81.6403606, 21.0086795 ], [ 81.6436663, 21.0100719 ], [ 81.6476477, 21.0097215 ], [ 81.648362, 21.0075987 ], [ 81.652164, 21.0068467 ], [ 81.6553319, 21.0041529 ], [ 81.6560098, 21.0030509 ], [ 81.6555404, 20.9998444 ], [ 81.6583448, 20.9998747 ], [ 81.6605012, 21.001641 ], [ 81.6659403, 20.9990699 ], [ 81.6680243, 20.9994695 ], [ 81.6697707, 20.9983611 ], [ 81.6704364, 21.0006281 ], [ 81.6734048, 21.0003093 ], [ 81.6745353, 21.0009515 ], [ 81.6777368, 20.9982244 ], [ 81.6809998, 20.9975463 ], [ 81.6821441, 20.9958429 ], [ 81.6828756, 20.9960786 ], [ 81.6840931, 20.9991314 ], [ 81.6857583, 20.999404 ], [ 81.6852347, 21.0005019 ], [ 81.6895253, 21.0034388 ], [ 81.6914921, 21.0030813 ], [ 81.6927574, 21.004133 ], [ 81.6944981, 21.003482 ], [ 81.6961913, 21.0042896 ], [ 81.6985283, 21.00381 ], [ 81.7007166, 21.0052122 ], [ 81.7010358, 21.0082754 ], [ 81.7042939, 21.0152288 ], [ 81.7077846, 21.0180461 ], [ 81.713603, 21.0184522 ], [ 81.7162784, 21.0141173 ], [ 81.7174435, 21.0134643 ], [ 81.7167476, 21.0108785 ], [ 81.7243602, 21.0112004 ], [ 81.7258239, 21.0123412 ], [ 81.7316718, 21.012524 ], [ 81.7335075, 21.0135246 ], [ 81.7423831, 21.0116781 ], [ 81.742954, 21.0123068 ], [ 81.7482597, 21.0114643 ], [ 81.7515009, 21.0087931 ], [ 81.751005, 21.0042603 ], [ 81.7515269, 21.0019781 ], [ 81.7564731, 21.0011996 ], [ 81.7581054, 20.9973786 ], [ 81.7571719, 20.9961198 ], [ 81.7575861, 20.994869 ], [ 81.7597498, 20.9927533 ], [ 81.7628929, 20.991493 ], [ 81.7625053, 20.9895368 ], [ 81.7607541, 20.9885054 ], [ 81.7620736, 20.9858543 ], [ 81.7686928, 20.9819518 ], [ 81.7735181, 20.9823534 ], [ 81.7758505, 20.9792356 ], [ 81.7758313, 20.9766221 ], [ 81.7786918, 20.9745561 ], [ 81.7782346, 20.9729693 ], [ 81.7796441, 20.9691939 ], [ 81.7803664, 20.9688992 ], [ 81.7808289, 20.9699272 ], [ 81.7851381, 20.9673858 ], [ 81.7871084, 20.9652018 ], [ 81.7893206, 20.9644478 ], [ 81.7913267, 20.9653043 ], [ 81.7927718, 20.9645443 ], [ 81.7938178, 20.9665508 ], [ 81.8011841, 20.9646753 ], [ 81.8026253, 20.965222 ], [ 81.8024759, 20.9667436 ], [ 81.8053512, 20.9662489 ], [ 81.8075636, 20.9631095 ], [ 81.8110319, 20.9631263 ], [ 81.8131671, 20.9593662 ], [ 81.8148263, 20.9585656 ], [ 81.8144485, 20.9555042 ], [ 81.8151994, 20.9542812 ], [ 81.8127021, 20.954483 ], [ 81.811712, 20.9519172 ], [ 81.8145213, 20.9485344 ], [ 81.8147039, 20.9462678 ], [ 81.8179778, 20.9485219 ], [ 81.8187989, 20.9474172 ], [ 81.8205054, 20.9486476 ], [ 81.8221197, 20.9475705 ], [ 81.8241065, 20.9490092 ], [ 81.8263061, 20.9447976 ], [ 81.8289465, 20.9452762 ], [ 81.8285109, 20.9429846 ], [ 81.8314464, 20.9435727 ], [ 81.8334943, 20.9430168 ], [ 81.8346019, 20.9424098 ], [ 81.8354674, 20.9403165 ], [ 81.8479612, 20.9407886 ], [ 81.8542583, 20.943052 ], [ 81.8567481, 20.9465703 ], [ 81.8572959, 20.9487426 ], [ 81.8569345, 20.9561851 ], [ 81.859088, 20.9595498 ], [ 81.8712469, 20.9627072 ], [ 81.8732196, 20.9645892 ], [ 81.8733101, 20.9399839 ], [ 81.8764082, 20.9316723 ], [ 81.876221, 20.9229776 ], [ 81.8771068, 20.9175301 ], [ 81.8801649, 20.9110317 ], [ 81.8897021, 20.9041866 ], [ 81.8924487, 20.8982594 ], [ 81.8908587, 20.8890625 ], [ 81.8880298, 20.8815096 ], [ 81.8888651, 20.8745388 ], [ 81.8911517, 20.8673926 ], [ 81.8974772, 20.8589041 ], [ 81.8996188, 20.8546837 ], [ 81.9023666, 20.8396337 ], [ 81.9056529, 20.8320033 ], [ 81.9128367, 20.8238919 ], [ 81.9209349, 20.8183628 ], [ 81.9243636, 20.8130509 ], [ 81.9245115, 20.8093877 ], [ 81.9224251, 20.8057004 ], [ 81.9110773, 20.7945174 ], [ 81.9092455, 20.7866115 ], [ 81.909611, 20.7852805 ], [ 81.9178217, 20.7767354 ], [ 81.921561, 20.7713142 ], [ 81.9242241, 20.7634089 ], [ 81.9228357, 20.7514107 ], [ 81.9258804, 20.7471176 ], [ 81.9345504, 20.7401093 ], [ 81.9381827, 20.7382325 ], [ 81.9446275, 20.73652 ], [ 81.9558416, 20.7349739 ], [ 81.9749364, 20.7280988 ], [ 81.9814762, 20.7239221 ], [ 81.9845784, 20.7196176 ], [ 81.9815833, 20.7073352 ], [ 81.9815819, 20.705239 ], [ 81.9829854, 20.701763 ], [ 81.9932142, 20.6924573 ], [ 81.9982651, 20.6838625 ], [ 82.0035139, 20.6790485 ], [ 82.0093294, 20.676922 ], [ 82.0124444, 20.6731877 ], [ 82.012121, 20.6695497 ], [ 82.006398, 20.6643877 ], [ 82.0039004, 20.6601349 ], [ 82.0015599, 20.6516869 ], [ 81.9980843, 20.6483132 ], [ 81.9973427, 20.644131 ], [ 81.9946695, 20.6380787 ], [ 81.9945734, 20.635242 ], [ 81.9974165, 20.6261402 ], [ 82.0013664, 20.618152 ], [ 82.0086154, 20.5935275 ], [ 82.0179139, 20.5760124 ], [ 82.0177503, 20.5590197 ], [ 82.0214398, 20.5438103 ], [ 82.0201384, 20.5316153 ], [ 82.0210141, 20.5273479 ], [ 82.0228102, 20.5245817 ], [ 82.0322721, 20.5209281 ], [ 82.0351145, 20.5187615 ], [ 82.0376423, 20.5112168 ], [ 82.0399803, 20.5081379 ], [ 82.040856, 20.5030914 ], [ 82.0477325, 20.5007415 ], [ 82.0487725, 20.4981281 ], [ 82.0479439, 20.4918461 ], [ 82.0486283, 20.4892037 ], [ 82.0514925, 20.4823757 ], [ 82.0555094, 20.478169 ], [ 82.0562113, 20.4762496 ], [ 82.0560303, 20.4736928 ], [ 82.0518562, 20.4630717 ], [ 82.0569293, 20.4516159 ], [ 82.0633068, 20.4460409 ], [ 82.0635351, 20.4444515 ], [ 82.0615445, 20.4372848 ], [ 82.0644137, 20.434021 ], [ 82.0716414, 20.4320048 ], [ 82.0745101, 20.4291704 ], [ 82.0758446, 20.4213194 ], [ 82.0825948, 20.4149304 ], [ 82.0852909, 20.4104285 ], [ 82.0840636, 20.4046288 ], [ 82.0851718, 20.3983692 ], [ 82.0813953, 20.3954041 ], [ 82.0803666, 20.3913369 ], [ 82.0819154, 20.3856238 ], [ 82.0852452, 20.3824476 ], [ 82.0854912, 20.3788777 ], [ 82.0832552, 20.3723169 ], [ 82.0807991, 20.3687078 ], [ 82.0808623, 20.3653282 ], [ 82.0855055, 20.3569952 ], [ 82.0885704, 20.3454985 ], [ 82.0878533, 20.3405231 ], [ 82.0882636, 20.3367858 ], [ 82.0877181, 20.3348525 ], [ 82.0852815, 20.331861 ], [ 82.0855095, 20.3299279 ], [ 82.0921066, 20.324903 ], [ 82.0942418, 20.3244323 ], [ 82.0956523, 20.3225853 ], [ 82.1032895, 20.3057279 ], [ 82.1053821, 20.3034444 ], [ 82.1086109, 20.2907445 ], [ 82.1158853, 20.2875216 ], [ 82.1317453, 20.2886817 ], [ 82.1451477, 20.2872198 ], [ 82.1526198, 20.2820122 ], [ 82.1568441, 20.277239 ], [ 82.1557748, 20.2743821 ], [ 82.1556146, 20.269586 ], [ 82.1604085, 20.2652185 ], [ 82.1665462, 20.2604481 ], [ 82.1737224, 20.260565 ], [ 82.1802238, 20.2570083 ], [ 82.177972, 20.2541304 ], [ 82.173947, 20.2518114 ], [ 82.1637005, 20.2391252 ], [ 82.1621972, 20.2358263 ], [ 82.1644693, 20.2328472 ], [ 82.1645118, 20.2304783 ], [ 82.1607913, 20.2295035 ], [ 82.1545241, 20.2232178 ], [ 82.1502967, 20.2228797 ], [ 82.1478198, 20.217973 ], [ 82.1446652, 20.205824 ], [ 82.138995, 20.1972117 ], [ 82.1334113, 20.1828586 ], [ 82.1334685, 20.1785566 ], [ 82.1354222, 20.1751195 ], [ 82.1340325, 20.1728839 ], [ 82.1324179, 20.1669177 ], [ 82.1340487, 20.1629159 ], [ 82.1319272, 20.1577243 ], [ 82.1352869, 20.1540907 ], [ 82.1373693, 20.1488627 ], [ 82.129246, 20.141456 ], [ 82.1144619, 20.1347601 ], [ 82.1140088, 20.1167098 ], [ 82.1114893, 20.1127012 ], [ 82.1074016, 20.1086811 ], [ 82.1055301, 20.105499 ], [ 82.0925883, 20.1007209 ], [ 82.0875035, 20.101228 ], [ 82.0828583, 20.1028552 ], [ 82.0770779, 20.1029057 ], [ 82.0698979, 20.1060877 ], [ 82.0635919, 20.105214 ], [ 82.0533363, 20.0996639 ], [ 82.0448039, 20.0962661 ], [ 82.0387553, 20.0974533 ], [ 82.0355272, 20.0992605 ], [ 82.0363298, 20.0959978 ], [ 82.0357937, 20.0929918 ], [ 82.0312534, 20.0759553 ], [ 82.0277455, 20.0723108 ], [ 82.0251065, 20.0658936 ], [ 82.022487, 20.0620915 ], [ 82.0216129, 20.0539069 ], [ 82.0197035, 20.0502022 ], [ 82.0182059, 20.0490157 ], [ 82.0122743, 20.0539148 ], [ 82.0057488, 20.055611 ], [ 82.0032542, 20.0551306 ], [ 82.003368, 20.0533398 ], [ 81.9953448, 20.0535663 ], [ 81.9873851, 20.0613309 ], [ 81.9841633, 20.0680333 ], [ 81.983861, 20.0732432 ], [ 81.9775906, 20.0789446 ], [ 81.9758905, 20.0817097 ], [ 81.9730359, 20.0844189 ], [ 81.9633323, 20.0904492 ], [ 81.9581538, 20.0978542 ], [ 81.9565238, 20.0982908 ], [ 81.9527652, 20.1017973 ], [ 81.9456429, 20.1051695 ], [ 81.9385198, 20.1015636 ], [ 81.9371264, 20.1023499 ], [ 81.9338427, 20.0982094 ], [ 81.9338706, 20.0960437 ], [ 81.9315804, 20.0956538 ], [ 81.9258275, 20.0912044 ], [ 81.9227618, 20.0871607 ], [ 81.9226483, 20.0833758 ], [ 81.9213829, 20.0799707 ], [ 81.9160627, 20.0719823 ], [ 81.9109896, 20.0663738 ], [ 81.9065053, 20.0633914 ], [ 81.901445, 20.0579069 ], [ 81.8980189, 20.0514024 ], [ 81.8952802, 20.0482378 ], [ 81.8873005, 20.0440155 ], [ 81.8819142, 20.0443387 ], [ 81.8790802, 20.0490902 ], [ 81.8760755, 20.0519628 ], [ 81.8692382, 20.0551161 ], [ 81.869998, 20.057607 ], [ 81.8713841, 20.058901 ], [ 81.8703394, 20.0733765 ], [ 81.8678652, 20.0827438 ], [ 81.8679558, 20.088543 ], [ 81.8661438, 20.0911445 ], [ 81.8577244, 20.0960241 ], [ 81.8543601, 20.1025207 ], [ 81.8454295, 20.1128126 ], [ 81.8468665, 20.1254952 ], [ 81.8459479, 20.1284715 ], [ 81.8469988, 20.1343295 ], [ 81.8453205, 20.1587952 ], [ 81.8461876, 20.1642942 ], [ 81.840615, 20.1663166 ], [ 81.8336436, 20.1663942 ], [ 81.829628, 20.1672762 ], [ 81.825698, 20.1694272 ], [ 81.8209126, 20.1692904 ], [ 81.8142121, 20.1672987 ], [ 81.8128959, 20.1693374 ], [ 81.8126102, 20.1724786 ], [ 81.8104664, 20.1745622 ], [ 81.8090107, 20.1781883 ], [ 81.8100387, 20.185187 ], [ 81.8113799, 20.1867141 ], [ 81.8117212, 20.1885908 ], [ 81.8090808, 20.193768 ], [ 81.8053452, 20.1976259 ], [ 81.8016205, 20.208762 ], [ 81.8010247, 20.2141484 ], [ 81.7852216, 20.2094024 ], [ 81.7830169, 20.2163116 ], [ 81.7816275, 20.2275501 ], [ 81.7767479, 20.2297538 ], [ 81.7749521, 20.2320155 ], [ 81.7790658, 20.2422792 ], [ 81.779912, 20.247433 ], [ 81.7828755, 20.2494014 ], [ 81.7845728, 20.2552585 ], [ 81.7855341, 20.2561125 ], [ 81.7843555, 20.2611165 ], [ 81.7919153, 20.2575346 ], [ 81.7992271, 20.2559064 ], [ 81.8003073, 20.2646686 ], [ 81.7981373, 20.2660494 ], [ 81.7918491, 20.2756111 ], [ 81.7908299, 20.2819616 ], [ 81.7896834, 20.284245 ], [ 81.7897925, 20.2867768 ], [ 81.7889252, 20.2878825 ], [ 81.7801465, 20.2819869 ], [ 81.7779144, 20.2780979 ], [ 81.7730918, 20.2784835 ], [ 81.7702494, 20.2804705 ], [ 81.7606044, 20.2829689 ], [ 81.7618453, 20.2858345 ], [ 81.7608076, 20.2902104 ], [ 81.7585057, 20.2933699 ], [ 81.7593143, 20.2980657 ], [ 81.7613321, 20.3064042 ], [ 81.7661737, 20.3096275 ], [ 81.7743298, 20.3091071 ], [ 81.774917, 20.3196371 ], [ 81.7840904, 20.3188292 ], [ 81.7933269, 20.3208708 ], [ 81.7943737, 20.3213538 ], [ 81.7950284, 20.3262757 ], [ 81.7928237, 20.3306014 ], [ 81.7843211, 20.3412153 ], [ 81.7839674, 20.3442817 ], [ 81.7820157, 20.3460616 ], [ 81.7830986, 20.3477453 ], [ 81.781568, 20.3567525 ], [ 81.7803188, 20.3551531 ], [ 81.7747883, 20.3528768 ], [ 81.7633336, 20.3543692 ], [ 81.7623675, 20.3566989 ], [ 81.7625061, 20.3596725 ], [ 81.7644707, 20.3676352 ], [ 81.7669343, 20.373033 ], [ 81.765099, 20.3749269 ], [ 81.7650427, 20.378647 ], [ 81.7689862, 20.3822118 ], [ 81.767416, 20.3833252 ], [ 81.7671505, 20.3860392 ], [ 81.7632788, 20.3885396 ], [ 81.7624294, 20.3906095 ], [ 81.7578191, 20.3902514 ], [ 81.7533474, 20.393363 ], [ 81.7529322, 20.3956514 ], [ 81.7516326, 20.3971002 ], [ 81.7513765, 20.4003529 ], [ 81.7482941, 20.4005122 ], [ 81.7481022, 20.4025426 ], [ 81.7470586, 20.4035818 ], [ 81.7434596, 20.4037041 ], [ 81.7446212, 20.4068844 ], [ 81.740895, 20.4114256 ], [ 81.7405324, 20.4151149 ], [ 81.7362709, 20.4191 ], [ 81.7339877, 20.4253334 ], [ 81.734089, 20.4283823 ], [ 81.7329017, 20.4316751 ], [ 81.7342818, 20.4411268 ], [ 81.736885, 20.4444413 ], [ 81.7360834, 20.447811 ], [ 81.7373133, 20.4519661 ], [ 81.7374559, 20.4572676 ], [ 81.7405089, 20.4628954 ], [ 81.7397792, 20.4685411 ], [ 81.7365071, 20.4704589 ], [ 81.7335821, 20.4698619 ], [ 81.7314247, 20.4744415 ], [ 81.7346054, 20.4782467 ], [ 81.735103, 20.4819325 ], [ 81.6923251, 20.4813045 ], [ 81.6742697, 20.4896341 ], [ 81.6592762, 20.4977871 ], [ 81.6413225, 20.4950336 ], [ 81.6407822, 20.5044814 ], [ 81.6347543, 20.5087945 ], [ 81.6191721, 20.5142455 ], [ 81.6164505, 20.5171025 ], [ 81.6123375, 20.5143618 ], [ 81.6066024, 20.512265 ], [ 81.60552, 20.5140433 ], [ 81.6028587, 20.514947 ], [ 81.6005082, 20.5183285 ], [ 81.5977561, 20.5187362 ], [ 81.5942336, 20.516928 ], [ 81.588389, 20.518851 ], [ 81.5863791, 20.5190255 ], [ 81.5791424, 20.517185 ], [ 81.5719698, 20.5188741 ], [ 81.5604059, 20.517121 ], [ 81.558519, 20.5141193 ], [ 81.5563856, 20.5139144 ], [ 81.5489955, 20.5151054 ], [ 81.5410798, 20.5151892 ], [ 81.5398761, 20.5099412 ], [ 81.5383612, 20.5097655 ], [ 81.5383824, 20.5007325 ], [ 81.5350318, 20.4995466 ], [ 81.5275493, 20.4943228 ], [ 81.5259917, 20.4944752 ], [ 81.5247376, 20.4927434 ], [ 81.521991, 20.4928515 ], [ 81.5165909, 20.4930895 ], [ 81.5098588, 20.4963179 ], [ 81.5048973, 20.5023693 ], [ 81.5055452, 20.5041481 ], [ 81.5044579, 20.5101519 ], [ 81.5040241, 20.5113761 ], [ 81.5026942, 20.5117542 ], [ 81.5030022, 20.5145837 ], [ 81.5015471, 20.5165651 ], [ 81.5028433, 20.5199478 ], [ 81.4954784, 20.5203694 ], [ 81.4927258, 20.5161381 ], [ 81.4880907, 20.5120007 ], [ 81.4864008, 20.5130418 ], [ 81.4806576, 20.5137407 ], [ 81.4731933, 20.5130702 ], [ 81.4578349, 20.5135004 ], [ 81.4372527, 20.5184647 ], [ 81.4243079, 20.5156646 ], [ 81.4156086, 20.5251581 ], [ 81.4108226, 20.5257538 ], [ 81.4109671, 20.5358019 ], [ 81.4120506, 20.5401989 ], [ 81.4101355, 20.5440675 ], [ 81.4103624, 20.5544328 ], [ 81.4159571, 20.554455 ], [ 81.4236778, 20.5525707 ], [ 81.4259815, 20.5599216 ], [ 81.4281937, 20.562401 ], [ 81.4453635, 20.5674964 ], [ 81.4496346, 20.5678914 ], [ 81.4551075, 20.5669183 ], [ 81.4549127, 20.5709999 ], [ 81.4529929, 20.5756406 ], [ 81.4472728, 20.5852782 ], [ 81.4503079, 20.5869275 ], [ 81.4568861, 20.5881365 ], [ 81.464254, 20.5844585 ], [ 81.470496, 20.588265 ], [ 81.4694436, 20.5907207 ], [ 81.4746713, 20.5909843 ], [ 81.4810185, 20.5887656 ], [ 81.4819297, 20.5870357 ], [ 81.4839423, 20.5865721 ], [ 81.4887663, 20.5822143 ], [ 81.4919646, 20.5856776 ], [ 81.4952979, 20.5878339 ], [ 81.4992225, 20.588833 ], [ 81.507359, 20.5880807 ], [ 81.5105444, 20.5893947 ], [ 81.5145665, 20.588756 ], [ 81.5157106, 20.5894272 ], [ 81.5119007, 20.5959551 ], [ 81.5106017, 20.5954878 ], [ 81.5103563, 20.5927472 ], [ 81.5084081, 20.5921899 ], [ 81.4980084, 20.5934873 ], [ 81.4928157, 20.5971398 ], [ 81.4922438, 20.5914688 ], [ 81.490477, 20.5913334 ], [ 81.4813411, 20.5934933 ], [ 81.4745793, 20.5938151 ], [ 81.4714023, 20.5950229 ], [ 81.4730108, 20.5993749 ], [ 81.4810686, 20.601615 ], [ 81.4864011, 20.6028019 ], [ 81.4907154, 20.6025231 ], [ 81.4914414, 20.5999782 ], [ 81.4916487, 20.601951 ], [ 81.493723, 20.6025731 ], [ 81.4957584, 20.604455 ], [ 81.4980802, 20.6047092 ], [ 81.4994109, 20.6066125 ], [ 81.5018849, 20.6080428 ], [ 81.509617, 20.6107901 ], [ 81.5128946, 20.6135035 ], [ 81.5137856, 20.6233589 ], [ 81.5108458, 20.6237068 ], [ 81.5091151, 20.6205883 ], [ 81.5000204, 20.6178416 ], [ 81.4996225, 20.6122161 ], [ 81.4987885, 20.610583 ], [ 81.4973435, 20.6106833 ], [ 81.4914096, 20.6171164 ], [ 81.4918721, 20.6187074 ], [ 81.4894269, 20.6222616 ], [ 81.4916074, 20.624563 ], [ 81.4885533, 20.627046 ], [ 81.4891475, 20.6298958 ], [ 81.4910832, 20.6332485 ], [ 81.4936952, 20.6333529 ], [ 81.5004929, 20.6365037 ], [ 81.500969, 20.6439027 ], [ 81.498436, 20.6479536 ], [ 81.4984626, 20.6492613 ], [ 81.4970135, 20.6499937 ], [ 81.4969411, 20.6519202 ], [ 81.4923881, 20.6548722 ], [ 81.4944691, 20.6620603 ], [ 81.5027846, 20.6623039 ], [ 81.5027527, 20.6634627 ], [ 81.5055743, 20.6639416 ], [ 81.5104469, 20.6631949 ], [ 81.5111825, 20.6726581 ], [ 81.5132409, 20.6743865 ], [ 81.513017, 20.6782479 ], [ 81.5113379, 20.6856212 ], [ 81.5098834, 20.6857587 ], [ 81.5100444, 20.687327 ], [ 81.5082399, 20.6886245 ], [ 81.5081829, 20.6897759 ], [ 81.5091322, 20.693395 ], [ 81.5120146, 20.6956661 ], [ 81.5120495, 20.6989957 ], [ 81.5149805, 20.7021611 ], [ 81.5142505, 20.7058714 ], [ 81.5161039, 20.7137548 ], [ 81.5089457, 20.7172798 ], [ 81.5033431, 20.7176684 ], [ 81.5033422, 20.7187034 ], [ 81.5021118, 20.7189357 ], [ 81.4991961, 20.7182781 ], [ 81.4995453, 20.7170175 ], [ 81.4974999, 20.7166871 ], [ 81.4973451, 20.7151784 ], [ 81.4949579, 20.7145087 ], [ 81.4947242, 20.7135999 ], [ 81.4910041, 20.7142289 ], [ 81.4891983, 20.7152861 ], [ 81.4893848, 20.7177272 ], [ 81.488403, 20.7178549 ], [ 81.4868506, 20.7209756 ], [ 81.4846125, 20.7211928 ], [ 81.4840361, 20.7256419 ], [ 81.4792774, 20.7261449 ], [ 81.479215, 20.7271002 ], [ 81.4781793, 20.727308 ], [ 81.4806913, 20.7316945 ], [ 81.4804662, 20.7329175 ], [ 81.4812723, 20.733422 ], [ 81.482881, 20.7396517 ], [ 81.487693, 20.7454606 ], [ 81.4845422, 20.7492377 ], [ 81.485971, 20.7518475 ], [ 81.484749, 20.7530718 ], [ 81.4878882, 20.7586676 ], [ 81.4871987, 20.7604563 ], [ 81.4862447, 20.7608921 ], [ 81.4854834, 20.7633379 ], [ 81.4859022, 20.764524 ], [ 81.4834801, 20.7643811 ], [ 81.4815575, 20.7680935 ], [ 81.4792234, 20.7682992 ], [ 81.4794691, 20.7722845 ], [ 81.4785621, 20.7760636 ], [ 81.4805966, 20.7767369 ], [ 81.4807901, 20.7775988 ], [ 81.4891484, 20.779735 ], [ 81.4888598, 20.7807334 ], [ 81.4909013, 20.7818397 ], [ 81.4942363, 20.782073 ], [ 81.4941779, 20.7892475 ], [ 81.4948926, 20.7899698 ], [ 81.4971708, 20.791385 ], [ 81.4979259, 20.7908097 ], [ 81.5014612, 20.7922016 ], [ 81.504716, 20.7974236 ], [ 81.5107778, 20.798113 ], [ 81.5138158, 20.8080154 ], [ 81.5135248, 20.8102283 ], [ 81.5147712, 20.8115633 ], [ 81.5132548, 20.81535 ], [ 81.5158679, 20.8197477 ], [ 81.5170333, 20.8277601 ], [ 81.5153792, 20.8295253 ], [ 81.5016298, 20.8307225 ], [ 81.4993733, 20.8302366 ], [ 81.4973282, 20.8319279 ], [ 81.4973074, 20.8332349 ], [ 81.4933012, 20.8334024 ], [ 81.4929558, 20.8386561 ], [ 81.494836, 20.8421631 ], [ 81.4978024, 20.8418523 ], [ 81.498271, 20.8470211 ], [ 81.4960929, 20.8471878 ], [ 81.4961156, 20.8481448 ], [ 81.4948457, 20.8481045 ], [ 81.4951093, 20.8491746 ], [ 81.4901616, 20.8498984 ], [ 81.4902827, 20.8507628 ], [ 81.4890793, 20.8519574 ], [ 81.4842779, 20.851646 ], [ 81.4826041, 20.8534686 ], [ 81.481772, 20.853253 ], [ 81.4800567, 20.8541362 ], [ 81.4801667, 20.8548976 ], [ 81.4782949, 20.8554237 ], [ 81.4782953, 20.8560617 ], [ 81.4753247, 20.8562996 ], [ 81.4749649, 20.8584918 ], [ 81.4733458, 20.8603466 ], [ 81.4744976, 20.8637935 ], [ 81.473997, 20.8683334 ], [ 81.4720844, 20.8706668 ], [ 81.4770885, 20.8725204 ], [ 81.4815767, 20.8729151 ], [ 81.4844146, 20.8703301 ], [ 81.4854094, 20.8705598 ], [ 81.4873208, 20.875603 ], [ 81.4943422, 20.8831492 ], [ 81.4958619, 20.8905093 ], [ 81.4983227, 20.8941121 ], [ 81.509102, 20.8941798 ], [ 81.5176663, 20.8928034 ], [ 81.5236969, 20.8967271 ], [ 81.5257356, 20.9028185 ], [ 81.5286564, 20.9077323 ], [ 81.5284461, 20.9151832 ], [ 81.5293388, 20.9184237 ], [ 81.5336965, 20.9223087 ], [ 81.535455, 20.9256781 ], [ 81.540945, 20.9302049 ], [ 81.5500334, 20.9338528 ], [ 81.5652303, 20.9325822 ], [ 81.5667645, 20.9336599 ], [ 81.5687451, 20.9380771 ], [ 81.5769598, 20.9395352 ], [ 81.5822153, 20.9388561 ], [ 81.5887895, 20.9405544 ], [ 81.5901899, 20.9416778 ], [ 81.5908062, 20.9436684 ], [ 81.5903665, 20.9515977 ], [ 81.5955528, 20.9550621 ], [ 81.6046547, 20.9558174 ], [ 81.6070669, 20.957636 ], [ 81.6130984, 20.9657809 ], [ 81.6128406, 20.9687185 ], [ 81.6095104, 20.9761545 ], [ 81.6095268, 20.9809489 ], [ 81.6116159, 20.9840421 ], [ 81.6188328, 20.9853601 ], [ 81.6205556, 20.9874303 ], [ 81.6215821, 20.9907937 ], [ 81.6207957, 20.9949951 ], [ 81.6130052, 21.0113042 ], [ 81.6071224, 21.018132 ], [ 81.6074925, 21.0201327 ], [ 81.6110369, 21.0248477 ], [ 81.6108398, 21.0269085 ], [ 81.6136789, 21.0258957 ], [ 81.6143503, 21.0239876 ] ] ] ] } },
{ "type": "Feature", "properties": { "dtname": "Gariyaband", "stname": "CHHATTISGARH", "dist_lgd": 645, "year_stat": "update2014" }, "geometry": { "type": "Polygon", "coordinates": [ [ [ 81.9952561, 21.076571 ], [ 82.0027751, 21.0761917 ], [ 82.0072369, 21.0743027 ], [ 82.0097793, 21.0717935 ], [ 82.0124444, 21.0660464 ], [ 82.014255, 21.063907 ], [ 82.021769, 21.0583389 ], [ 82.0283328, 21.0559176 ], [ 82.0320563, 21.056019 ], [ 82.0404545, 21.0590627 ], [ 82.051606, 21.0597949 ], [ 82.0580131, 21.0625162 ], [ 82.0611311, 21.0615826 ], [ 82.0625318, 21.0599935 ], [ 82.065195, 21.0531165 ], [ 82.0658659, 21.0476162 ], [ 82.0671224, 21.045056 ], [ 82.071251, 21.0419955 ], [ 82.0781982, 21.0390666 ], [ 82.0818416, 21.032298 ], [ 82.0929111, 21.0257386 ], [ 82.0949554, 21.0252242 ], [ 82.0989908, 21.026259 ], [ 82.1082259, 21.0260027 ], [ 82.1190725, 21.0213519 ], [ 82.124445, 21.016994 ], [ 82.1273933, 21.016023 ], [ 82.130534, 21.0161448 ], [ 82.1340981, 21.0177208 ], [ 82.1397447, 21.0187906 ], [ 82.1475649, 21.0163647 ], [ 82.1621188, 21.0161092 ], [ 82.1642967, 21.0128571 ], [ 82.1659356, 21.0083542 ], [ 82.1669983, 21.0079295 ], [ 82.1662908, 21.0061052 ], [ 82.1670744, 21.0049443 ], [ 82.1669536, 21.0030656 ], [ 82.1684053, 21.0004964 ], [ 82.1714197, 20.9976957 ], [ 82.1710377, 20.9947276 ], [ 82.1738641, 20.9843635 ], [ 82.1721141, 20.9797936 ], [ 82.1718443, 20.9745662 ], [ 82.1740851, 20.97074 ], [ 82.1766909, 20.968439 ], [ 82.1823315, 20.9664955 ], [ 82.1863686, 20.9669123 ], [ 82.1902829, 20.9496767 ], [ 82.1917141, 20.9468135 ], [ 82.194828, 20.9449 ], [ 82.1984654, 20.9391613 ], [ 82.202433, 20.9417665 ], [ 82.2067358, 20.9425721 ], [ 82.2094886, 20.9392514 ], [ 82.21243, 20.9381124 ], [ 82.2136744, 20.9388575 ], [ 82.2149198, 20.937542 ], [ 82.2179012, 20.9367386 ], [ 82.219711, 20.9346703 ], [ 82.2262063, 20.9387518 ], [ 82.2244105, 20.9454883 ], [ 82.2207405, 20.9502423 ], [ 82.2238348, 20.952047 ], [ 82.2282007, 20.9521028 ], [ 82.2288225, 20.9509004 ], [ 82.2366121, 20.9472254 ], [ 82.2427863, 20.9472995 ], [ 82.2458374, 20.9414425 ], [ 82.2494634, 20.9397446 ], [ 82.2508876, 20.9396072 ], [ 82.2547214, 20.9411694 ], [ 82.2602258, 20.9410287 ], [ 82.2616856, 20.9432155 ], [ 82.26559, 20.9453089 ], [ 82.2718702, 20.935488 ], [ 82.2720188, 20.9328395 ], [ 82.2701732, 20.9254161 ], [ 82.2710497, 20.9195096 ], [ 82.2729141, 20.9165572 ], [ 82.2736693, 20.9121387 ], [ 82.2749419, 20.9102471 ], [ 82.2810751, 20.9056622 ], [ 82.2874446, 20.9031276 ], [ 82.2973795, 20.9015201 ], [ 82.3079572, 20.8854855 ], [ 82.3097357, 20.8844723 ], [ 82.3127816, 20.880619 ], [ 82.3182338, 20.8787285 ], [ 82.3258354, 20.8799367 ], [ 82.3306723, 20.8781812 ], [ 82.3367319, 20.8776588 ], [ 82.337396, 20.8757102 ], [ 82.3359861, 20.8722325 ], [ 82.3361571, 20.8703968 ], [ 82.345965, 20.8729062 ], [ 82.3444599, 20.856368 ], [ 82.3395269, 20.8468353 ], [ 82.3403356, 20.8415757 ], [ 82.3411107, 20.8406618 ], [ 82.3415747, 20.8328347 ], [ 82.3414016, 20.8295613 ], [ 82.3393357, 20.8257651 ], [ 82.3410216, 20.8208284 ], [ 82.3411159, 20.8124892 ], [ 82.3431742, 20.8089318 ], [ 82.3420175, 20.8047175 ], [ 82.3461098, 20.7976345 ], [ 82.343862, 20.7922316 ], [ 82.3436353, 20.7709538 ], [ 82.3416886, 20.7680511 ], [ 82.3510741, 20.7411736 ], [ 82.3535531, 20.7359234 ], [ 82.3508137, 20.7334787 ], [ 82.3455587, 20.731591 ], [ 82.3540136, 20.719663 ], [ 82.3507566, 20.7172809 ], [ 82.3504267, 20.7063231 ], [ 82.3523926, 20.7036268 ], [ 82.3549978, 20.6931899 ], [ 82.357524, 20.690094 ], [ 82.3614499, 20.681955 ], [ 82.3670498, 20.6801897 ], [ 82.3738177, 20.6674023 ], [ 82.3687516, 20.6595875 ], [ 82.368632, 20.6580256 ], [ 82.369968, 20.6555578 ], [ 82.3696768, 20.6535861 ], [ 82.3683612, 20.6519162 ], [ 82.3684794, 20.6495618 ], [ 82.3746716, 20.6390693 ], [ 82.3746668, 20.6353292 ], [ 82.3764975, 20.6324102 ], [ 82.3709459, 20.625986 ], [ 82.3645161, 20.6221839 ], [ 82.3649654, 20.6203735 ], [ 82.3640519, 20.6190798 ], [ 82.3654441, 20.6159475 ], [ 82.3645145, 20.6144461 ], [ 82.3629234, 20.6141154 ], [ 82.3631372, 20.6117107 ], [ 82.3622623, 20.6099107 ], [ 82.3586513, 20.6084756 ], [ 82.3558996, 20.6092471 ], [ 82.3547647, 20.6056875 ], [ 82.3525627, 20.6029809 ], [ 82.347133, 20.6025399 ], [ 82.3448521, 20.5984832 ], [ 82.3456989, 20.5965615 ], [ 82.3437442, 20.5957726 ], [ 82.3440836, 20.5928881 ], [ 82.346793, 20.5905994 ], [ 82.3506397, 20.5812687 ], [ 82.3483377, 20.57859 ], [ 82.3483568, 20.5763991 ], [ 82.3452093, 20.5740973 ], [ 82.3433498, 20.5715235 ], [ 82.3390527, 20.569393 ], [ 82.3333712, 20.5685515 ], [ 82.3348766, 20.5646009 ], [ 82.3342077, 20.5638066 ], [ 82.3329, 20.5639883 ], [ 82.3322344, 20.5619065 ], [ 82.3357004, 20.5550996 ], [ 82.3420326, 20.551979 ], [ 82.3449994, 20.5479449 ], [ 82.3486138, 20.5466656 ], [ 82.3534326, 20.5373136 ], [ 82.3543535, 20.5340676 ], [ 82.3576491, 20.5293259 ], [ 82.3662527, 20.5256854 ], [ 82.3680636, 20.5238643 ], [ 82.3782458, 20.5220266 ], [ 82.3792154, 20.5210352 ], [ 82.3809651, 20.5210247 ], [ 82.389699, 20.5176032 ], [ 82.3880021, 20.5107284 ], [ 82.3885181, 20.5020242 ], [ 82.389527, 20.4980051 ], [ 82.3885024, 20.4971008 ], [ 82.388343, 20.4953585 ], [ 82.3911182, 20.4921112 ], [ 82.3906046, 20.4861888 ], [ 82.3931618, 20.4864303 ], [ 82.3928015, 20.4847529 ], [ 82.3937399, 20.4825003 ], [ 82.3924273, 20.4809976 ], [ 82.3920325, 20.4786881 ], [ 82.3960833, 20.4776573 ], [ 82.3963375, 20.4750264 ], [ 82.3978429, 20.4729454 ], [ 82.3976449, 20.4648388 ], [ 82.3947795, 20.4622916 ], [ 82.3960587, 20.4595711 ], [ 82.3979779, 20.4619226 ], [ 82.400127, 20.4610652 ], [ 82.401913, 20.4619271 ], [ 82.402948, 20.4603197 ], [ 82.4042683, 20.4600516 ], [ 82.4058149, 20.4619814 ], [ 82.4078799, 20.4629494 ], [ 82.4090087, 20.4647923 ], [ 82.4081884, 20.4662941 ], [ 82.4084739, 20.4681528 ], [ 82.4107885, 20.4681294 ], [ 82.4105227, 20.4694461 ], [ 82.412271, 20.4708864 ], [ 82.4115476, 20.4714614 ], [ 82.4128114, 20.4744188 ], [ 82.4145852, 20.4761774 ], [ 82.4161306, 20.479889 ], [ 82.4157956, 20.4815135 ], [ 82.4176335, 20.4817424 ], [ 82.4231252, 20.4758299 ], [ 82.4247612, 20.4718415 ], [ 82.4270554, 20.4690627 ], [ 82.4257339, 20.4453275 ], [ 82.4339798, 20.4456662 ], [ 82.4378622, 20.4343912 ], [ 82.4296604, 20.4278685 ], [ 82.4320051, 20.4166378 ], [ 82.4166092, 20.4076528 ], [ 82.4185466, 20.4031199 ], [ 82.4211737, 20.3928493 ], [ 82.4176918, 20.3877237 ], [ 82.4180525, 20.3821104 ], [ 82.4111996, 20.3712889 ], [ 82.4088266, 20.3652912 ], [ 82.4091454, 20.3629307 ], [ 82.4069292, 20.3615167 ], [ 82.4050488, 20.3580356 ], [ 82.4062676, 20.3529892 ], [ 82.4049442, 20.3491242 ], [ 82.4003791, 20.3415811 ], [ 82.4003886, 20.3394489 ], [ 82.4015068, 20.3375834 ], [ 82.409157, 20.3325303 ], [ 82.4083985, 20.3291576 ], [ 82.4088697, 20.3277761 ], [ 82.4101679, 20.3273095 ], [ 82.4129517, 20.3279962 ], [ 82.4173664, 20.3242518 ], [ 82.4210379, 20.3241137 ], [ 82.4261222, 20.3177032 ], [ 82.4307667, 20.3140245 ], [ 82.4315261, 20.312776 ], [ 82.4299814, 20.3009855 ], [ 82.4320466, 20.298561 ], [ 82.4366486, 20.2960569 ], [ 82.4378111, 20.2944077 ], [ 82.4355745, 20.2854821 ], [ 82.4328741, 20.2818092 ], [ 82.425025, 20.2752241 ], [ 82.4214966, 20.27467 ], [ 82.4159581, 20.2720498 ], [ 82.4123415, 20.2670423 ], [ 82.4112388, 20.2631347 ], [ 82.4113886, 20.2601116 ], [ 82.4160108, 20.2572828 ], [ 82.4177845, 20.2523175 ], [ 82.4223256, 20.2479715 ], [ 82.4212901, 20.2467331 ], [ 82.4112268, 20.2453825 ], [ 82.4106276, 20.2426453 ], [ 82.4106867, 20.240174 ], [ 82.4140711, 20.2338904 ], [ 82.4150743, 20.226813 ], [ 82.422471, 20.2208177 ], [ 82.4204818, 20.2130778 ], [ 82.4206183, 20.2049187 ], [ 82.4145626, 20.2009111 ], [ 82.413467, 20.1993479 ], [ 82.4143141, 20.1977691 ], [ 82.4144377, 20.1939737 ], [ 82.4133028, 20.192813 ], [ 82.4140801, 20.1898568 ], [ 82.4115837, 20.1814886 ], [ 82.4075434, 20.1812318 ], [ 82.4065241, 20.1790536 ], [ 82.4045327, 20.177868 ], [ 82.4047119, 20.1759829 ], [ 82.3949145, 20.1701162 ], [ 82.3943051, 20.1682959 ], [ 82.3900067, 20.1636954 ], [ 82.3901686, 20.1625377 ], [ 82.3914957, 20.1616825 ], [ 82.3917566, 20.1587306 ], [ 82.3937412, 20.1570436 ], [ 82.3931081, 20.154704 ], [ 82.3941468, 20.152627 ], [ 82.3907494, 20.1497898 ], [ 82.3871984, 20.14905 ], [ 82.3857977, 20.1464365 ], [ 82.3900824, 20.1414473 ], [ 82.3907098, 20.1393644 ], [ 82.3931527, 20.137606 ], [ 82.3942323, 20.1299226 ], [ 82.3976691, 20.1237745 ], [ 82.3987174, 20.1131326 ], [ 82.3981758, 20.1016947 ], [ 82.4014349, 20.0960719 ], [ 82.4005874, 20.0948726 ], [ 82.3997629, 20.0897972 ], [ 82.4014923, 20.0810201 ], [ 82.3958346, 20.0689721 ], [ 82.3983942, 20.062691 ], [ 82.3982919, 20.0581789 ], [ 82.4000423, 20.0561143 ], [ 82.4095408, 20.051788 ], [ 82.4168151, 20.0521545 ], [ 82.4217389, 20.0505882 ], [ 82.4300286, 20.0496088 ], [ 82.4405247, 20.0431814 ], [ 82.4480063, 20.0406631 ], [ 82.4575309, 20.0399704 ], [ 82.4606749, 20.0419003 ], [ 82.4663258, 20.0394279 ], [ 82.4674824, 20.0373585 ], [ 82.4700118, 20.0359146 ], [ 82.4785696, 20.0381742 ], [ 82.4937345, 20.0243688 ], [ 82.5091125, 20.0181629 ], [ 82.533181, 20.0152954 ], [ 82.534453, 20.0178456 ], [ 82.5428253, 20.0177728 ], [ 82.5461195, 20.0169311 ], [ 82.5501086, 20.0177725 ], [ 82.5535548, 20.0153935 ], [ 82.5699905, 20.0101713 ], [ 82.5773441, 20.0067227 ], [ 82.583282, 20.0031782 ], [ 82.5903359, 19.9937331 ], [ 82.5957325, 19.9915706 ], [ 82.6002939, 19.991385 ], [ 82.6050212, 19.9901362 ], [ 82.621136, 19.9922978 ], [ 82.6290563, 20.0000078 ], [ 82.6300363, 20.0023656 ], [ 82.6332972, 20.0048741 ], [ 82.636816, 20.0050493 ], [ 82.6415066, 20.0067133 ], [ 82.6429848, 20.0064061 ], [ 82.6427078, 20.0036624 ], [ 82.6470638, 20.0039381 ], [ 82.6519822, 20.0058933 ], [ 82.6594315, 20.0044866 ], [ 82.6701232, 20.0010799 ], [ 82.6745315, 20.0017835 ], [ 82.6926653, 20.0000032 ], [ 82.699582, 19.9975656 ], [ 82.7035973, 19.9990492 ], [ 82.707267, 19.99905 ], [ 82.7154469, 19.9959267 ], [ 82.7157512, 19.9922652 ], [ 82.7181398, 19.9891389 ], [ 82.7175164, 19.9655538 ], [ 82.7158815, 19.9601675 ], [ 82.7146149, 19.9587706 ], [ 82.7155242, 19.9536263 ], [ 82.7204916, 19.9482935 ], [ 82.7130724, 19.9384553 ], [ 82.7125103, 19.9306149 ], [ 82.7111842, 19.9254515 ], [ 82.7126589, 19.9213586 ], [ 82.712762, 19.9185211 ], [ 82.7124014, 19.9174089 ], [ 82.7073681, 19.9129856 ], [ 82.7090891, 19.9056021 ], [ 82.7074082, 19.9020409 ], [ 82.7097422, 19.8926099 ], [ 82.7135496, 19.8834448 ], [ 82.7140524, 19.8778074 ], [ 82.72412, 19.8751256 ], [ 82.7217344, 19.8729184 ], [ 82.7213738, 19.8700311 ], [ 82.7195936, 19.8674331 ], [ 82.7191824, 19.8607476 ], [ 82.7197898, 19.8568482 ], [ 82.7184689, 19.8556685 ], [ 82.7181649, 19.8535937 ], [ 82.716434, 19.8524406 ], [ 82.7138439, 19.8526371 ], [ 82.711402, 19.8506279 ], [ 82.7129292, 19.8448091 ], [ 82.7109975, 19.8418238 ], [ 82.7113979, 19.8399954 ], [ 82.7085515, 19.8380712 ], [ 82.707945, 19.8358141 ], [ 82.7055524, 19.8330231 ], [ 82.7039234, 19.8320133 ], [ 82.6967058, 19.830614 ], [ 82.6932476, 19.8303759 ], [ 82.6780156, 19.8321188 ], [ 82.6659164, 19.8303892 ], [ 82.6609979, 19.8320206 ], [ 82.6521592, 19.8321659 ], [ 82.6475995, 19.8195424 ], [ 82.6417538, 19.8145372 ], [ 82.6366256, 19.8129266 ], [ 82.6335773, 19.8065267 ], [ 82.6328164, 19.8011856 ], [ 82.6271275, 19.793658 ], [ 82.6238238, 19.7921161 ], [ 82.6126225, 19.7910565 ], [ 82.6037837, 19.7881231 ], [ 82.6021531, 19.7811183 ], [ 82.5952935, 19.7784694 ], [ 82.5948897, 19.7752928 ], [ 82.583477, 19.778796 ], [ 82.5835862, 19.7816409 ], [ 82.5817692, 19.7832063 ], [ 82.5844868, 19.7882549 ], [ 82.5827018, 19.7949967 ], [ 82.5846883, 19.802351 ], [ 82.5799662, 19.8064899 ], [ 82.5775176, 19.8064844 ], [ 82.5759931, 19.8082189 ], [ 82.5785844, 19.8110779 ], [ 82.5761959, 19.8147398 ], [ 82.5785287, 19.8180077 ], [ 82.5791371, 19.8235448 ], [ 82.5777716, 19.8249752 ], [ 82.5793996, 19.8303181 ], [ 82.5781786, 19.8304102 ], [ 82.5765568, 19.8285862 ], [ 82.5760398, 19.8289204 ], [ 82.575788, 19.8333945 ], [ 82.5797352, 19.8401127 ], [ 82.5839036, 19.8435766 ], [ 82.5886324, 19.8433809 ], [ 82.5889355, 19.8450676 ], [ 82.5872085, 19.8475718 ], [ 82.587716, 19.8486786 ], [ 82.5906161, 19.8489191 ], [ 82.5904127, 19.8524533 ], [ 82.5938253, 19.8528519 ], [ 82.5968707, 19.8552007 ], [ 82.5962769, 19.8588287 ], [ 82.6002006, 19.8601893 ], [ 82.6025591, 19.8630455 ], [ 82.6034296, 19.86699 ], [ 82.5971271, 19.8726929 ], [ 82.5828948, 19.8694186 ], [ 82.5791751, 19.871778 ], [ 82.5730202, 19.877551 ], [ 82.5713943, 19.8777913 ], [ 82.5669368, 19.875581 ], [ 82.5610373, 19.8743274 ], [ 82.558906, 19.8785469 ], [ 82.5559566, 19.8806642 ], [ 82.5533631, 19.880086 ], [ 82.5502124, 19.87575 ], [ 82.548388, 19.8757027 ], [ 82.5421414, 19.8834766 ], [ 82.5349115, 19.8868908 ], [ 82.5314189, 19.8782389 ], [ 82.5268925, 19.8802608 ], [ 82.5233001, 19.8830831 ], [ 82.5213067, 19.8888596 ], [ 82.5191208, 19.8909742 ], [ 82.5163267, 19.8909213 ], [ 82.5118019, 19.888132 ], [ 82.5083148, 19.8885094 ], [ 82.5054719, 19.889857 ], [ 82.5029762, 19.8930763 ], [ 82.5028747, 19.8944729 ], [ 82.5051565, 19.8984197 ], [ 82.5049014, 19.8997229 ], [ 82.5017979, 19.9023149 ], [ 82.4973386, 19.9041304 ], [ 82.4916128, 19.9034465 ], [ 82.4841749, 19.9079082 ], [ 82.4778869, 19.9064505 ], [ 82.4728984, 19.9070342 ], [ 82.4722453, 19.9062483 ], [ 82.4727871, 19.9034475 ], [ 82.4722787, 19.9015793 ], [ 82.4671886, 19.9017667 ], [ 82.4642158, 19.9008473 ], [ 82.4618163, 19.9028393 ], [ 82.4566648, 19.9051424 ], [ 82.4521738, 19.9087056 ], [ 82.445991, 19.9101918 ], [ 82.4430069, 19.9091503 ], [ 82.4371096, 19.9049419 ], [ 82.4333543, 19.905561 ], [ 82.4300563, 19.9040086 ], [ 82.4262046, 19.9054559 ], [ 82.4180214, 19.9040727 ], [ 82.4174352, 19.9026621 ], [ 82.4189081, 19.9006614 ], [ 82.418575, 19.8998483 ], [ 82.4119601, 19.8985147 ], [ 82.409839, 19.8961361 ], [ 82.4052369, 19.8942628 ], [ 82.4017761, 19.8899418 ], [ 82.3948706, 19.8880151 ], [ 82.3924829, 19.8820473 ], [ 82.382952, 19.8738572 ], [ 82.3841225, 19.8714455 ], [ 82.3836488, 19.8698793 ], [ 82.3804855, 19.8673886 ], [ 82.3752, 19.85964 ], [ 82.3714192, 19.8610082 ], [ 82.364368, 19.8618753 ], [ 82.3634693, 19.8630494 ], [ 82.3608476, 19.8627968 ], [ 82.3613926, 19.8588438 ], [ 82.3604887, 19.8575054 ], [ 82.3646283, 19.854695 ], [ 82.3644561, 19.8510141 ], [ 82.361419, 19.8507493 ], [ 82.359851, 19.8469885 ], [ 82.3573184, 19.8453743 ], [ 82.3537004, 19.8403134 ], [ 82.34889, 19.8365706 ], [ 82.3439528, 19.835089 ], [ 82.3307022, 19.8448534 ], [ 82.3296084, 19.8510509 ], [ 82.3263414, 19.8616125 ], [ 82.3142416, 19.877185 ], [ 82.3031198, 19.8893856 ], [ 82.3034914, 19.8933892 ], [ 82.3015885, 19.9027115 ], [ 82.2758138, 19.9485887 ], [ 82.2748747, 19.9630409 ], [ 82.270096, 19.9720265 ], [ 82.2691695, 19.9752612 ], [ 82.2562464, 19.9834472 ], [ 82.2500054, 19.9890621 ], [ 82.2462041, 19.9953459 ], [ 82.2423471, 19.9975026 ], [ 82.2371235, 20.0033276 ], [ 82.2292925, 19.9998172 ], [ 82.2220347, 19.9991978 ], [ 82.216713, 19.997059 ], [ 82.2101045, 19.9862503 ], [ 82.2077345, 19.9867121 ], [ 82.2044946, 19.9858047 ], [ 82.1952816, 19.9871893 ], [ 82.1907881, 19.9868951 ], [ 82.1842537, 19.9841897 ], [ 82.1851918, 19.9872995 ], [ 82.1834726, 19.9895932 ], [ 82.1803292, 19.9911366 ], [ 82.178111, 19.9940169 ], [ 82.1769073, 19.9973082 ], [ 82.1747849, 19.996748 ], [ 82.1736918, 19.9999637 ], [ 82.1712519, 20.0007755 ], [ 82.1704179, 20.0024398 ], [ 82.1715934, 20.0038784 ], [ 82.1712349, 20.0055109 ], [ 82.1680674, 20.0070089 ], [ 82.164854, 20.0068538 ], [ 82.1605828, 20.0091199 ], [ 82.1561506, 20.0074112 ], [ 82.1534676, 20.0075607 ], [ 82.1484393, 20.0125929 ], [ 82.1398077, 20.0187273 ], [ 82.1363265, 20.0189286 ], [ 82.1304583, 20.0160406 ], [ 82.1284919, 20.0142001 ], [ 82.126786, 20.0147963 ], [ 82.1205548, 20.0194529 ], [ 82.1165168, 20.0211577 ], [ 82.1102127, 20.0272918 ], [ 82.1069493, 20.0272544 ], [ 82.1055966, 20.0289412 ], [ 82.1054698, 20.0306033 ], [ 82.1031973, 20.031066 ], [ 82.1038316, 20.0356871 ], [ 82.1021309, 20.0362938 ], [ 82.1022786, 20.0400403 ], [ 82.0995184, 20.0407671 ], [ 82.0987491, 20.0397192 ], [ 82.0894584, 20.0390626 ], [ 82.0869774, 20.0420972 ], [ 82.0863959, 20.0452384 ], [ 82.0845939, 20.0460464 ], [ 82.0858104, 20.0491614 ], [ 82.0854337, 20.0507153 ], [ 82.0704694, 20.0569479 ], [ 82.0635398, 20.0545316 ], [ 82.0628374, 20.0537161 ], [ 82.0629647, 20.052045 ], [ 82.0606492, 20.0511263 ], [ 82.0621868, 20.0492242 ], [ 82.0590114, 20.0477506 ], [ 82.0590891, 20.044982 ], [ 82.0563973, 20.0417449 ], [ 82.0478233, 20.0367167 ], [ 82.0481539, 20.0348176 ], [ 82.0429734, 20.0349057 ], [ 82.0412119, 20.0309641 ], [ 82.038044, 20.0301157 ], [ 82.0383457, 20.0289981 ], [ 82.0373366, 20.0279453 ], [ 82.038852, 20.0271399 ], [ 82.0379748, 20.0260715 ], [ 82.0399027, 20.0238817 ], [ 82.0400003, 20.0225966 ], [ 82.0383851, 20.0224535 ], [ 82.0325614, 20.0157209 ], [ 82.0215466, 20.0237092 ], [ 82.0227201, 20.0321453 ], [ 82.0176803, 20.0489771 ], [ 82.0197035, 20.0502022 ], [ 82.0216129, 20.0539069 ], [ 82.022487, 20.0620915 ], [ 82.0251065, 20.0658936 ], [ 82.0277455, 20.0723108 ], [ 82.0312534, 20.0759553 ], [ 82.0357937, 20.0929918 ], [ 82.0363298, 20.0959978 ], [ 82.0354775, 20.0992222 ], [ 82.0387553, 20.0974533 ], [ 82.0448039, 20.0962661 ], [ 82.0533363, 20.0996639 ], [ 82.0635919, 20.105214 ], [ 82.0698979, 20.1060877 ], [ 82.0770779, 20.1029057 ], [ 82.0828583, 20.1028552 ], [ 82.0875035, 20.101228 ], [ 82.0925883, 20.1007209 ], [ 82.0959013, 20.1023478 ], [ 82.1022528, 20.1039223 ], [ 82.1061061, 20.106023 ], [ 82.1074016, 20.1086811 ], [ 82.1138798, 20.1161858 ], [ 82.1144619, 20.1347601 ], [ 82.129246, 20.141456 ], [ 82.1373693, 20.1488627 ], [ 82.1352869, 20.1540907 ], [ 82.1319272, 20.1577243 ], [ 82.1340487, 20.1629159 ], [ 82.1324179, 20.1669177 ], [ 82.1340325, 20.1728839 ], [ 82.1354222, 20.1751195 ], [ 82.1334685, 20.1785566 ], [ 82.1334113, 20.1828586 ], [ 82.138995, 20.1972117 ], [ 82.1446652, 20.205824 ], [ 82.1483463, 20.2190726 ], [ 82.1502967, 20.2228797 ], [ 82.1545241, 20.2232178 ], [ 82.1607913, 20.2295035 ], [ 82.1645118, 20.2304783 ], [ 82.1644693, 20.2328472 ], [ 82.1621972, 20.2358263 ], [ 82.1637005, 20.2391252 ], [ 82.173947, 20.2518114 ], [ 82.177972, 20.2541304 ], [ 82.1802238, 20.2570083 ], [ 82.1737224, 20.260565 ], [ 82.1665462, 20.2604481 ], [ 82.1604085, 20.2652185 ], [ 82.1556146, 20.269586 ], [ 82.1557748, 20.2743821 ], [ 82.1568441, 20.277239 ], [ 82.1526198, 20.2820122 ], [ 82.1451477, 20.2872198 ], [ 82.1317453, 20.2886817 ], [ 82.1158853, 20.2875216 ], [ 82.1086109, 20.2907445 ], [ 82.1053821, 20.3034444 ], [ 82.1032895, 20.3057279 ], [ 82.0956523, 20.3225853 ], [ 82.0942418, 20.3244323 ], [ 82.0921066, 20.324903 ], [ 82.0855095, 20.3299279 ], [ 82.0852815, 20.331861 ], [ 82.0877181, 20.3348525 ], [ 82.0882636, 20.3367858 ], [ 82.0878533, 20.3405231 ], [ 82.0885704, 20.3454985 ], [ 82.0855055, 20.3569952 ], [ 82.0808623, 20.3653282 ], [ 82.0807991, 20.3687078 ], [ 82.0832552, 20.3723169 ], [ 82.0854912, 20.3788777 ], [ 82.0852452, 20.3824476 ], [ 82.0819154, 20.3856238 ], [ 82.0803666, 20.3913369 ], [ 82.0813953, 20.3954041 ], [ 82.0851718, 20.3983692 ], [ 82.0840636, 20.4046288 ], [ 82.0852909, 20.4104285 ], [ 82.0825948, 20.4149304 ], [ 82.0758446, 20.4213194 ], [ 82.0745101, 20.4291704 ], [ 82.0716414, 20.4320048 ], [ 82.0644137, 20.434021 ], [ 82.0615445, 20.4372848 ], [ 82.0635351, 20.4444515 ], [ 82.0633068, 20.4460409 ], [ 82.0569293, 20.4516159 ], [ 82.0518562, 20.4630717 ], [ 82.0560303, 20.4736928 ], [ 82.0562113, 20.4762496 ], [ 82.0555094, 20.478169 ], [ 82.0514925, 20.4823757 ], [ 82.0486283, 20.4892037 ], [ 82.0479439, 20.4918461 ], [ 82.0487725, 20.4981281 ], [ 82.0477325, 20.5007415 ], [ 82.040856, 20.5030914 ], [ 82.0399803, 20.5081379 ], [ 82.0376423, 20.5112168 ], [ 82.0351145, 20.5187615 ], [ 82.0322721, 20.5209281 ], [ 82.0228102, 20.5245817 ], [ 82.0210141, 20.5273479 ], [ 82.0201384, 20.5316153 ], [ 82.0214398, 20.5438103 ], [ 82.0177503, 20.5590197 ], [ 82.0179139, 20.5760124 ], [ 82.0086154, 20.5935275 ], [ 82.0013664, 20.618152 ], [ 81.9974165, 20.6261402 ], [ 81.9945734, 20.635242 ], [ 81.9946695, 20.6380787 ], [ 81.9973427, 20.644131 ], [ 81.9980843, 20.6483132 ], [ 82.0015599, 20.6516869 ], [ 82.0039004, 20.6601349 ], [ 82.006398, 20.6643877 ], [ 82.012121, 20.6695497 ], [ 82.0124444, 20.6731877 ], [ 82.0093294, 20.676922 ], [ 82.0035139, 20.6790485 ], [ 81.9982651, 20.6838625 ], [ 81.9932142, 20.6924573 ], [ 81.9829854, 20.701763 ], [ 81.9815819, 20.705239 ], [ 81.9815833, 20.7073352 ], [ 81.9845784, 20.7196176 ], [ 81.9814762, 20.7239221 ], [ 81.9749364, 20.7280988 ], [ 81.9558416, 20.7349739 ], [ 81.9446275, 20.73652 ], [ 81.9381827, 20.7382325 ], [ 81.9345504, 20.7401093 ], [ 81.9258804, 20.7471176 ], [ 81.9228357, 20.7514107 ], [ 81.9242241, 20.7634089 ], [ 81.921561, 20.7713142 ], [ 81.9178217, 20.7767354 ], [ 81.909611, 20.7852805 ], [ 81.9092455, 20.7866115 ], [ 81.9110773, 20.7945174 ], [ 81.9224251, 20.8057004 ], [ 81.9245115, 20.8093877 ], [ 81.9243636, 20.8130509 ], [ 81.9199123, 20.8193767 ], [ 81.9142212, 20.8226872 ], [ 81.9084383, 20.8283909 ], [ 81.9040507, 20.8349319 ], [ 81.9023666, 20.8396337 ], [ 81.8996188, 20.8546837 ], [ 81.8974772, 20.8589041 ], [ 81.8911517, 20.8673926 ], [ 81.8883125, 20.8773389 ], [ 81.8880298, 20.8815096 ], [ 81.8908587, 20.8890625 ], [ 81.8924487, 20.8982594 ], [ 81.8897021, 20.9041866 ], [ 81.8801649, 20.9110317 ], [ 81.876475, 20.9199006 ], [ 81.8764082, 20.9316723 ], [ 81.8733101, 20.9399839 ], [ 81.8732196, 20.9645892 ], [ 81.8761896, 20.9740561 ], [ 81.8778917, 20.976716 ], [ 81.8860376, 20.9835847 ], [ 81.8896783, 20.9887102 ], [ 81.9022594, 20.9970859 ], [ 81.9151579, 21.0072816 ], [ 81.9233104, 21.0176051 ], [ 81.9412801, 21.0290512 ], [ 81.9453668, 21.0306766 ], [ 81.9535177, 21.0363661 ], [ 81.9706473, 21.0588587 ], [ 81.9801, 21.074477 ], [ 81.9881833, 21.0833353 ], [ 81.9935859, 21.0777272 ], [ 81.9952561, 21.076571 ] ] ] } },
{ "type": "Feature", "properties": { "dtname": "Mahasamund", "stname": "CHHATTISGARH", "dist_lgd": 385, "year_stat": "2011_c" }, "geometry": { "type": "Polygon", "coordinates": [ [ [ 82.8803409, 21.5553756 ], [ 82.8920357, 21.5423015 ], [ 82.8935604, 21.5381875 ], [ 82.8969435, 21.5357486 ], [ 82.8986509, 21.5290695 ], [ 82.9036112, 21.5227286 ], [ 82.9072474, 21.5110501 ], [ 82.9104357, 21.5048718 ], [ 82.9164889, 21.4949714 ], [ 82.9216598, 21.4898175 ], [ 82.9239959, 21.4920386 ], [ 82.9279236, 21.4922045 ], [ 82.9292364, 21.4931252 ], [ 82.9299695, 21.4922128 ], [ 82.9317836, 21.4921445 ], [ 82.931886, 21.4947229 ], [ 82.9339755, 21.495097 ], [ 82.9344921, 21.4959187 ], [ 82.9387336, 21.4961114 ], [ 82.9424676, 21.4946919 ], [ 82.944364, 21.4948581 ], [ 82.9449274, 21.4923336 ], [ 82.9479788, 21.4963559 ], [ 82.9531085, 21.4971573 ], [ 82.9594896, 21.4924488 ], [ 82.9618472, 21.4892503 ], [ 82.9634469, 21.4856234 ], [ 82.9657781, 21.4715328 ], [ 82.9687121, 21.472502 ], [ 82.9756193, 21.4775602 ], [ 82.9777859, 21.4780059 ], [ 82.9865207, 21.468192 ], [ 82.9868422, 21.4659159 ], [ 82.991941, 21.4654427 ], [ 82.9932989, 21.4623123 ], [ 82.9986159, 21.4596855 ], [ 83.0052727, 21.4602232 ], [ 83.0098734, 21.4681336 ], [ 83.0148541, 21.4719212 ], [ 83.0136554, 21.4749144 ], [ 83.0152342, 21.4797698 ], [ 83.0158055, 21.4901746 ], [ 83.0320965, 21.4874479 ], [ 83.0400266, 21.4826969 ], [ 83.0465886, 21.4823027 ], [ 83.0493019, 21.4787455 ], [ 83.0494773, 21.4755033 ], [ 83.0504717, 21.474447 ], [ 83.0544773, 21.4617096 ], [ 83.0543729, 21.4582008 ], [ 83.0513596, 21.444941 ], [ 83.0568603, 21.440843 ], [ 83.0593707, 21.4359714 ], [ 83.0622362, 21.4350739 ], [ 83.0663165, 21.4351837 ], [ 83.0706774, 21.4333653 ], [ 83.0875633, 21.4336137 ], [ 83.0908195, 21.4306068 ], [ 83.0920445, 21.4310858 ], [ 83.0926382, 21.4292479 ], [ 83.0943843, 21.4284128 ], [ 83.1005676, 21.4270771 ], [ 83.1029307, 21.4283419 ], [ 83.1074112, 21.4288888 ], [ 83.1124032, 21.426261 ], [ 83.1226231, 21.4226036 ], [ 83.1237034, 21.416304 ], [ 83.1232694, 21.4151751 ], [ 83.1211523, 21.4147144 ], [ 83.1172412, 21.4163671 ], [ 83.1151386, 21.4142807 ], [ 83.1142803, 21.4116569 ], [ 83.1178735, 21.40277 ], [ 83.1213599, 21.4005527 ], [ 83.1246631, 21.3995909 ], [ 83.1272092, 21.4010856 ], [ 83.1300445, 21.3983083 ], [ 83.1326576, 21.3917286 ], [ 83.1322861, 21.3873663 ], [ 83.1308347, 21.383844 ], [ 83.1307574, 21.3789126 ], [ 83.1405534, 21.3706706 ], [ 83.1425054, 21.3657345 ], [ 83.1428184, 21.3627676 ], [ 83.1434451, 21.3628308 ], [ 83.1437009, 21.3644112 ], [ 83.1458415, 21.3657161 ], [ 83.1506384, 21.3660902 ], [ 83.1511651, 21.372751 ], [ 83.1524911, 21.373532 ], [ 83.1531279, 21.3754332 ], [ 83.1666689, 21.3856361 ], [ 83.1705701, 21.3871704 ], [ 83.1739124, 21.3898926 ], [ 83.1749024, 21.3943494 ], [ 83.1795826, 21.4023411 ], [ 83.1838445, 21.4002397 ], [ 83.1853625, 21.3979902 ], [ 83.1894266, 21.3957534 ], [ 83.1907439, 21.3872179 ], [ 83.1881577, 21.3830734 ], [ 83.1883644, 21.381574 ], [ 83.194191, 21.3863314 ], [ 83.1977134, 21.3915277 ], [ 83.2004995, 21.3992395 ], [ 83.2014882, 21.3995958 ], [ 83.2180782, 21.3951798 ], [ 83.2207275, 21.3911006 ], [ 83.2219229, 21.3831158 ], [ 83.2335616, 21.3824584 ], [ 83.2363476, 21.3814586 ], [ 83.2437694, 21.3833727 ], [ 83.2478579, 21.3830272 ], [ 83.2605289, 21.3808631 ], [ 83.2742199, 21.3770709 ], [ 83.2738068, 21.3678387 ], [ 83.2746945, 21.3638263 ], [ 83.2721473, 21.3590028 ], [ 83.2721991, 21.3567309 ], [ 83.2698702, 21.3482247 ], [ 83.2683477, 21.3451253 ], [ 83.2585616, 21.3370715 ], [ 83.257552, 21.3344031 ], [ 83.2576939, 21.3335974 ], [ 83.2623546, 21.3330154 ], [ 83.2665283, 21.3308552 ], [ 83.2628329, 21.330273 ], [ 83.2573442, 21.3204994 ], [ 83.2581503, 21.3158697 ], [ 83.2620794, 21.3078343 ], [ 83.2673287, 21.3057861 ], [ 83.2692995, 21.3032942 ], [ 83.2720483, 21.3018845 ], [ 83.2743368, 21.3015737 ], [ 83.2762945, 21.3023012 ], [ 83.2774473, 21.3001997 ], [ 83.2770799, 21.2979336 ], [ 83.2792694, 21.2949557 ], [ 83.2785946, 21.2893165 ], [ 83.2749082, 21.2858086 ], [ 83.2709474, 21.2725697 ], [ 83.2687332, 21.2745636 ], [ 83.2677675, 21.2775566 ], [ 83.2558328, 21.2821192 ], [ 83.2505908, 21.2823834 ], [ 83.2462654, 21.2811589 ], [ 83.2393348, 21.2736252 ], [ 83.2379589, 21.269607 ], [ 83.2319077, 21.2727169 ], [ 83.2229542, 21.2657691 ], [ 83.2216741, 21.2600653 ], [ 83.2176463, 21.2548491 ], [ 83.2189158, 21.2418513 ], [ 83.2219535, 21.2321307 ], [ 83.222148, 21.2287237 ], [ 83.2188957, 21.2286086 ], [ 83.2175848, 21.2259663 ], [ 83.2185684, 21.2208874 ], [ 83.2170638, 21.2133312 ], [ 83.2150827, 21.2112571 ], [ 83.2127508, 21.2101995 ], [ 83.2105263, 21.205036 ], [ 83.2106043, 21.2038025 ], [ 83.2135519, 21.1993434 ], [ 83.2146203, 21.1947872 ], [ 83.2093266, 21.1894472 ], [ 83.2051147, 21.1794334 ], [ 83.2028449, 21.1776432 ], [ 83.202633, 21.1727695 ], [ 83.2046174, 21.1656954 ], [ 83.1985164, 21.1642577 ], [ 83.1984388, 21.1599737 ], [ 83.1976281, 21.1582143 ], [ 83.1983617, 21.1534592 ], [ 83.1965605, 21.1514281 ], [ 83.1981038, 21.1454434 ], [ 83.1919834, 21.1390163 ], [ 83.1776946, 21.1351099 ], [ 83.1742531, 21.13673 ], [ 83.1710444, 21.1361705 ], [ 83.1669147, 21.1387882 ], [ 83.164371, 21.1351882 ], [ 83.1624862, 21.1347629 ], [ 83.1573262, 21.1310675 ], [ 83.1556236, 21.1278064 ], [ 83.1537454, 21.1267241 ], [ 83.1478904, 21.1204951 ], [ 83.1474293, 21.1185593 ], [ 83.138933, 21.1133341 ], [ 83.140651, 21.1123371 ], [ 83.1386713, 21.1095128 ], [ 83.1314917, 21.1058148 ], [ 83.1240988, 21.1066978 ], [ 83.1223188, 21.1074064 ], [ 83.1215988, 21.1099035 ], [ 83.117016, 21.1104575 ], [ 83.113544, 21.1126637 ], [ 83.1081783, 21.1123061 ], [ 83.1053336, 21.1108965 ], [ 83.1015022, 21.1108402 ], [ 83.1012568, 21.1099916 ], [ 83.0966596, 21.110372 ], [ 83.0944195, 21.113276 ], [ 83.0901065, 21.1111347 ], [ 83.0848963, 21.112951 ], [ 83.0780315, 21.112009 ], [ 83.0772506, 21.1140653 ], [ 83.0749976, 21.1136549 ], [ 83.0685117, 21.1168545 ], [ 83.0662559, 21.1190224 ], [ 83.0668007, 21.1201446 ], [ 83.0661114, 21.1207581 ], [ 83.0593586, 21.1227867 ], [ 83.0560313, 21.1223122 ], [ 83.052332, 21.1262721 ], [ 83.0473796, 21.1241555 ], [ 83.0452504, 21.1240097 ], [ 83.0437817, 21.126064 ], [ 83.041261, 21.1275619 ], [ 83.0386517, 21.1317298 ], [ 83.0338319, 21.1319322 ], [ 83.0334922, 21.1338418 ], [ 83.0352246, 21.1359254 ], [ 83.0348153, 21.1366256 ], [ 83.0333758, 21.1373023 ], [ 83.0289084, 21.1351251 ], [ 83.0255087, 21.1367689 ], [ 83.0230367, 21.1365636 ], [ 83.0222238, 21.1404929 ], [ 83.0202954, 21.1434601 ], [ 83.0159971, 21.1463066 ], [ 83.0100506, 21.1447427 ], [ 83.0101272, 21.1425743 ], [ 83.0045836, 21.1369593 ], [ 83.0015501, 21.1368732 ], [ 82.9993584, 21.1389086 ], [ 82.9976033, 21.1379448 ], [ 82.99545, 21.1385347 ], [ 82.9937288, 21.1408399 ], [ 82.9925521, 21.1399552 ], [ 82.9903222, 21.1398595 ], [ 82.9896707, 21.1433262 ], [ 82.9858433, 21.1490475 ], [ 82.9857639, 21.1510398 ], [ 82.9880842, 21.1528549 ], [ 82.9923967, 21.1585572 ], [ 82.9933174, 21.161888 ], [ 82.9951142, 21.1623454 ], [ 82.9962464, 21.1641926 ], [ 83.0037643, 21.1669305 ], [ 83.0013533, 21.170567 ], [ 82.9965221, 21.1696848 ], [ 82.9931858, 21.1711106 ], [ 82.9878347, 21.169855 ], [ 82.9860735, 21.1681101 ], [ 82.982947, 21.1697635 ], [ 82.9805627, 21.1700262 ], [ 82.981583, 21.1721682 ], [ 82.9857298, 21.1759037 ], [ 82.9900027, 21.1818323 ], [ 82.9880851, 21.1828121 ], [ 82.9832527, 21.1800556 ], [ 82.9814308, 21.1802667 ], [ 82.9778699, 21.1825798 ], [ 82.9753413, 21.1821534 ], [ 82.9700063, 21.1788559 ], [ 82.9694505, 21.1765231 ], [ 82.9674923, 21.1751687 ], [ 82.965559, 21.1753311 ], [ 82.9651097, 21.1770298 ], [ 82.9674332, 21.1830718 ], [ 82.9649344, 21.1932749 ], [ 82.9609876, 21.1926615 ], [ 82.9591609, 21.1888759 ], [ 82.9490323, 21.1839038 ], [ 82.946894, 21.1820274 ], [ 82.9468266, 21.1798153 ], [ 82.9438448, 21.1778537 ], [ 82.944118, 21.176663 ], [ 82.9468182, 21.1754983 ], [ 82.9459129, 21.174014 ], [ 82.9431412, 21.1730209 ], [ 82.9428585, 21.1716422 ], [ 82.9475701, 21.1645343 ], [ 82.9476833, 21.1617784 ], [ 82.9460123, 21.1624705 ], [ 82.9421418, 21.1606318 ], [ 82.9399842, 21.1609322 ], [ 82.9395387, 21.1622107 ], [ 82.9403113, 21.16497 ], [ 82.9391661, 21.1687087 ], [ 82.9376979, 21.1698455 ], [ 82.9349677, 21.1683323 ], [ 82.9338666, 21.1639871 ], [ 82.9322517, 21.1630844 ], [ 82.9269512, 21.1638221 ], [ 82.9209433, 21.1634706 ], [ 82.914983, 21.1619577 ], [ 82.9102201, 21.1652043 ], [ 82.9052629, 21.1668226 ], [ 82.9021068, 21.1669936 ], [ 82.8999032, 21.1637037 ], [ 82.8954826, 21.1609806 ], [ 82.8939316, 21.1563737 ], [ 82.8853761, 21.1509824 ], [ 82.8843, 21.1492467 ], [ 82.8821763, 21.1484304 ], [ 82.8781817, 21.1534514 ], [ 82.8785159, 21.1585823 ], [ 82.8764464, 21.160913 ], [ 82.876364, 21.1635466 ], [ 82.874139, 21.1634764 ], [ 82.872546, 21.1623831 ], [ 82.8716998, 21.1574837 ], [ 82.8681497, 21.1600112 ], [ 82.8664277, 21.1628211 ], [ 82.8653437, 21.1616002 ], [ 82.8595869, 21.1597668 ], [ 82.8578104, 21.1597548 ], [ 82.855598, 21.161468 ], [ 82.8524639, 21.1595379 ], [ 82.8501016, 21.1616051 ], [ 82.8514858, 21.1660608 ], [ 82.8515824, 21.1680151 ], [ 82.8508823, 21.1686324 ], [ 82.8471009, 21.1665332 ], [ 82.8427634, 21.1677185 ], [ 82.8348735, 21.1662553 ], [ 82.8312575, 21.1646733 ], [ 82.8280173, 21.1654444 ], [ 82.8260024, 21.1636778 ], [ 82.8194532, 21.162764 ], [ 82.8162487, 21.1613306 ], [ 82.8119653, 21.161065 ], [ 82.8050232, 21.1559186 ], [ 82.8003153, 21.1559462 ], [ 82.7982117, 21.1523829 ], [ 82.796217, 21.1506517 ], [ 82.7966598, 21.1486509 ], [ 82.7946941, 21.1449234 ], [ 82.7946684, 21.1431851 ], [ 82.7936786, 21.1425452 ], [ 82.789441, 21.1428158 ], [ 82.7856385, 21.1448702 ], [ 82.7837323, 21.1480967 ], [ 82.7807664, 21.1496679 ], [ 82.7805011, 21.1520327 ], [ 82.7794027, 21.1535841 ], [ 82.7743495, 21.1541295 ], [ 82.7712017, 21.1570212 ], [ 82.7671284, 21.1590103 ], [ 82.767816, 21.1605567 ], [ 82.7652202, 21.1617128 ], [ 82.7658058, 21.1627816 ], [ 82.7633369, 21.1640854 ], [ 82.7629825, 21.1626213 ], [ 82.7611206, 21.1635439 ], [ 82.7601003, 21.165203 ], [ 82.7575001, 21.1635455 ], [ 82.7559068, 21.1664343 ], [ 82.7500057, 21.1641064 ], [ 82.7455042, 21.1637239 ], [ 82.7448171, 21.1646613 ], [ 82.7405663, 21.1634677 ], [ 82.7368326, 21.1653307 ], [ 82.7345286, 21.1646904 ], [ 82.7326192, 21.164859 ], [ 82.7318921, 21.1656749 ], [ 82.7211524, 21.1658477 ], [ 82.7207069, 21.1639509 ], [ 82.7217823, 21.1611941 ], [ 82.7211878, 21.1576731 ], [ 82.7156578, 21.160326 ], [ 82.7104492, 21.1608077 ], [ 82.7090805, 21.1606997 ], [ 82.7052615, 21.1580781 ], [ 82.6998313, 21.1576992 ], [ 82.6957326, 21.1605269 ], [ 82.697084, 21.1641985 ], [ 82.6930044, 21.1657435 ], [ 82.6897453, 21.1645295 ], [ 82.6854557, 21.1647251 ], [ 82.6853994, 21.1629876 ], [ 82.6841451, 21.1610581 ], [ 82.6640532, 21.1549974 ], [ 82.6625925, 21.1548221 ], [ 82.655488, 21.1571363 ], [ 82.6406101, 21.154874 ], [ 82.6372185, 21.1507339 ], [ 82.6367417, 21.1480828 ], [ 82.637273, 21.14474 ], [ 82.6404628, 21.1410645 ], [ 82.6427879, 21.1358164 ], [ 82.6439521, 21.1348748 ], [ 82.6487769, 21.1345524 ], [ 82.6519781, 21.1332521 ], [ 82.6527557, 21.1287101 ], [ 82.6497952, 21.1252207 ], [ 82.6419069, 21.1200719 ], [ 82.6397414, 21.1157391 ], [ 82.6421464, 21.111222 ], [ 82.6484525, 21.1095619 ], [ 82.6499056, 21.1064677 ], [ 82.6458203, 21.1000038 ], [ 82.637333, 21.0931894 ], [ 82.6338905, 21.0877623 ], [ 82.633109, 21.0831857 ], [ 82.6296352, 21.0788201 ], [ 82.6282125, 21.0780975 ], [ 82.6197118, 21.0796333 ], [ 82.6165069, 21.0791806 ], [ 82.6145213, 21.0780207 ], [ 82.6119833, 21.0746936 ], [ 82.6118613, 21.0691936 ], [ 82.6172458, 21.0598567 ], [ 82.6178779, 21.0546793 ], [ 82.624068, 21.0509348 ], [ 82.6261012, 21.0485442 ], [ 82.6297855, 21.0409439 ], [ 82.6287918, 21.0380358 ], [ 82.6220156, 21.032026 ], [ 82.6186523, 21.0270449 ], [ 82.6133253, 21.0228545 ], [ 82.6127554, 21.0217532 ], [ 82.6129504, 21.0161735 ], [ 82.6113623, 21.012973 ], [ 82.6055461, 21.0083939 ], [ 82.5949875, 20.997893 ], [ 82.5887806, 20.9935475 ], [ 82.5805121, 20.9797271 ], [ 82.5713834, 20.9722553 ], [ 82.5671209, 20.9646841 ], [ 82.5646572, 20.9571324 ], [ 82.5591479, 20.9479375 ], [ 82.5521388, 20.9419627 ], [ 82.543026, 20.9366073 ], [ 82.5371991, 20.9347223 ], [ 82.52995, 20.9348055 ], [ 82.5271054, 20.9340044 ], [ 82.5230047, 20.9306942 ], [ 82.518787, 20.9238619 ], [ 82.515944, 20.9217643 ], [ 82.504433, 20.9195898 ], [ 82.4887428, 20.9094021 ], [ 82.4872583, 20.9070527 ], [ 82.4869885, 20.9050406 ], [ 82.4891158, 20.8980167 ], [ 82.4910686, 20.8806284 ], [ 82.4901177, 20.8768064 ], [ 82.4859782, 20.870284 ], [ 82.4866814, 20.8616464 ], [ 82.4839252, 20.8584272 ], [ 82.4833224, 20.8542952 ], [ 82.481078, 20.8513065 ], [ 82.4777094, 20.8497998 ], [ 82.4722763, 20.8489659 ], [ 82.4671704, 20.8451795 ], [ 82.4651616, 20.8416736 ], [ 82.468784, 20.8351791 ], [ 82.4644854, 20.828996 ], [ 82.4588333, 20.8276622 ], [ 82.4543701, 20.827646 ], [ 82.4490164, 20.8310067 ], [ 82.4472817, 20.8299598 ], [ 82.444171, 20.8307359 ], [ 82.4434585, 20.8313259 ], [ 82.4435282, 20.8343683 ], [ 82.4393411, 20.8356366 ], [ 82.4375545, 20.8341973 ], [ 82.4330349, 20.8338557 ], [ 82.4273149, 20.8315457 ], [ 82.4199547, 20.8315617 ], [ 82.4190946, 20.8325761 ], [ 82.4183516, 20.8368731 ], [ 82.4161472, 20.8390189 ], [ 82.4130497, 20.839704 ], [ 82.4118097, 20.842239 ], [ 82.4104927, 20.8422584 ], [ 82.4099527, 20.8455969 ], [ 82.4128703, 20.8508621 ], [ 82.4100817, 20.8563596 ], [ 82.407849, 20.857575 ], [ 82.4068509, 20.8592769 ], [ 82.407469, 20.8652702 ], [ 82.4052823, 20.8701744 ], [ 82.3955662, 20.8700292 ], [ 82.3917512, 20.8732491 ], [ 82.3892407, 20.8740917 ], [ 82.3896748, 20.8753167 ], [ 82.3887155, 20.8744619 ], [ 82.3850548, 20.8740895 ], [ 82.3784929, 20.8686319 ], [ 82.3759158, 20.8679796 ], [ 82.3646083, 20.8706719 ], [ 82.3594749, 20.8738069 ], [ 82.3605127, 20.8764229 ], [ 82.3603861, 20.8794547 ], [ 82.3637551, 20.8884889 ], [ 82.3511927, 20.8897404 ], [ 82.3492421, 20.8817564 ], [ 82.3472889, 20.8793958 ], [ 82.345965, 20.8729062 ], [ 82.3382015, 20.8706456 ], [ 82.3361571, 20.8703968 ], [ 82.3359861, 20.8722325 ], [ 82.337396, 20.8757102 ], [ 82.3367319, 20.8776588 ], [ 82.3306723, 20.8781812 ], [ 82.3258354, 20.8799367 ], [ 82.3182338, 20.8787285 ], [ 82.3127816, 20.880619 ], [ 82.3097357, 20.8844723 ], [ 82.3079572, 20.8854855 ], [ 82.2973795, 20.9015201 ], [ 82.2874446, 20.9031276 ], [ 82.2810751, 20.9056622 ], [ 82.2742155, 20.9111387 ], [ 82.2729141, 20.9165572 ], [ 82.2710497, 20.9195096 ], [ 82.2701732, 20.9254161 ], [ 82.2720188, 20.9328395 ], [ 82.2718702, 20.935488 ], [ 82.26559, 20.9453089 ], [ 82.2616856, 20.9432155 ], [ 82.2602258, 20.9410287 ], [ 82.2547214, 20.9411694 ], [ 82.2508876, 20.9396072 ], [ 82.2494634, 20.9397446 ], [ 82.2458374, 20.9414425 ], [ 82.2427863, 20.9472995 ], [ 82.2366121, 20.9472254 ], [ 82.2288225, 20.9509004 ], [ 82.2282007, 20.9521028 ], [ 82.2238348, 20.952047 ], [ 82.2207405, 20.9502423 ], [ 82.2244105, 20.9454883 ], [ 82.2262063, 20.9387518 ], [ 82.219711, 20.9346703 ], [ 82.2179012, 20.9367386 ], [ 82.2149198, 20.937542 ], [ 82.2136744, 20.9388575 ], [ 82.21243, 20.9381124 ], [ 82.2094886, 20.9392514 ], [ 82.2067358, 20.9425721 ], [ 82.202433, 20.9417665 ], [ 82.1984654, 20.9391613 ], [ 82.194828, 20.9449 ], [ 82.1917141, 20.9468135 ], [ 82.1902829, 20.9496767 ], [ 82.1863686, 20.9669123 ], [ 82.1823315, 20.9664955 ], [ 82.1766909, 20.968439 ], [ 82.1740851, 20.97074 ], [ 82.1718443, 20.9745662 ], [ 82.1721141, 20.9797936 ], [ 82.1738641, 20.9843635 ], [ 82.1710377, 20.9947276 ], [ 82.1714197, 20.9976957 ], [ 82.1684053, 21.0004964 ], [ 82.1669536, 21.0030656 ], [ 82.1670744, 21.0049443 ], [ 82.1662908, 21.0061052 ], [ 82.1669983, 21.0079295 ], [ 82.1659356, 21.0083542 ], [ 82.1642967, 21.0128571 ], [ 82.1621188, 21.0161092 ], [ 82.1475649, 21.0163647 ], [ 82.1397447, 21.0187906 ], [ 82.1340981, 21.0177208 ], [ 82.130534, 21.0161448 ], [ 82.1273933, 21.016023 ], [ 82.124445, 21.016994 ], [ 82.1190725, 21.0213519 ], [ 82.1082259, 21.0260027 ], [ 82.0989908, 21.026259 ], [ 82.0949554, 21.0252242 ], [ 82.0929111, 21.0257386 ], [ 82.0818416, 21.032298 ], [ 82.0781982, 21.0390666 ], [ 82.071251, 21.0419955 ], [ 82.0671224, 21.045056 ], [ 82.0658659, 21.0476162 ], [ 82.065195, 21.0531165 ], [ 82.0625318, 21.0599935 ], [ 82.0611311, 21.0615826 ], [ 82.0580131, 21.0625162 ], [ 82.0529049, 21.0601026 ], [ 82.0404545, 21.0590627 ], [ 82.0320563, 21.056019 ], [ 82.0251907, 21.0567513 ], [ 82.0182266, 21.0605496 ], [ 82.014255, 21.063907 ], [ 82.0124444, 21.0660464 ], [ 82.0097793, 21.0717935 ], [ 82.0072369, 21.0743027 ], [ 82.0027751, 21.0761917 ], [ 81.9952561, 21.076571 ], [ 81.9881833, 21.0833353 ], [ 81.9921738, 21.113142 ], [ 81.9960946, 21.1257799 ], [ 81.9982613, 21.139391 ], [ 82.0026557, 21.1459141 ], [ 82.0124692, 21.1547361 ], [ 82.0149944, 21.1643523 ], [ 82.017096, 21.1741397 ], [ 82.0163134, 21.1843724 ], [ 82.0174337, 21.1932921 ], [ 82.0161668, 21.2005846 ], [ 82.0170268, 21.2098925 ], [ 82.0196708, 21.216632 ], [ 82.0218602, 21.219361 ], [ 82.0283923, 21.2322307 ], [ 82.0368822, 21.2434258 ], [ 82.0454961, 21.2501407 ], [ 82.0507485, 21.2565035 ], [ 82.0590554, 21.263457 ], [ 82.0814775, 21.2769352 ], [ 82.0907512, 21.2815932 ], [ 82.0987683, 21.284119 ], [ 82.1176799, 21.2878194 ], [ 82.1217032, 21.2902445 ], [ 82.1301166, 21.299904 ], [ 82.1342658, 21.3018366 ], [ 82.1459336, 21.3112151 ], [ 82.150966, 21.3180333 ], [ 82.1565432, 21.3232753 ], [ 82.1656165, 21.3337457 ], [ 82.1707527, 21.3432503 ], [ 82.1749339, 21.3493726 ], [ 82.1772967, 21.3514266 ], [ 82.1895314, 21.3740062 ], [ 82.2092302, 21.3978772 ], [ 82.213883, 21.4050505 ], [ 82.2194272, 21.4103897 ], [ 82.2254761, 21.4198062 ], [ 82.228951, 21.4232903 ], [ 82.2331258, 21.4339585 ], [ 82.2413012, 21.4340479 ], [ 82.2430478, 21.4348188 ], [ 82.2523511, 21.4323255 ], [ 82.2507806, 21.4300303 ], [ 82.2462834, 21.4269515 ], [ 82.2454753, 21.4189682 ], [ 82.2540184, 21.4164761 ], [ 82.2554195, 21.4133702 ], [ 82.259258, 21.4136618 ], [ 82.2613273, 21.4130356 ], [ 82.264389, 21.4073747 ], [ 82.2689125, 21.4071293 ], [ 82.2718455, 21.4057131 ], [ 82.2749107, 21.4012217 ], [ 82.2755417, 21.3950579 ], [ 82.2766669, 21.3924394 ], [ 82.2751093, 21.3855202 ], [ 82.2565916, 21.3830426 ], [ 82.2490471, 21.3702843 ], [ 82.2433438, 21.3648429 ], [ 82.2448759, 21.3604682 ], [ 82.2505851, 21.3587023 ], [ 82.2561526, 21.3533595 ], [ 82.2555053, 21.3490419 ], [ 82.2522114, 21.3450204 ], [ 82.2552764, 21.3399242 ], [ 82.2553864, 21.3291719 ], [ 82.2521036, 21.3180695 ], [ 82.2463885, 21.3173112 ], [ 82.2429636, 21.3154615 ], [ 82.2616915, 21.3089903 ], [ 82.2643426, 21.3017079 ], [ 82.267649, 21.3009017 ], [ 82.2773347, 21.3010611 ], [ 82.275759, 21.2864422 ], [ 82.2762395, 21.2812582 ], [ 82.2780682, 21.2774252 ], [ 82.2768572, 21.2725338 ], [ 82.2852698, 21.2716715 ], [ 82.2974557, 21.2689544 ], [ 82.2990297, 21.2811932 ], [ 82.3099912, 21.280841 ], [ 82.3115103, 21.2890605 ], [ 82.3140001, 21.292078 ], [ 82.3172381, 21.2922959 ], [ 82.3217294, 21.2912272 ], [ 82.325044, 21.2926507 ], [ 82.3304093, 21.2850157 ], [ 82.3338165, 21.2831019 ], [ 82.3370881, 21.2830123 ], [ 82.337898, 21.2813777 ], [ 82.343303, 21.2860212 ], [ 82.3482228, 21.2840757 ], [ 82.3521222, 21.2752792 ], [ 82.3441008, 21.2727175 ], [ 82.343263, 21.2700032 ], [ 82.3454558, 21.2666889 ], [ 82.3450276, 21.2636857 ], [ 82.3470413, 21.26407 ], [ 82.3509335, 21.2664414 ], [ 82.3585792, 21.2664829 ], [ 82.3607077, 21.2765491 ], [ 82.3621001, 21.276617 ], [ 82.3662726, 21.2760753 ], [ 82.3748824, 21.2731086 ], [ 82.3774408, 21.273524 ], [ 82.3773587, 21.2679469 ], [ 82.3787606, 21.2650657 ], [ 82.3898313, 21.2623012 ], [ 82.3921686, 21.2679594 ], [ 82.3920836, 21.2830517 ], [ 82.3954816, 21.2908096 ], [ 82.3956751, 21.2959125 ], [ 82.4008748, 21.2985175 ], [ 82.4072273, 21.3042245 ], [ 82.4104127, 21.3048561 ], [ 82.4178115, 21.3101966 ], [ 82.4193873, 21.310422 ], [ 82.4232084, 21.3088179 ], [ 82.4288569, 21.3102702 ], [ 82.4374247, 21.3086912 ], [ 82.4450463, 21.3041407 ], [ 82.4468426, 21.3017781 ], [ 82.445829, 21.2983329 ], [ 82.4420005, 21.2930283 ], [ 82.4383476, 21.29214 ], [ 82.4367079, 21.2888125 ], [ 82.4401791, 21.2824754 ], [ 82.4439849, 21.2810965 ], [ 82.4451639, 21.2780432 ], [ 82.4485115, 21.2760637 ], [ 82.4561929, 21.278684 ], [ 82.4561871, 21.2855753 ], [ 82.4553642, 21.287662 ], [ 82.455633, 21.2943905 ], [ 82.4631702, 21.2958861 ], [ 82.475092, 21.2965567 ], [ 82.4754683, 21.2971842 ], [ 82.4756137, 21.298277 ], [ 82.4655371, 21.3053276 ], [ 82.464426, 21.3087692 ], [ 82.4632159, 21.3077177 ], [ 82.4614718, 21.308396 ], [ 82.4599099, 21.3075297 ], [ 82.4609349, 21.3132598 ], [ 82.464621, 21.312278 ], [ 82.4644289, 21.3213099 ], [ 82.4657992, 21.3239826 ], [ 82.4699727, 21.3234835 ], [ 82.4708717, 21.3274389 ], [ 82.4718697, 21.3278583 ], [ 82.4741719, 21.3255041 ], [ 82.4793344, 21.326332 ], [ 82.4812683, 21.3213542 ], [ 82.4920356, 21.3160318 ], [ 82.495293, 21.3154967 ], [ 82.5068171, 21.3168736 ], [ 82.5131451, 21.3165482 ], [ 82.5171489, 21.3180728 ], [ 82.5210444, 21.3229839 ], [ 82.5239648, 21.3232476 ], [ 82.5274339, 21.3247851 ], [ 82.5299261, 21.3315874 ], [ 82.5371688, 21.3259149 ], [ 82.5381677, 21.3237974 ], [ 82.5409923, 21.3231667 ], [ 82.542706, 21.3183355 ], [ 82.5473843, 21.3209027 ], [ 82.5515492, 21.3190666 ], [ 82.5553605, 21.320992 ], [ 82.5571773, 21.3211191 ], [ 82.56371, 21.3158561 ], [ 82.5668998, 21.3173746 ], [ 82.56992, 21.3213451 ], [ 82.5719823, 21.3227637 ], [ 82.5781889, 21.3257506 ], [ 82.5809056, 21.3311883 ], [ 82.584116, 21.3299789 ], [ 82.5862704, 21.3301555 ], [ 82.5913054, 21.3371653 ], [ 82.5970456, 21.3396455 ], [ 82.6003574, 21.3374784 ], [ 82.6066572, 21.3371224 ], [ 82.6103395, 21.3392904 ], [ 82.6146872, 21.3388617 ], [ 82.6158969, 21.3417429 ], [ 82.617208, 21.3425333 ], [ 82.6190782, 21.3411064 ], [ 82.6214545, 21.3406729 ], [ 82.6285544, 21.3353215 ], [ 82.6319815, 21.3366897 ], [ 82.6319818, 21.3407315 ], [ 82.6329025, 21.3417159 ], [ 82.6379637, 21.3414581 ], [ 82.6411161, 21.3427674 ], [ 82.6445433, 21.3420625 ], [ 82.6462547, 21.3441803 ], [ 82.6495663, 21.3444056 ], [ 82.6518609, 21.3460897 ], [ 82.6554025, 21.3391527 ], [ 82.655561, 21.3368586 ], [ 82.6537963, 21.3336797 ], [ 82.6511738, 21.3310745 ], [ 82.6690208, 21.3284786 ], [ 82.6850619, 21.3307948 ], [ 82.6959157, 21.3299234 ], [ 82.6992756, 21.3404395 ], [ 82.699404, 21.346563 ], [ 82.7005006, 21.3512544 ], [ 82.6993413, 21.355965 ], [ 82.7001982, 21.3631133 ], [ 82.7029018, 21.3704684 ], [ 82.702831, 21.3733902 ], [ 82.7013932, 21.3806117 ], [ 82.6977419, 21.3872877 ], [ 82.6976035, 21.3900967 ], [ 82.7001001, 21.3974609 ], [ 82.6990831, 21.4078027 ], [ 82.6997986, 21.411406 ], [ 82.697685, 21.4181084 ], [ 82.6987567, 21.4299801 ], [ 82.6987174, 21.4380454 ], [ 82.6973885, 21.4427515 ], [ 82.6982157, 21.4474069 ], [ 82.6927095, 21.4629301 ], [ 82.6908921, 21.4764603 ], [ 82.6908235, 21.484968 ], [ 82.7016607, 21.4857988 ], [ 82.7080597, 21.488013 ], [ 82.7115301, 21.4900568 ], [ 82.7256345, 21.4913224 ], [ 82.7372175, 21.4949231 ], [ 82.7388734, 21.4959967 ], [ 82.7421628, 21.5008047 ], [ 82.752148, 21.5116542 ], [ 82.7574461, 21.5124393 ], [ 82.7610567, 21.5174542 ], [ 82.767978, 21.5227513 ], [ 82.7720937, 21.5241492 ], [ 82.7734759, 21.5213458 ], [ 82.7839487, 21.5130924 ], [ 82.7899055, 21.5102461 ], [ 82.7943701, 21.5087446 ], [ 82.8019887, 21.5109698 ], [ 82.8148547, 21.5093898 ], [ 82.8253136, 21.5045026 ], [ 82.8284155, 21.5073439 ], [ 82.8291949, 21.5150255 ], [ 82.8246852, 21.5215495 ], [ 82.8207387, 21.5314379 ], [ 82.8221864, 21.5322828 ], [ 82.8235041, 21.5318361 ], [ 82.8262898, 21.5293533 ], [ 82.8282592, 21.5286584 ], [ 82.833287, 21.5329768 ], [ 82.8338075, 21.5355509 ], [ 82.8354722, 21.5372222 ], [ 82.8356401, 21.5411238 ], [ 82.8404327, 21.5427009 ], [ 82.8483581, 21.5434971 ], [ 82.8600093, 21.5502768 ], [ 82.8707493, 21.5544408 ], [ 82.8733367, 21.5525984 ], [ 82.8749972, 21.5544725 ], [ 82.8751034, 21.5565226 ], [ 82.8803409, 21.5553756 ] ] ] } },
{ "type": "Feature", "properties": { "dtname": "Baloda Bazar", "stname": "CHHATTISGARH", "dist_lgd": 644, "year_stat": "update2014" }, "geometry": { "type": "Polygon", "coordinates": [ [ [ 82.6605921, 21.7095856 ], [ 82.6607955, 21.7057524 ], [ 82.6621384, 21.7039774 ], [ 82.6620461, 21.7021712 ], [ 82.6585134, 21.7000089 ], [ 82.6536957, 21.699346 ], [ 82.6506552, 21.6927943 ], [ 82.6475287, 21.690293 ], [ 82.6475914, 21.6894892 ], [ 82.6492631, 21.6891458 ], [ 82.6495093, 21.6881794 ], [ 82.6451511, 21.6872272 ], [ 82.6448946, 21.6846894 ], [ 82.6430924, 21.6838091 ], [ 82.6419806, 21.6791715 ], [ 82.6426279, 21.6779974 ], [ 82.6374679, 21.6760833 ], [ 82.6354384, 21.6708768 ], [ 82.6339359, 21.6708814 ], [ 82.6329117, 21.6697254 ], [ 82.6317089, 21.671613 ], [ 82.629549, 21.670206 ], [ 82.6314683, 21.6447191 ], [ 82.6127395, 21.6454156 ], [ 82.6112234, 21.6410122 ], [ 82.6141264, 21.6350582 ], [ 82.6147244, 21.6277205 ], [ 82.6178509, 21.6215654 ], [ 82.6183774, 21.6186844 ], [ 82.6204395, 21.618987 ], [ 82.6206858, 21.6167923 ], [ 82.6196717, 21.6166388 ], [ 82.6177994, 21.6179788 ], [ 82.6158036, 21.6140059 ], [ 82.6211061, 21.6131888 ], [ 82.6266547, 21.6099284 ], [ 82.6378046, 21.6074488 ], [ 82.6415709, 21.6055157 ], [ 82.6428267, 21.607638 ], [ 82.6439566, 21.6073353 ], [ 82.6433672, 21.6054252 ], [ 82.643937, 21.60482 ], [ 82.64681, 21.6040204 ], [ 82.6520484, 21.5994948 ], [ 82.6639472, 21.6031276 ], [ 82.6640858, 21.5979164 ], [ 82.6614526, 21.5914414 ], [ 82.6698921, 21.5897504 ], [ 82.6757572, 21.5861587 ], [ 82.6707789, 21.5848506 ], [ 82.6704213, 21.5838889 ], [ 82.6676931, 21.5825936 ], [ 82.6673639, 21.5796449 ], [ 82.6661757, 21.5780511 ], [ 82.6641723, 21.5787515 ], [ 82.6628388, 21.574927 ], [ 82.6644937, 21.5712147 ], [ 82.6692201, 21.5713128 ], [ 82.6680609, 21.5693578 ], [ 82.6680408, 21.5668064 ], [ 82.6650561, 21.5622553 ], [ 82.6592628, 21.5606986 ], [ 82.6587219, 21.559493 ], [ 82.6607277, 21.5500501 ], [ 82.6600269, 21.5467041 ], [ 82.6609145, 21.5444867 ], [ 82.6639685, 21.5391258 ], [ 82.6710713, 21.5326889 ], [ 82.6733423, 21.5261675 ], [ 82.6727193, 21.52484 ], [ 82.6740933, 21.5205677 ], [ 82.676057, 21.5190453 ], [ 82.675646, 21.516783 ], [ 82.6766085, 21.5091962 ], [ 82.6775166, 21.5075771 ], [ 82.6760142, 21.5043754 ], [ 82.6760251, 21.4969175 ], [ 82.6767967, 21.4956619 ], [ 82.6785675, 21.4955575 ], [ 82.6807623, 21.4939717 ], [ 82.6813889, 21.4956688 ], [ 82.6839675, 21.4915097 ], [ 82.6908235, 21.484968 ], [ 82.6908921, 21.4764603 ], [ 82.6927095, 21.4629301 ], [ 82.6982157, 21.4474069 ], [ 82.6973885, 21.4427515 ], [ 82.6987174, 21.4380454 ], [ 82.6987567, 21.4299801 ], [ 82.697685, 21.4181084 ], [ 82.6997986, 21.411406 ], [ 82.6990831, 21.4078027 ], [ 82.7001001, 21.3974609 ], [ 82.6976318, 21.3888368 ], [ 82.6985845, 21.3849798 ], [ 82.7017832, 21.3794329 ], [ 82.7029018, 21.3704684 ], [ 82.7001982, 21.3631133 ], [ 82.6993413, 21.355965 ], [ 82.7005006, 21.3512544 ], [ 82.699404, 21.346563 ], [ 82.6992756, 21.3404395 ], [ 82.6964172, 21.3304471 ], [ 82.6959157, 21.3299234 ], [ 82.6850619, 21.3307948 ], [ 82.6690208, 21.3284786 ], [ 82.6511738, 21.3310745 ], [ 82.6537963, 21.3336797 ], [ 82.655561, 21.3368586 ], [ 82.6554025, 21.3391527 ], [ 82.6518609, 21.3460897 ], [ 82.6495663, 21.3444056 ], [ 82.6462547, 21.3441803 ], [ 82.6445433, 21.3420625 ], [ 82.6411161, 21.3427674 ], [ 82.6379637, 21.3414581 ], [ 82.6329025, 21.3417159 ], [ 82.6319818, 21.3407315 ], [ 82.6319815, 21.3366897 ], [ 82.6285544, 21.3353215 ], [ 82.6214545, 21.3406729 ], [ 82.6190782, 21.3411064 ], [ 82.617208, 21.3425333 ], [ 82.6158969, 21.3417429 ], [ 82.6146872, 21.3388617 ], [ 82.6103395, 21.3392904 ], [ 82.6066572, 21.3371224 ], [ 82.6003574, 21.3374784 ], [ 82.5970456, 21.3396455 ], [ 82.5913054, 21.3371653 ], [ 82.5862704, 21.3301555 ], [ 82.584116, 21.3299789 ], [ 82.5809056, 21.3311883 ], [ 82.5781889, 21.3257506 ], [ 82.5719823, 21.3227637 ], [ 82.56992, 21.3213451 ], [ 82.5668998, 21.3173746 ], [ 82.56371, 21.3158561 ], [ 82.5571773, 21.3211191 ], [ 82.5553605, 21.320992 ], [ 82.5515492, 21.3190666 ], [ 82.5473843, 21.3209027 ], [ 82.542706, 21.3183355 ], [ 82.5409923, 21.3231667 ], [ 82.5381677, 21.3237974 ], [ 82.5371688, 21.3259149 ], [ 82.5299261, 21.3315874 ], [ 82.5274339, 21.3247851 ], [ 82.5239648, 21.3232476 ], [ 82.5210444, 21.3229839 ], [ 82.5171489, 21.3180728 ], [ 82.5131451, 21.3165482 ], [ 82.5068171, 21.3168736 ], [ 82.495293, 21.3154967 ], [ 82.4920356, 21.3160318 ], [ 82.4812683, 21.3213542 ], [ 82.4793344, 21.326332 ], [ 82.4741719, 21.3255041 ], [ 82.4718697, 21.3278583 ], [ 82.4708717, 21.3274389 ], [ 82.4699727, 21.3234835 ], [ 82.4657992, 21.3239826 ], [ 82.4644289, 21.3213099 ], [ 82.464621, 21.312278 ], [ 82.4609349, 21.3132598 ], [ 82.4599099, 21.3075297 ], [ 82.4614718, 21.308396 ], [ 82.4632159, 21.3077177 ], [ 82.464426, 21.3087692 ], [ 82.4655371, 21.3053276 ], [ 82.4756137, 21.298277 ], [ 82.4754683, 21.2971842 ], [ 82.475092, 21.2965567 ], [ 82.4631702, 21.2958861 ], [ 82.455633, 21.2943905 ], [ 82.4553642, 21.287662 ], [ 82.4561871, 21.2855753 ], [ 82.4561929, 21.278684 ], [ 82.4485115, 21.2760637 ], [ 82.4451639, 21.2780432 ], [ 82.4439849, 21.2810965 ], [ 82.4401791, 21.2824754 ], [ 82.4367079, 21.2888125 ], [ 82.4383476, 21.29214 ], [ 82.4420005, 21.2930283 ], [ 82.445829, 21.2983329 ], [ 82.4468426, 21.3017781 ], [ 82.4450463, 21.3041407 ], [ 82.4374247, 21.3086912 ], [ 82.4288569, 21.3102702 ], [ 82.4232084, 21.3088179 ], [ 82.4193873, 21.310422 ], [ 82.4178115, 21.3101966 ], [ 82.4104127, 21.3048561 ], [ 82.4072273, 21.3042245 ], [ 82.4008748, 21.2985175 ], [ 82.3956751, 21.2959125 ], [ 82.3954816, 21.2908096 ], [ 82.3920836, 21.2830517 ], [ 82.3921686, 21.2679594 ], [ 82.3898313, 21.2623012 ], [ 82.3787606, 21.2650657 ], [ 82.3773587, 21.2679469 ], [ 82.3774408, 21.273524 ], [ 82.3748824, 21.2731086 ], [ 82.3662726, 21.2760753 ], [ 82.3621001, 21.276617 ], [ 82.3607077, 21.2765491 ], [ 82.3585792, 21.2664829 ], [ 82.3509335, 21.2664414 ], [ 82.3470413, 21.26407 ], [ 82.3450276, 21.2636857 ], [ 82.3454558, 21.2666889 ], [ 82.343263, 21.2700032 ], [ 82.3441008, 21.2727175 ], [ 82.3521222, 21.2752792 ], [ 82.3482228, 21.2840757 ], [ 82.343303, 21.2860212 ], [ 82.337898, 21.2813777 ], [ 82.3370881, 21.2830123 ], [ 82.3338165, 21.2831019 ], [ 82.3304093, 21.2850157 ], [ 82.325044, 21.2926507 ], [ 82.3217294, 21.2912272 ], [ 82.3172381, 21.2922959 ], [ 82.3140001, 21.292078 ], [ 82.3115103, 21.2890605 ], [ 82.3099912, 21.280841 ], [ 82.2990297, 21.2811932 ], [ 82.2974557, 21.2689544 ], [ 82.2852698, 21.2716715 ], [ 82.2768572, 21.2725338 ], [ 82.2780682, 21.2774252 ], [ 82.2762395, 21.2812582 ], [ 82.275759, 21.2864422 ], [ 82.2773347, 21.3010611 ], [ 82.267649, 21.3009017 ], [ 82.2643426, 21.3017079 ], [ 82.2616915, 21.3089903 ], [ 82.2429636, 21.3154615 ], [ 82.2463885, 21.3173112 ], [ 82.2521036, 21.3180695 ], [ 82.2553864, 21.3291719 ], [ 82.2552764, 21.3399242 ], [ 82.2522114, 21.3450204 ], [ 82.2555053, 21.3490419 ], [ 82.2561526, 21.3533595 ], [ 82.2505851, 21.3587023 ], [ 82.2448759, 21.3604682 ], [ 82.2433438, 21.3648429 ], [ 82.2490471, 21.3702843 ], [ 82.2565916, 21.3830426 ], [ 82.2683504, 21.3841884 ], [ 82.2721873, 21.3856088 ], [ 82.2750371, 21.3854525 ], [ 82.2766574, 21.3922182 ], [ 82.2755417, 21.3950579 ], [ 82.2749107, 21.4012217 ], [ 82.2723232, 21.4053702 ], [ 82.2689125, 21.4071293 ], [ 82.264389, 21.4073747 ], [ 82.2613273, 21.4130356 ], [ 82.259258, 21.4136618 ], [ 82.2554195, 21.4133702 ], [ 82.2540184, 21.4164761 ], [ 82.2454753, 21.4189682 ], [ 82.2462834, 21.4269515 ], [ 82.2507806, 21.4300303 ], [ 82.2523511, 21.4323255 ], [ 82.2430478, 21.4348188 ], [ 82.2413012, 21.4340479 ], [ 82.2331258, 21.4339585 ], [ 82.228951, 21.4232903 ], [ 82.2254761, 21.4198062 ], [ 82.2194272, 21.4103897 ], [ 82.213883, 21.4050505 ], [ 82.2092302, 21.3978772 ], [ 82.193468, 21.3792114 ], [ 82.1890769, 21.3820943 ], [ 82.182417, 21.3784885 ], [ 82.1756921, 21.381137 ], [ 82.1701766, 21.3817798 ], [ 82.1647992, 21.3763938 ], [ 82.1606479, 21.3760199 ], [ 82.1562062, 21.3697077 ], [ 82.1463363, 21.3620232 ], [ 82.1455889, 21.360664 ], [ 82.1458661, 21.3587895 ], [ 82.1441376, 21.359025 ], [ 82.1418431, 21.3602806 ], [ 82.1371915, 21.3662104 ], [ 82.1284897, 21.365696 ], [ 82.1254043, 21.3674301 ], [ 82.1255296, 21.3704061 ], [ 82.124117, 21.3725918 ], [ 82.1248933, 21.3741452 ], [ 82.1245895, 21.3805623 ], [ 82.1174489, 21.3825085 ], [ 82.1157755, 21.3884829 ], [ 82.1174577, 21.4004996 ], [ 82.1209535, 21.4060316 ], [ 82.118031, 21.4124983 ], [ 82.1127649, 21.411667 ], [ 82.1112987, 21.4128998 ], [ 82.1074071, 21.4117614 ], [ 82.1060082, 21.4146921 ], [ 82.0999264, 21.4182001 ], [ 82.0966904, 21.4182944 ], [ 82.0956095, 21.4214056 ], [ 82.0934438, 21.4225613 ], [ 82.0917696, 21.4257537 ], [ 82.0884602, 21.4292934 ], [ 82.0846207, 21.430548 ], [ 82.0827776, 21.4330402 ], [ 82.0788302, 21.4354994 ], [ 82.0694317, 21.4336641 ], [ 82.0590708, 21.4351099 ], [ 82.0543144, 21.4365486 ], [ 82.0513658, 21.43988 ], [ 82.038797, 21.4465168 ], [ 82.0354051, 21.4515792 ], [ 82.0363471, 21.4536731 ], [ 82.0339437, 21.455573 ], [ 82.0298919, 21.4550198 ], [ 82.0278797, 21.4560257 ], [ 82.0262879, 21.4558532 ], [ 82.0229228, 21.4529881 ], [ 82.0232237, 21.4503601 ], [ 82.0212087, 21.4485661 ], [ 82.0198967, 21.4484614 ], [ 82.0085925, 21.4576346 ], [ 82.0005541, 21.4595029 ], [ 81.9942944, 21.4599828 ], [ 81.993554, 21.4630811 ], [ 81.9939561, 21.465131 ], [ 81.9952693, 21.4663584 ], [ 81.9948977, 21.4701474 ], [ 81.9901567, 21.4738672 ], [ 81.987773, 21.4733948 ], [ 81.9848701, 21.4753068 ], [ 81.9786518, 21.4760469 ], [ 81.9746355, 21.4727348 ], [ 81.9715376, 21.4719012 ], [ 81.9639637, 21.4725196 ], [ 81.9606839, 21.4740927 ], [ 81.9537408, 21.4729989 ], [ 81.952224, 21.4783598 ], [ 81.9528096, 21.4818503 ], [ 81.9522004, 21.488534 ], [ 81.9473407, 21.486635 ], [ 81.9423131, 21.486452 ], [ 81.9393321, 21.4884356 ], [ 81.9343238, 21.4883833 ], [ 81.9331911, 21.4913957 ], [ 81.9301517, 21.492318 ], [ 81.9301236, 21.4946075 ], [ 81.9262545, 21.5046807 ], [ 81.9279241, 21.5067311 ], [ 81.9297325, 21.5136263 ], [ 81.9319465, 21.5148813 ], [ 81.9320784, 21.5182744 ], [ 81.9349398, 21.5221548 ], [ 81.9350055, 21.5254005 ], [ 81.9316484, 21.5305887 ], [ 81.9326519, 21.5316323 ], [ 81.933015, 21.5341276 ], [ 81.9322927, 21.5352013 ], [ 81.9292949, 21.5361598 ], [ 81.92799, 21.5387771 ], [ 81.9277109, 21.5443992 ], [ 81.9284879, 21.5457434 ], [ 81.9259192, 21.5473702 ], [ 81.9256618, 21.5498791 ], [ 81.9240567, 21.5509347 ], [ 81.9250727, 21.5527553 ], [ 81.9242296, 21.5540801 ], [ 81.9251277, 21.5575951 ], [ 81.927822, 21.5596475 ], [ 81.9275286, 21.5631066 ], [ 81.9302855, 21.5640252 ], [ 81.9358546, 21.572023 ], [ 81.935322, 21.5734388 ], [ 81.9315392, 21.576722 ], [ 81.9299881, 21.5837981 ], [ 81.9274677, 21.5878418 ], [ 81.9224698, 21.584198 ], [ 81.9222679, 21.5924706 ], [ 81.9206451, 21.5945077 ], [ 81.9177837, 21.5956091 ], [ 81.9104761, 21.5961219 ], [ 81.9007105, 21.5997536 ], [ 81.8954435, 21.5838158 ], [ 81.8946555, 21.5775705 ], [ 81.8907006, 21.5752544 ], [ 81.8887937, 21.5751661 ], [ 81.886627, 21.5756031 ], [ 81.882234, 21.57859 ], [ 81.8808678, 21.5801486 ], [ 81.8815162, 21.581254 ], [ 81.8807516, 21.5818126 ], [ 81.8804638, 21.5841096 ], [ 81.866129, 21.5925686 ], [ 81.8618147, 21.5942075 ], [ 81.861777, 21.5969425 ], [ 81.8639171, 21.6017271 ], [ 81.8643239, 21.6047227 ], [ 81.8637885, 21.606783 ], [ 81.8612669, 21.6069709 ], [ 81.8580725, 21.6093229 ], [ 81.8554051, 21.6077894 ], [ 81.8515165, 21.6075722 ], [ 81.8498599, 21.6053401 ], [ 81.8503233, 21.6035387 ], [ 81.8474012, 21.6027109 ], [ 81.845241, 21.6034707 ], [ 81.8451733, 21.601602 ], [ 81.8431433, 21.5982072 ], [ 81.8446431, 21.5954966 ], [ 81.8308141, 21.5990477 ], [ 81.8282526, 21.5986546 ], [ 81.828242, 21.5980917 ], [ 81.8244933, 21.5989454 ], [ 81.8171292, 21.598414 ], [ 81.8088538, 21.5998556 ], [ 81.8011833, 21.597602 ], [ 81.7937271, 21.5965092 ], [ 81.7903882, 21.5978856 ], [ 81.7876591, 21.6007901 ], [ 81.7865815, 21.6049251 ], [ 81.7844317, 21.6077818 ], [ 81.7843834, 21.6093011 ], [ 81.7868299, 21.6119531 ], [ 81.786435, 21.6158105 ], [ 81.7881862, 21.6211469 ], [ 81.7875321, 21.6244961 ], [ 81.785443, 21.6261391 ], [ 81.7815488, 21.6225843 ], [ 81.7799236, 21.6231613 ], [ 81.7787881, 21.6222569 ], [ 81.7772858, 21.6186041 ], [ 81.7700555, 21.6086008 ], [ 81.7635334, 21.6099179 ], [ 81.7560392, 21.6133613 ], [ 81.7480465, 21.6132868 ], [ 81.7481688, 21.6072724 ], [ 81.7475018, 21.6058357 ], [ 81.7469016, 21.6052293 ], [ 81.743131, 21.6055896 ], [ 81.7418871, 21.6010925 ], [ 81.7424187, 21.5973796 ], [ 81.7436592, 21.5968729 ], [ 81.7438217, 21.5948723 ], [ 81.747649, 21.5927968 ], [ 81.7480699, 21.5881543 ], [ 81.7535643, 21.5879379 ], [ 81.7515051, 21.5830075 ], [ 81.7490033, 21.5842881 ], [ 81.7404037, 21.583337 ], [ 81.7392359, 21.5843133 ], [ 81.7374429, 21.5819437 ], [ 81.7330564, 21.5848006 ], [ 81.7273742, 21.5857344 ], [ 81.7229527, 21.5872995 ], [ 81.7207232, 21.5892426 ], [ 81.7166822, 21.5895881 ], [ 81.7145245, 21.5905601 ], [ 81.7132494, 21.5898247 ], [ 81.7107442, 21.5909099 ], [ 81.7075135, 21.5900851 ], [ 81.706331, 21.5908805 ], [ 81.7048284, 21.5890659 ], [ 81.7040806, 21.590141 ], [ 81.702506, 21.5891438 ], [ 81.7007738, 21.5913708 ], [ 81.6982055, 21.5922571 ], [ 81.6958634, 21.5913098 ], [ 81.6948305, 21.5922947 ], [ 81.6951813, 21.5987249 ], [ 81.6972684, 21.6009864 ], [ 81.6970466, 21.6017271 ], [ 81.694799, 21.6015121 ], [ 81.697538, 21.6074479 ], [ 81.6981951, 21.6116211 ], [ 81.6974189, 21.6164443 ], [ 81.6935138, 21.6245352 ], [ 81.689966, 21.6281355 ], [ 81.6796668, 21.6341799 ], [ 81.6711522, 21.6409031 ], [ 81.6636598, 21.6455213 ], [ 81.6597302, 21.6502064 ], [ 81.6572988, 21.6561673 ], [ 81.6582198, 21.6599852 ], [ 81.6620612, 21.6630173 ], [ 81.6642169, 21.6630185 ], [ 81.6688787, 21.6613715 ], [ 81.6716481, 21.6623806 ], [ 81.6730272, 21.6651114 ], [ 81.6730693, 21.6688785 ], [ 81.6815732, 21.6744947 ], [ 81.6847293, 21.6757048 ], [ 81.6943896, 21.6773087 ], [ 81.7095201, 21.6787541 ], [ 81.7208938, 21.6850786 ], [ 81.7228149, 21.6872872 ], [ 81.7223144, 21.6953528 ], [ 81.726503, 21.7082227 ], [ 81.7187794, 21.7171947 ], [ 81.7154006, 21.7270024 ], [ 81.7122666, 21.7330147 ], [ 81.6976658, 21.7482654 ], [ 81.6974212, 21.7568172 ], [ 81.7005727, 21.7613328 ], [ 81.7083663, 21.7627338 ], [ 81.7199478, 21.7607123 ], [ 81.7303446, 21.7648271 ], [ 81.7349652, 21.7651206 ], [ 81.7388352, 21.7609726 ], [ 81.7395503, 21.751711 ], [ 81.7403526, 21.7496222 ], [ 81.7442353, 21.7487697 ], [ 81.753488, 21.752335 ], [ 81.7607756, 21.7570222 ], [ 81.7636015, 21.7596087 ], [ 81.7679814, 21.7670898 ], [ 81.771098, 21.7691413 ], [ 81.7728533, 21.7694248 ], [ 81.781066, 21.7633028 ], [ 81.7840469, 21.7627762 ], [ 81.7893544, 21.7669183 ], [ 81.7956934, 21.7699902 ], [ 81.8047109, 21.772448 ], [ 81.8070809, 21.7708575 ], [ 81.8088002, 21.7665471 ], [ 81.8125072, 21.7622802 ], [ 81.8152004, 21.7605438 ], [ 81.8220796, 21.7592874 ], [ 81.8290471, 21.7606727 ], [ 81.8423784, 21.7579271 ], [ 81.8482077, 21.75909 ], [ 81.8523657, 21.7617606 ], [ 81.8585728, 21.7684843 ], [ 81.8713857, 21.7703244 ], [ 81.8794838, 21.7745436 ], [ 81.8921756, 21.7778728 ], [ 81.897897, 21.7807639 ], [ 81.9114998, 21.7952162 ], [ 81.9172785, 21.7986992 ], [ 81.9267984, 21.8069744 ], [ 81.9459255, 21.8205541 ], [ 81.9489668, 21.8250426 ], [ 81.9518665, 21.8338176 ], [ 81.9511631, 21.8420953 ], [ 81.9529252, 21.8441982 ], [ 81.9613552, 21.8483616 ], [ 81.9750325, 21.8524187 ], [ 81.9887366, 21.8538419 ], [ 82.0055568, 21.8542866 ], [ 82.0148662, 21.857007 ], [ 82.0218409, 21.8579372 ], [ 82.0254768, 21.8604681 ], [ 82.0283815, 21.8641907 ], [ 82.0284772, 21.8732264 ], [ 82.0318882, 21.8800966 ], [ 82.0354134, 21.8828124 ], [ 82.0389254, 21.8836361 ], [ 82.0453746, 21.8837613 ], [ 82.0515104, 21.8817908 ], [ 82.0652214, 21.8705614 ], [ 82.070166, 21.869493 ], [ 82.0791368, 21.8636841 ], [ 82.0991752, 21.8554836 ], [ 82.1038097, 21.8517904 ], [ 82.1096053, 21.8445029 ], [ 82.1141232, 21.8409946 ], [ 82.1189843, 21.8343885 ], [ 82.1228971, 21.8317967 ], [ 82.1264518, 21.8315979 ], [ 82.1314382, 21.8330022 ], [ 82.144043, 21.8403571 ], [ 82.1498811, 21.8413091 ], [ 82.1586128, 21.8472094 ], [ 82.169524, 21.8440549 ], [ 82.1764069, 21.8444458 ], [ 82.1790668, 21.8434649 ], [ 82.1815328, 21.8416398 ], [ 82.1840944, 21.8373084 ], [ 82.1863987, 21.8307555 ], [ 82.1868654, 21.8252372 ], [ 82.1846925, 21.8100836 ], [ 82.181648, 21.8028958 ], [ 82.1817137, 21.7977751 ], [ 82.1824085, 21.7943745 ], [ 82.1881271, 21.7802114 ], [ 82.1895841, 21.7732342 ], [ 82.1946225, 21.7653207 ], [ 82.1988122, 21.7621399 ], [ 82.203302, 21.7602999 ], [ 82.2242549, 21.7566309 ], [ 82.2482286, 21.7537834 ], [ 82.2855071, 21.7533967 ], [ 82.2888089, 21.7527572 ], [ 82.2910718, 21.7515482 ], [ 82.2938828, 21.7468591 ], [ 82.2960298, 21.7363657 ], [ 82.2981498, 21.7305414 ], [ 82.3043639, 21.7229398 ], [ 82.3130172, 21.7168425 ], [ 82.3258629, 21.71444 ], [ 82.3574095, 21.7134392 ], [ 82.3765845, 21.7114577 ], [ 82.392116, 21.7124096 ], [ 82.4072956, 21.716801 ], [ 82.4140668, 21.7195857 ], [ 82.4280605, 21.7284325 ], [ 82.4396657, 21.7420566 ], [ 82.4436547, 21.7448773 ], [ 82.4463133, 21.745242 ], [ 82.4520742, 21.7440698 ], [ 82.4569301, 21.7410104 ], [ 82.4690693, 21.7301844 ], [ 82.4712469, 21.7271034 ], [ 82.480701, 21.7284207 ], [ 82.4866212, 21.7282497 ], [ 82.5006085, 21.7338969 ], [ 82.533752, 21.7371922 ], [ 82.5431528, 21.7369578 ], [ 82.5557789, 21.733378 ], [ 82.5636882, 21.727705 ], [ 82.5701619, 21.7213446 ], [ 82.5820182, 21.7154732 ], [ 82.5939599, 21.7135205 ], [ 82.5993962, 21.7141311 ], [ 82.6011454, 21.7150118 ], [ 82.6102347, 21.7219309 ], [ 82.6202382, 21.7282128 ], [ 82.6242931, 21.7289851 ], [ 82.6304696, 21.7286236 ], [ 82.6344277, 21.727341 ], [ 82.6545969, 21.7112718 ], [ 82.6605921, 21.7095856 ] ] ] } },
{ "type": "Feature", "properties": { "dtname": "Bemetara", "stname": "CHHATTISGARH", "dist_lgd": 650, "year_stat": "update2014" }, "geometry": { "type": "Polygon", "coordinates": [ [ [ 81.4852445, 22.018876 ], [ 81.4914603, 22.0160901 ], [ 81.4924275, 22.0145677 ], [ 81.4926992, 22.0151364 ], [ 81.4937006, 22.0139798 ], [ 81.4983139, 22.0119373 ], [ 81.4999721, 22.0137588 ], [ 81.5028163, 22.0129835 ], [ 81.5017185, 22.0106857 ], [ 81.5032103, 22.0100578 ], [ 81.5012479, 22.0071925 ], [ 81.5009829, 22.0034066 ], [ 81.5034939, 22.0022941 ], [ 81.5074851, 22.0027356 ], [ 81.5076838, 22.0017105 ], [ 81.5117375, 21.9985946 ], [ 81.5181843, 22.0057003 ], [ 81.5198093, 22.0057774 ], [ 81.5203256, 22.0067633 ], [ 81.5224726, 22.0057219 ], [ 81.5230656, 22.0063272 ], [ 81.5252209, 22.0042834 ], [ 81.526863, 22.0038949 ], [ 81.5282892, 22.005366 ], [ 81.5325651, 22.0042524 ], [ 81.5334064, 22.006111 ], [ 81.5317314, 22.0054372 ], [ 81.5329215, 22.0066852 ], [ 81.5401453, 22.0069821 ], [ 81.5444277, 22.0052709 ], [ 81.5475164, 22.005165 ], [ 81.5474421, 22.0038659 ], [ 81.5496205, 22.0028534 ], [ 81.5506737, 22.003479 ], [ 81.5528329, 22.002621 ], [ 81.5530992, 22.0020225 ], [ 81.549482, 21.9996818 ], [ 81.5499128, 21.9984961 ], [ 81.5492207, 21.9978327 ], [ 81.5498628, 21.9971557 ], [ 81.549067, 21.9963976 ], [ 81.5520497, 21.9940363 ], [ 81.5513847, 21.992766 ], [ 81.5523786, 21.9914628 ], [ 81.5521048, 21.9885603 ], [ 81.5554307, 21.9891965 ], [ 81.5537675, 21.9845204 ], [ 81.5504173, 21.9847144 ], [ 81.547844, 21.981165 ], [ 81.5446667, 21.9815168 ], [ 81.5434959, 21.9808583 ], [ 81.5435605, 21.9787517 ], [ 81.5399627, 21.9771111 ], [ 81.5380535, 21.9747361 ], [ 81.5365074, 21.9762204 ], [ 81.5365642, 21.9752301 ], [ 81.5351582, 21.9749252 ], [ 81.5350719, 21.9733935 ], [ 81.5342518, 21.9734657 ], [ 81.5333487, 21.9722936 ], [ 81.5335166, 21.9603067 ], [ 81.5384665, 21.9565657 ], [ 81.5384532, 21.9525111 ], [ 81.5401976, 21.9525253 ], [ 81.5401821, 21.9541218 ], [ 81.541585, 21.9541713 ], [ 81.5413829, 21.9515234 ], [ 81.5457786, 21.9508799 ], [ 81.5502355, 21.9489026 ], [ 81.5496255, 21.9442874 ], [ 81.5441037, 21.9444079 ], [ 81.5430844, 21.9420557 ], [ 81.5404207, 21.9401913 ], [ 81.5384784, 21.9422544 ], [ 81.5377929, 21.9421177 ], [ 81.5373762, 21.9386579 ], [ 81.5361547, 21.9394845 ], [ 81.5359967, 21.9405875 ], [ 81.5341782, 21.9400792 ], [ 81.5338143, 21.9381993 ], [ 81.5313533, 21.9383041 ], [ 81.5312432, 21.9398616 ], [ 81.5289035, 21.9401088 ], [ 81.5295541, 21.9416507 ], [ 81.5286989, 21.943096 ], [ 81.5254496, 21.943065 ], [ 81.5255207, 21.9447692 ], [ 81.5240899, 21.9452466 ], [ 81.5212224, 21.944222 ], [ 81.5216079, 21.9405944 ], [ 81.5207232, 21.9395019 ], [ 81.519771, 21.9395307 ], [ 81.5193034, 21.9404932 ], [ 81.5156557, 21.940003 ], [ 81.5144432, 21.9396198 ], [ 81.5142109, 21.937865 ], [ 81.5081846, 21.9370839 ], [ 81.5038531, 21.9268889 ], [ 81.5049548, 21.9229747 ], [ 81.5046445, 21.91909 ], [ 81.5059971, 21.9185802 ], [ 81.5075279, 21.9207432 ], [ 81.5085497, 21.9197128 ], [ 81.5107632, 21.9247366 ], [ 81.5180932, 21.9227053 ], [ 81.5217936, 21.926032 ], [ 81.5250839, 21.9245374 ], [ 81.5248955, 21.9235742 ], [ 81.5275329, 21.9225825 ], [ 81.5272235, 21.9213724 ], [ 81.5284348, 21.9214153 ], [ 81.5289846, 21.9179079 ], [ 81.5284362, 21.9144256 ], [ 81.5301144, 21.9114583 ], [ 81.5304937, 21.9085317 ], [ 81.5330675, 21.9089467 ], [ 81.5348383, 21.9063452 ], [ 81.5356476, 21.8980267 ], [ 81.5377973, 21.8975361 ], [ 81.5401274, 21.8948102 ], [ 81.5521196, 21.8962314 ], [ 81.5542093, 21.8981676 ], [ 81.5538272, 21.8933187 ], [ 81.5491521, 21.8916798 ], [ 81.5485689, 21.8880868 ], [ 81.5491011, 21.8873552 ], [ 81.5523748, 21.8869111 ], [ 81.5526318, 21.885772 ], [ 81.5554229, 21.8845436 ], [ 81.5573877, 21.8849022 ], [ 81.5581572, 21.8842312 ], [ 81.5561592, 21.8810633 ], [ 81.5549357, 21.8805077 ], [ 81.5557523, 21.8780999 ], [ 81.5534724, 21.8768169 ], [ 81.5532172, 21.8752411 ], [ 81.5562394, 21.8735683 ], [ 81.5603647, 21.8765564 ], [ 81.5638333, 21.8754787 ], [ 81.5641292, 21.8747811 ], [ 81.5614969, 21.8722828 ], [ 81.5629622, 21.8675953 ], [ 81.5685732, 21.8607226 ], [ 81.5813775, 21.852389 ], [ 81.5816373, 21.8509636 ], [ 81.5787188, 21.8460083 ], [ 81.584442, 21.8412857 ], [ 81.5900968, 21.8352217 ], [ 81.5926583, 21.8341147 ], [ 81.5988349, 21.8346022 ], [ 81.6033083, 21.8321976 ], [ 81.6086076, 21.8305601 ], [ 81.615176, 21.8302733 ], [ 81.621364, 21.8328098 ], [ 81.6277194, 21.831516 ], [ 81.6318466, 21.8277659 ], [ 81.6347521, 21.8231947 ], [ 81.6400947, 21.8220374 ], [ 81.649356, 21.8165754 ], [ 81.6534225, 21.8156465 ], [ 81.6670758, 21.817708 ], [ 81.6697249, 21.817032 ], [ 81.6750472, 21.8137718 ], [ 81.6785233, 21.8160871 ], [ 81.6891176, 21.8149988 ], [ 81.6915764, 21.8139754 ], [ 81.69485, 21.8100577 ], [ 81.6961508, 21.8095433 ], [ 81.7000349, 21.811184 ], [ 81.7042106, 21.81545 ], [ 81.7072414, 21.8154342 ], [ 81.7095189, 21.8138535 ], [ 81.7147996, 21.8137935 ], [ 81.7167025, 21.8123651 ], [ 81.7174791, 21.8081172 ], [ 81.723701, 21.8049134 ], [ 81.7282729, 21.8013821 ], [ 81.7317148, 21.8015187 ], [ 81.7357801, 21.7966547 ], [ 81.7425532, 21.7931977 ], [ 81.7441829, 21.7935185 ], [ 81.7462905, 21.795457 ], [ 81.7469226, 21.7968262 ], [ 81.7458472, 21.8031723 ], [ 81.7482857, 21.8036628 ], [ 81.7491852, 21.8002701 ], [ 81.754692, 21.7958351 ], [ 81.7556405, 21.7794118 ], [ 81.759085, 21.7764454 ], [ 81.7659487, 21.7730614 ], [ 81.7664018, 21.7689211 ], [ 81.7683415, 21.7674283 ], [ 81.7636015, 21.7596087 ], [ 81.7607756, 21.7570222 ], [ 81.753488, 21.752335 ], [ 81.7442353, 21.7487697 ], [ 81.7403526, 21.7496222 ], [ 81.7395503, 21.751711 ], [ 81.7388352, 21.7609726 ], [ 81.7366456, 21.7640198 ], [ 81.7344263, 21.7652675 ], [ 81.7303446, 21.7648271 ], [ 81.7199478, 21.7607123 ], [ 81.7083663, 21.7627338 ], [ 81.7042508, 21.7624897 ], [ 81.7005727, 21.7613328 ], [ 81.6979052, 21.7582014 ], [ 81.6971523, 21.7553558 ], [ 81.6976658, 21.7482654 ], [ 81.7122666, 21.7330147 ], [ 81.7154006, 21.7270024 ], [ 81.7187794, 21.7171947 ], [ 81.726503, 21.7082227 ], [ 81.7223144, 21.6953528 ], [ 81.7230531, 21.6881368 ], [ 81.7217071, 21.6856248 ], [ 81.7095201, 21.6787541 ], [ 81.6943896, 21.6773087 ], [ 81.6827053, 21.6749983 ], [ 81.6772377, 21.67221 ], [ 81.6730693, 21.6688785 ], [ 81.6727686, 21.6640679 ], [ 81.6709375, 21.6618608 ], [ 81.6683212, 21.6614108 ], [ 81.6642169, 21.6630185 ], [ 81.6620612, 21.6630173 ], [ 81.6595142, 21.6614647 ], [ 81.6578703, 21.6592895 ], [ 81.6573974, 21.655287 ], [ 81.6619239, 21.6471927 ], [ 81.6796668, 21.6341799 ], [ 81.689966, 21.6281355 ], [ 81.6935138, 21.6245352 ], [ 81.6974189, 21.6164443 ], [ 81.6981951, 21.6116211 ], [ 81.697827, 21.6084417 ], [ 81.6939284, 21.5998349 ], [ 81.6885763, 21.5917142 ], [ 81.6827281, 21.577454 ], [ 81.6807128, 21.5743673 ], [ 81.6768418, 21.571536 ], [ 81.6670675, 21.5687474 ], [ 81.6664863, 21.5679366 ], [ 81.6665965, 21.5636163 ], [ 81.6685172, 21.5564667 ], [ 81.6690085, 21.5509625 ], [ 81.6673013, 21.5480363 ], [ 81.6648369, 21.5467339 ], [ 81.6557669, 21.5477849 ], [ 81.6459022, 21.5477346 ], [ 81.6430582, 21.545426 ], [ 81.6445759, 21.52177 ], [ 81.6421434, 21.5190616 ], [ 81.6331401, 21.5142706 ], [ 81.6288591, 21.5099049 ], [ 81.628026, 21.5080321 ], [ 81.627907, 21.504866 ], [ 81.6300241, 21.5007103 ], [ 81.630656, 21.4962978 ], [ 81.6302399, 21.4922543 ], [ 81.627533, 21.4848959 ], [ 81.6282293, 21.4810136 ], [ 81.6308779, 21.4744535 ], [ 81.6306215, 21.4731734 ], [ 81.6239859, 21.4695778 ], [ 81.622635, 21.4656897 ], [ 81.6237457, 21.4590496 ], [ 81.6268212, 21.4516894 ], [ 81.6311778, 21.4478492 ], [ 81.6321174, 21.4456892 ], [ 81.6313036, 21.4418084 ], [ 81.62857, 21.4376484 ], [ 81.6284844, 21.4341284 ], [ 81.6319864, 21.4294081 ], [ 81.6324987, 21.4269281 ], [ 81.6306627, 21.4175252 ], [ 81.6314312, 21.4143251 ], [ 81.6323706, 21.412485 ], [ 81.6350181, 21.4104048 ], [ 81.6382633, 21.4090446 ], [ 81.6392878, 21.4056844 ], [ 81.6381773, 21.4027244 ], [ 81.62948, 21.3959087 ], [ 81.6254099, 21.3882013 ], [ 81.6210549, 21.3866812 ], [ 81.6166999, 21.3891612 ], [ 81.6141381, 21.389401 ], [ 81.6120033, 21.3890009 ], [ 81.6101248, 21.3873207 ], [ 81.6078199, 21.3822003 ], [ 81.6085034, 21.3782803 ], [ 81.6120479, 21.3739992 ], [ 81.6124749, 21.3724792 ], [ 81.6123898, 21.3691191 ], [ 81.6110241, 21.3653589 ], [ 81.6087191, 21.3629587 ], [ 81.5948889, 21.3587967 ], [ 81.5920719, 21.3568761 ], [ 81.5928816, 21.3525954 ], [ 81.5953579, 21.3497158 ], [ 81.5968098, 21.3465159 ], [ 81.5968957, 21.3436358 ], [ 81.5916036, 21.3409948 ], [ 81.5828539, 21.3328726 ], [ 81.5807202, 21.331912 ], [ 81.5732931, 21.33439 ], [ 81.5649277, 21.3346272 ], [ 81.5588666, 21.335665 ], [ 81.5563912, 21.335504 ], [ 81.5540022, 21.3332629 ], [ 81.5510467, 21.3320541 ], [ 81.5480316, 21.3331829 ], [ 81.5490646, 21.3344748 ], [ 81.542775, 21.3381852 ], [ 81.5413958, 21.3402025 ], [ 81.5386391, 21.3408469 ], [ 81.5354045, 21.3476619 ], [ 81.5337681, 21.3472575 ], [ 81.5319586, 21.3483059 ], [ 81.5304948, 21.3474171 ], [ 81.5242932, 21.3470907 ], [ 81.5240334, 21.3490278 ], [ 81.5094755, 21.3499871 ], [ 81.498317, 21.3538628 ], [ 81.496073, 21.3537358 ], [ 81.4951822, 21.356284 ], [ 81.4967815, 21.3565613 ], [ 81.4981534, 21.3579736 ], [ 81.4991366, 21.3616995 ], [ 81.5002137, 21.3697939 ], [ 81.4994836, 21.3719562 ], [ 81.4972686, 21.3732212 ], [ 81.4971555, 21.374549 ], [ 81.493749, 21.3737603 ], [ 81.4918318, 21.374703 ], [ 81.4899003, 21.3836786 ], [ 81.4786804, 21.3840717 ], [ 81.4795051, 21.3871549 ], [ 81.4819739, 21.3893592 ], [ 81.4835016, 21.3983061 ], [ 81.4863619, 21.3997396 ], [ 81.4870622, 21.3989746 ], [ 81.4910549, 21.3995796 ], [ 81.4924353, 21.39751 ], [ 81.4948686, 21.3971748 ], [ 81.4963124, 21.4003453 ], [ 81.5018291, 21.4048328 ], [ 81.5025022, 21.4097019 ], [ 81.5019433, 21.4112311 ], [ 81.4966497, 21.4139485 ], [ 81.4964221, 21.41617 ], [ 81.4942568, 21.416851 ], [ 81.4903179, 21.4197459 ], [ 81.48771, 21.4192315 ], [ 81.481805, 21.4204048 ], [ 81.4812922, 21.4212828 ], [ 81.4795301, 21.4215232 ], [ 81.4799484, 21.4223374 ], [ 81.4692668, 21.4212641 ], [ 81.4685083, 21.4209927 ], [ 81.4686258, 21.4196964 ], [ 81.4697632, 21.4184449 ], [ 81.4684511, 21.4180121 ], [ 81.4699938, 21.4171306 ], [ 81.470721, 21.4155812 ], [ 81.468964, 21.4131799 ], [ 81.4686622, 21.4087319 ], [ 81.4559933, 21.4090905 ], [ 81.4555893, 21.4082332 ], [ 81.4494261, 21.4057155 ], [ 81.4385168, 21.4078512 ], [ 81.4410407, 21.4192855 ], [ 81.44279, 21.4202935 ], [ 81.4464223, 21.4207711 ], [ 81.4469056, 21.4226387 ], [ 81.4484398, 21.4237727 ], [ 81.4492494, 21.426974 ], [ 81.4514286, 21.4265696 ], [ 81.4519671, 21.4274772 ], [ 81.4507062, 21.4315859 ], [ 81.4519509, 21.4438907 ], [ 81.4497771, 21.4514683 ], [ 81.457851, 21.457708 ], [ 81.4694556, 21.4707799 ], [ 81.4695717, 21.4716294 ], [ 81.4508687, 21.4817929 ], [ 81.4462928, 21.4837123 ], [ 81.4431679, 21.4841404 ], [ 81.4419431, 21.4856763 ], [ 81.4418189, 21.4870601 ], [ 81.4440146, 21.4890984 ], [ 81.4450677, 21.4917036 ], [ 81.445161, 21.4950678 ], [ 81.4468131, 21.4989417 ], [ 81.45017, 21.4984461 ], [ 81.4523926, 21.4971586 ], [ 81.4528301, 21.4980039 ], [ 81.4548193, 21.4983602 ], [ 81.4601136, 21.4969187 ], [ 81.461822, 21.4957471 ], [ 81.4642835, 21.4955714 ], [ 81.4669963, 21.4987186 ], [ 81.4700282, 21.5074855 ], [ 81.4674701, 21.5082941 ], [ 81.4628587, 21.5114973 ], [ 81.4608223, 21.5115872 ], [ 81.4599617, 21.512999 ], [ 81.4574143, 21.5129231 ], [ 81.4554529, 21.5152277 ], [ 81.4484159, 21.5176753 ], [ 81.4416393, 21.5156774 ], [ 81.4415151, 21.5169689 ], [ 81.4426201, 21.5178751 ], [ 81.4375239, 21.5183227 ], [ 81.4363593, 21.5172482 ], [ 81.4332204, 21.5182554 ], [ 81.4265481, 21.5176547 ], [ 81.4100926, 21.5203756 ], [ 81.4082667, 21.5204427 ], [ 81.4081639, 21.5192078 ], [ 81.4072027, 21.5191931 ], [ 81.4000543, 21.5214105 ], [ 81.3948623, 21.5214265 ], [ 81.3908048, 21.5234201 ], [ 81.3869749, 21.5236846 ], [ 81.3843204, 21.5235195 ], [ 81.3805173, 21.5188694 ], [ 81.3786307, 21.5188108 ], [ 81.3779065, 21.5167022 ], [ 81.3760354, 21.5157686 ], [ 81.3750571, 21.5288011 ], [ 81.3665598, 21.530755 ], [ 81.3630773, 21.5329576 ], [ 81.3598039, 21.5363604 ], [ 81.3597544, 21.5391385 ], [ 81.3612451, 21.5435854 ], [ 81.355305, 21.5445265 ], [ 81.3538101, 21.5401143 ], [ 81.352415, 21.5397285 ], [ 81.3538092, 21.5384595 ], [ 81.3515798, 21.5378008 ], [ 81.3482436, 21.5396415 ], [ 81.3467986, 21.5392636 ], [ 81.3467531, 21.5380859 ], [ 81.3450159, 21.5382355 ], [ 81.3451757, 21.5393489 ], [ 81.3440784, 21.5398841 ], [ 81.34337, 21.53937 ], [ 81.3438419, 21.5380068 ], [ 81.3407233, 21.5370949 ], [ 81.338111, 21.5396106 ], [ 81.3361929, 21.5394622 ], [ 81.334669, 21.5405366 ], [ 81.330819, 21.5411385 ], [ 81.3283938, 21.5327656 ], [ 81.3170115, 21.5353318 ], [ 81.3171596, 21.5359914 ], [ 81.3138304, 21.5374167 ], [ 81.3067957, 21.5207835 ], [ 81.3067935, 21.5168446 ], [ 81.3081629, 21.5147807 ], [ 81.3013075, 21.5127335 ], [ 81.2801119, 21.5143542 ], [ 81.2792443, 21.5132727 ], [ 81.2743846, 21.5136023 ], [ 81.274402, 21.5147302 ], [ 81.2737767, 21.5146722 ], [ 81.2740819, 21.5180502 ], [ 81.2748097, 21.5181754 ], [ 81.2740083, 21.5206981 ], [ 81.2751361, 21.5206508 ], [ 81.2746125, 21.5218212 ], [ 81.2751643, 21.5244604 ], [ 81.2744876, 21.524556 ], [ 81.2747118, 21.526105 ], [ 81.2724604, 21.5264232 ], [ 81.2729654, 21.5310939 ], [ 81.2716111, 21.5322757 ], [ 81.2725077, 21.5331734 ], [ 81.2713844, 21.53395 ], [ 81.2634393, 21.5353349 ], [ 81.2631731, 21.5347782 ], [ 81.2587225, 21.5355428 ], [ 81.258518, 21.5348326 ], [ 81.255072, 21.5358665 ], [ 81.2551125, 21.5365191 ], [ 81.2507642, 21.5374179 ], [ 81.2497416, 21.5341929 ], [ 81.2475647, 21.5345541 ], [ 81.2448234, 21.5283742 ], [ 81.2435082, 21.5282373 ], [ 81.242935, 21.5299588 ], [ 81.2417574, 21.5305513 ], [ 81.2397909, 21.5297977 ], [ 81.2312582, 21.5307984 ], [ 81.2277091, 21.5330578 ], [ 81.2195493, 21.5333853 ], [ 81.2189285, 21.5323096 ], [ 81.2203346, 21.5292161 ], [ 81.2199275, 21.5219286 ], [ 81.2192082, 21.5217738 ], [ 81.220809, 21.5187509 ], [ 81.2222726, 21.5179661 ], [ 81.2234513, 21.5115463 ], [ 81.2216726, 21.5060282 ], [ 81.2195153, 21.5058015 ], [ 81.208715, 21.5074208 ], [ 81.2089015, 21.5087369 ], [ 81.2065474, 21.5116155 ], [ 81.2069215, 21.5128524 ], [ 81.2054283, 21.5139289 ], [ 81.205544, 21.5153541 ], [ 81.2045389, 21.5161613 ], [ 81.2037941, 21.5201687 ], [ 81.2015821, 21.5203849 ], [ 81.2008175, 21.5175364 ], [ 81.1919981, 21.5186428 ], [ 81.1779366, 21.5236776 ], [ 81.1789982, 21.5253007 ], [ 81.1703091, 21.5236166 ], [ 81.1698369, 21.5244413 ], [ 81.1678126, 21.5243102 ], [ 81.168196, 21.5250987 ], [ 81.167021, 21.5254217 ], [ 81.1674938, 21.5261386 ], [ 81.1635216, 21.5264263 ], [ 81.1594373, 21.5300031 ], [ 81.1596103, 21.5323964 ], [ 81.1560623, 21.5342253 ], [ 81.1563212, 21.5353816 ], [ 81.1548851, 21.5380173 ], [ 81.1546267, 21.5389317 ], [ 81.1575146, 21.5462453 ], [ 81.1555608, 21.5473482 ], [ 81.1556472, 21.5482894 ], [ 81.151452, 21.5493121 ], [ 81.1514009, 21.5503335 ], [ 81.1468833, 21.5505767 ], [ 81.1452165, 21.5500659 ], [ 81.1440381, 21.5482105 ], [ 81.1404411, 21.5493783 ], [ 81.140677, 21.5514125 ], [ 81.1397703, 21.5515321 ], [ 81.1401919, 21.5538264 ], [ 81.1388207, 21.5541991 ], [ 81.1398683, 21.5585726 ], [ 81.142167, 21.5576762 ], [ 81.1447239, 21.5645227 ], [ 81.1455923, 21.5645345 ], [ 81.1454969, 21.5674848 ], [ 81.1471586, 21.5727784 ], [ 81.1503526, 21.574923 ], [ 81.1509545, 21.5801701 ], [ 81.1529965, 21.5821036 ], [ 81.1533993, 21.583959 ], [ 81.1558145, 21.5863251 ], [ 81.1576619, 21.5900741 ], [ 81.1625499, 21.5914115 ], [ 81.1655672, 21.5912804 ], [ 81.1674624, 21.5938654 ], [ 81.1700498, 21.5953976 ], [ 81.1707404, 21.5976295 ], [ 81.172666, 21.5965263 ], [ 81.1756846, 21.5976549 ], [ 81.176879, 21.5971957 ], [ 81.1778, 21.6004493 ], [ 81.1763056, 21.6014448 ], [ 81.1788225, 21.6113671 ], [ 81.1805065, 21.6149722 ], [ 81.1782302, 21.6154096 ], [ 81.1788634, 21.6169154 ], [ 81.1774833, 21.6171848 ], [ 81.1763337, 21.6186373 ], [ 81.1764783, 21.6210575 ], [ 81.1750989, 21.6232631 ], [ 81.1764236, 21.6227025 ], [ 81.1775637, 21.6240887 ], [ 81.1804464, 21.6246347 ], [ 81.1819507, 21.6298958 ], [ 81.1856484, 21.6287524 ], [ 81.1868998, 21.6301432 ], [ 81.1907909, 21.6294241 ], [ 81.1922545, 21.6304715 ], [ 81.1920367, 21.6335661 ], [ 81.194423, 21.6344818 ], [ 81.1936122, 21.6356788 ], [ 81.1902599, 21.6349351 ], [ 81.188251, 21.6354958 ], [ 81.1868856, 21.6389193 ], [ 81.1831382, 21.640605 ], [ 81.177851, 21.6451992 ], [ 81.1788858, 21.65026 ], [ 81.1801854, 21.6513617 ], [ 81.1790325, 21.652862 ], [ 81.1810601, 21.6535827 ], [ 81.1813804, 21.655387 ], [ 81.1821219, 21.6553031 ], [ 81.182314, 21.6561514 ], [ 81.1809717, 21.6563311 ], [ 81.1819188, 21.6619592 ], [ 81.1809224, 21.6632262 ], [ 81.1825644, 21.6672758 ], [ 81.1797187, 21.6673542 ], [ 81.1804514, 21.6714128 ], [ 81.1765978, 21.6717906 ], [ 81.1755348, 21.6750717 ], [ 81.1765713, 21.6781102 ], [ 81.172751, 21.6825349 ], [ 81.173643, 21.6838252 ], [ 81.1763845, 21.6848014 ], [ 81.1744465, 21.6887953 ], [ 81.1757898, 21.6902139 ], [ 81.1763556, 21.6923385 ], [ 81.1734882, 21.6934923 ], [ 81.1722527, 21.6952364 ], [ 81.1732109, 21.6975187 ], [ 81.1724628, 21.697804 ], [ 81.1725314, 21.6990781 ], [ 81.1734195, 21.6991164 ], [ 81.1734111, 21.7011934 ], [ 81.1718085, 21.7050041 ], [ 81.173031, 21.7062089 ], [ 81.1798182, 21.7054672 ], [ 81.1804652, 21.7048212 ], [ 81.1833881, 21.7052813 ], [ 81.1864339, 21.7093363 ], [ 81.1851259, 21.7113149 ], [ 81.1857105, 21.7114366 ], [ 81.1917671, 21.7085764 ], [ 81.1925474, 21.7049585 ], [ 81.1966239, 21.703747 ], [ 81.1974035, 21.7064295 ], [ 81.1971248, 21.7087284 ], [ 81.2005074, 21.709974 ], [ 81.2034756, 21.7125157 ], [ 81.2039728, 21.7120278 ], [ 81.2030591, 21.7111926 ], [ 81.2036965, 21.7107091 ], [ 81.207036, 21.7122435 ], [ 81.2107696, 21.7110137 ], [ 81.21329, 21.7091429 ], [ 81.2149972, 21.7053394 ], [ 81.2178662, 21.7046879 ], [ 81.2220279, 21.7072377 ], [ 81.2251352, 21.7083203 ], [ 81.2267483, 21.7079492 ], [ 81.2272517, 21.7089696 ], [ 81.2321086, 21.7107105 ], [ 81.231633, 21.7136012 ], [ 81.2325709, 21.7143505 ], [ 81.2315232, 21.715051 ], [ 81.2333815, 21.7183426 ], [ 81.2329683, 21.7208177 ], [ 81.2303971, 21.7198435 ], [ 81.2296936, 21.7221022 ], [ 81.2252485, 21.7219688 ], [ 81.2250382, 21.7246246 ], [ 81.2259566, 21.725112 ], [ 81.2234852, 21.7277733 ], [ 81.2244743, 21.7317744 ], [ 81.2233272, 21.7351262 ], [ 81.2254825, 21.7408384 ], [ 81.225388, 21.7433407 ], [ 81.2240075, 21.7450937 ], [ 81.22446, 21.7486705 ], [ 81.223333, 21.7508135 ], [ 81.2236428, 21.7540065 ], [ 81.2229565, 21.7558972 ], [ 81.2246963, 21.755823 ], [ 81.2261261, 21.7568799 ], [ 81.2339587, 21.753023 ], [ 81.237047, 21.7530545 ], [ 81.2402621, 21.7516123 ], [ 81.243851, 21.751619 ], [ 81.2462481, 21.7482271 ], [ 81.2531128, 21.7476725 ], [ 81.2547117, 21.7463701 ], [ 81.2567711, 21.7490586 ], [ 81.2596516, 21.7490283 ], [ 81.2617716, 21.7504262 ], [ 81.2625644, 21.7561972 ], [ 81.2695191, 21.7558321 ], [ 81.2699143, 21.7579145 ], [ 81.271804, 21.7578482 ], [ 81.2738186, 21.7592362 ], [ 81.2760565, 21.7587545 ], [ 81.2776787, 21.7624095 ], [ 81.2795539, 21.762465 ], [ 81.2798484, 21.7631698 ], [ 81.2873985, 21.7611151 ], [ 81.2894605, 21.7659898 ], [ 81.2904561, 21.7660174 ], [ 81.2944425, 21.7691634 ], [ 81.2954898, 21.7683579 ], [ 81.2972411, 21.7686637 ], [ 81.2994118, 21.7667769 ], [ 81.3010504, 21.76643 ], [ 81.3020763, 21.7647049 ], [ 81.3013852, 21.7634782 ], [ 81.3039793, 21.7638041 ], [ 81.3047552, 21.7629589 ], [ 81.3058198, 21.763478 ], [ 81.3102499, 21.7577719 ], [ 81.3108588, 21.7580567 ], [ 81.309867, 21.7627083 ], [ 81.3161359, 21.7607058 ], [ 81.319606, 21.7606124 ], [ 81.3210076, 21.7610511 ], [ 81.3230564, 21.7643716 ], [ 81.3261929, 21.7667981 ], [ 81.3288947, 21.7666771 ], [ 81.3305428, 21.7675901 ], [ 81.3353955, 21.7666296 ], [ 81.3373481, 21.7692904 ], [ 81.3386823, 21.7695175 ], [ 81.3392725, 21.7686096 ], [ 81.3408921, 21.7699957 ], [ 81.3406173, 21.7677525 ], [ 81.3427082, 21.767928 ], [ 81.3438198, 21.7739284 ], [ 81.3413789, 21.7731827 ], [ 81.3387083, 21.773933 ], [ 81.3369456, 21.7735308 ], [ 81.3361462, 21.776681 ], [ 81.3374543, 21.7792948 ], [ 81.3353706, 21.7793866 ], [ 81.3350518, 21.7818308 ], [ 81.3340715, 21.7826538 ], [ 81.3350506, 21.7835438 ], [ 81.3346018, 21.7863894 ], [ 81.3336215, 21.7857666 ], [ 81.3324735, 21.786944 ], [ 81.3291633, 21.7873695 ], [ 81.3294847, 21.7902682 ], [ 81.3302834, 21.7916897 ], [ 81.3317541, 21.7915362 ], [ 81.3316877, 21.7926917 ], [ 81.3295066, 21.794843 ], [ 81.3299752, 21.7986914 ], [ 81.3282784, 21.7989527 ], [ 81.3283266, 21.8001361 ], [ 81.326591, 21.8006143 ], [ 81.3263684, 21.8031389 ], [ 81.3267115, 21.8036269 ], [ 81.3293562, 21.8020335 ], [ 81.3309613, 21.802305 ], [ 81.3314688, 21.8046222 ], [ 81.3287026, 21.8133746 ], [ 81.3265074, 21.8158354 ], [ 81.3227939, 21.8168367 ], [ 81.3216381, 21.8182681 ], [ 81.3217249, 21.8196321 ], [ 81.3208788, 21.8199209 ], [ 81.3226141, 21.82344 ], [ 81.3218787, 21.8277352 ], [ 81.319944, 21.8312484 ], [ 81.3271919, 21.8385729 ], [ 81.3323561, 21.8491168 ], [ 81.3340053, 21.8485437 ], [ 81.3358528, 21.8450844 ], [ 81.3430537, 21.8430766 ], [ 81.3428941, 21.8408904 ], [ 81.3546452, 21.8375868 ], [ 81.3549158, 21.8358841 ], [ 81.3609703, 21.8357901 ], [ 81.3615065, 21.8327956 ], [ 81.3636488, 21.8327733 ], [ 81.3637791, 21.8316261 ], [ 81.3739485, 21.8319568 ], [ 81.3745684, 21.8349017 ], [ 81.3774602, 21.8351186 ], [ 81.3819815, 21.8346851 ], [ 81.3857961, 21.832264 ], [ 81.3931653, 21.8310759 ], [ 81.3954762, 21.8298832 ], [ 81.3993741, 21.8307636 ], [ 81.4013538, 21.8348239 ], [ 81.4007807, 21.8398512 ], [ 81.4020584, 21.842001 ], [ 81.3982773, 21.8435101 ], [ 81.4006621, 21.8448875 ], [ 81.399966, 21.8454295 ], [ 81.4013787, 21.8465269 ], [ 81.4003734, 21.8482028 ], [ 81.4004428, 21.8517169 ], [ 81.397841, 21.8520695 ], [ 81.3975711, 21.8543189 ], [ 81.3963191, 21.8557554 ], [ 81.3950855, 21.8552812 ], [ 81.3954007, 21.8571692 ], [ 81.3939691, 21.8571151 ], [ 81.3937327, 21.858705 ], [ 81.3926303, 21.8596808 ], [ 81.3945459, 21.8602542 ], [ 81.3948173, 21.8615144 ], [ 81.3941178, 21.8660584 ], [ 81.392595, 21.8679963 ], [ 81.3923782, 21.8701509 ], [ 81.3906615, 21.8713659 ], [ 81.3910155, 21.8736786 ], [ 81.3899958, 21.8762622 ], [ 81.3911877, 21.881163 ], [ 81.3932982, 21.8843247 ], [ 81.3948365, 21.8843789 ], [ 81.3955094, 21.8853364 ], [ 81.3984312, 21.8851193 ], [ 81.4011375, 21.8896629 ], [ 81.403701, 21.8883527 ], [ 81.4042866, 21.8889625 ], [ 81.4076534, 21.8881986 ], [ 81.409702, 21.8924125 ], [ 81.4081357, 21.8949513 ], [ 81.4093039, 21.8989667 ], [ 81.4093497, 21.9033978 ], [ 81.4112871, 21.9072233 ], [ 81.4105859, 21.9078738 ], [ 81.4108722, 21.9093327 ], [ 81.4115351, 21.9095494 ], [ 81.4123062, 21.9127293 ], [ 81.4159174, 21.9155065 ], [ 81.4200295, 21.9140737 ], [ 81.4216158, 21.9101201 ], [ 81.4199522, 21.9061961 ], [ 81.4225841, 21.9058296 ], [ 81.4236068, 21.9009871 ], [ 81.426223, 21.8990306 ], [ 81.4288062, 21.8984697 ], [ 81.4299881, 21.9004613 ], [ 81.4308978, 21.9006643 ], [ 81.4372051, 21.8982456 ], [ 81.4385613, 21.9004404 ], [ 81.44458, 21.9002484 ], [ 81.4473441, 21.9021218 ], [ 81.4499134, 21.9025604 ], [ 81.4494204, 21.9036082 ], [ 81.4428837, 21.9048122 ], [ 81.4389942, 21.9068548 ], [ 81.4388736, 21.9077534 ], [ 81.4414827, 21.9096986 ], [ 81.4457607, 21.9102071 ], [ 81.4451419, 21.9114311 ], [ 81.4455686, 21.9124828 ], [ 81.4498505, 21.9116412 ], [ 81.4522609, 21.9126787 ], [ 81.4527215, 21.9143266 ], [ 81.454836, 21.9138605 ], [ 81.4546822, 21.9156894 ], [ 81.452013, 21.919574 ], [ 81.4517343, 21.9233054 ], [ 81.4524998, 21.92489 ], [ 81.4519588, 21.9267145 ], [ 81.4534887, 21.9278201 ], [ 81.4547048, 21.9301676 ], [ 81.4593273, 21.9311678 ], [ 81.4616599, 21.9307782 ], [ 81.4625703, 21.9317621 ], [ 81.4599962, 21.9328382 ], [ 81.4568407, 21.9330068 ], [ 81.4550022, 21.9340599 ], [ 81.4531017, 21.9368514 ], [ 81.4502413, 21.9369431 ], [ 81.4515079, 21.9428849 ], [ 81.4524467, 21.9427581 ], [ 81.4541418, 21.9447125 ], [ 81.4540897, 21.9468213 ], [ 81.4518006, 21.9473913 ], [ 81.4522999, 21.9487051 ], [ 81.4511246, 21.9505299 ], [ 81.4554782, 21.9540771 ], [ 81.458116, 21.9549278 ], [ 81.4580933, 21.9562026 ], [ 81.4592944, 21.9572812 ], [ 81.4654521, 21.9579507 ], [ 81.4663641, 21.9610072 ], [ 81.4714779, 21.9609299 ], [ 81.4735439, 21.9623532 ], [ 81.4740728, 21.9640823 ], [ 81.4770403, 21.9640941 ], [ 81.4789503, 21.9677775 ], [ 81.4790196, 21.9698637 ], [ 81.4773732, 21.9703913 ], [ 81.4769925, 21.9717524 ], [ 81.4733715, 21.9719217 ], [ 81.4737415, 21.9750237 ], [ 81.4721928, 21.9756207 ], [ 81.4711757, 21.97512 ], [ 81.4676441, 21.9788384 ], [ 81.4721595, 21.9836719 ], [ 81.4768319, 21.9908306 ], [ 81.4780181, 21.9907712 ], [ 81.4791568, 21.9919942 ], [ 81.4792644, 21.9935023 ], [ 81.4836052, 21.9941978 ], [ 81.4858664, 21.9966131 ], [ 81.4849439, 21.9975638 ], [ 81.4828169, 21.9977407 ], [ 81.479171, 21.9954468 ], [ 81.4781235, 21.9960217 ], [ 81.4778021, 21.9975477 ], [ 81.4798087, 21.9994927 ], [ 81.4764917, 22.0004756 ], [ 81.4766426, 22.0037727 ], [ 81.4746049, 22.0049389 ], [ 81.4737693, 22.0079648 ], [ 81.470758, 22.0089826 ], [ 81.469753, 22.0122118 ], [ 81.4724322, 22.0141519 ], [ 81.4723862, 22.0150437 ], [ 81.4780116, 22.0151961 ], [ 81.4808902, 22.0179577 ], [ 81.4829522, 22.0167236 ], [ 81.483331, 22.0180735 ], [ 81.4852445, 22.018876 ] ] ] } },
{ "type": "Feature", "properties": { "dtname": "Raipur", "stname": "CHHATTISGARH", "dist_lgd": 387, "year_stat": "2011_c" }, "geometry": { "type": "Polygon", "coordinates": [ [ [ 81.7875321, 21.6244961 ], [ 81.7881862, 21.6211469 ], [ 81.786435, 21.6158105 ], [ 81.7868299, 21.6119531 ], [ 81.7846567, 21.6097112 ], [ 81.784343, 21.6083148 ], [ 81.7865815, 21.6049251 ], [ 81.7876591, 21.6007901 ], [ 81.7903882, 21.5978856 ], [ 81.7937271, 21.5965092 ], [ 81.8011833, 21.597602 ], [ 81.8088538, 21.5998556 ], [ 81.8171292, 21.598414 ], [ 81.8244933, 21.5989454 ], [ 81.828242, 21.5980917 ], [ 81.8282526, 21.5986546 ], [ 81.8308141, 21.5990477 ], [ 81.8446431, 21.5954966 ], [ 81.8431433, 21.5982072 ], [ 81.8451733, 21.601602 ], [ 81.845241, 21.6034707 ], [ 81.8474012, 21.6027109 ], [ 81.8503233, 21.6035387 ], [ 81.8498599, 21.6053401 ], [ 81.8515165, 21.6075722 ], [ 81.8554051, 21.6077894 ], [ 81.8580725, 21.6093229 ], [ 81.8612669, 21.6069709 ], [ 81.8637885, 21.606783 ], [ 81.8643239, 21.6047227 ], [ 81.8639171, 21.6017271 ], [ 81.861777, 21.5969425 ], [ 81.8618147, 21.5942075 ], [ 81.866129, 21.5925686 ], [ 81.8804638, 21.5841096 ], [ 81.8807516, 21.5818126 ], [ 81.8815162, 21.581254 ], [ 81.8808678, 21.5801486 ], [ 81.8874437, 21.5753846 ], [ 81.8907006, 21.5752544 ], [ 81.8946555, 21.5775705 ], [ 81.8954435, 21.5838158 ], [ 81.9007105, 21.5997536 ], [ 81.9104761, 21.5961219 ], [ 81.9177837, 21.5956091 ], [ 81.9206451, 21.5945077 ], [ 81.9222679, 21.5924706 ], [ 81.9224698, 21.584198 ], [ 81.9274677, 21.5878418 ], [ 81.9299881, 21.5837981 ], [ 81.9315392, 21.576722 ], [ 81.935322, 21.5734388 ], [ 81.9358546, 21.572023 ], [ 81.9302855, 21.5640252 ], [ 81.9275286, 21.5631066 ], [ 81.927822, 21.5596475 ], [ 81.9251277, 21.5575951 ], [ 81.9242296, 21.5540801 ], [ 81.9250727, 21.5527553 ], [ 81.9240567, 21.5509347 ], [ 81.9256618, 21.5498791 ], [ 81.9259192, 21.5473702 ], [ 81.9284879, 21.5457434 ], [ 81.9277109, 21.5443992 ], [ 81.92799, 21.5387771 ], [ 81.9292949, 21.5361598 ], [ 81.9322927, 21.5352013 ], [ 81.933015, 21.5341276 ], [ 81.9326519, 21.5316323 ], [ 81.9316484, 21.5305887 ], [ 81.9350055, 21.5254005 ], [ 81.9349398, 21.5221548 ], [ 81.9320784, 21.5182744 ], [ 81.9319465, 21.5148813 ], [ 81.9297325, 21.5136263 ], [ 81.9279241, 21.5067311 ], [ 81.9262545, 21.5046807 ], [ 81.9301236, 21.4946075 ], [ 81.9301517, 21.492318 ], [ 81.9331911, 21.4913957 ], [ 81.9343238, 21.4883833 ], [ 81.9393321, 21.4884356 ], [ 81.9423131, 21.486452 ], [ 81.9473407, 21.486635 ], [ 81.9522004, 21.488534 ], [ 81.9528096, 21.4818503 ], [ 81.952224, 21.4783598 ], [ 81.9537408, 21.4729989 ], [ 81.9606839, 21.4740927 ], [ 81.9639637, 21.4725196 ], [ 81.9715376, 21.4719012 ], [ 81.9746355, 21.4727348 ], [ 81.9786518, 21.4760469 ], [ 81.9848701, 21.4753068 ], [ 81.987773, 21.4733948 ], [ 81.9901567, 21.4738672 ], [ 81.9948977, 21.4701474 ], [ 81.9952693, 21.4663584 ], [ 81.9939561, 21.465131 ], [ 81.993554, 21.4630811 ], [ 81.9942944, 21.4599828 ], [ 82.0005541, 21.4595029 ], [ 82.0085925, 21.4576346 ], [ 82.0198967, 21.4484614 ], [ 82.0212087, 21.4485661 ], [ 82.0232237, 21.4503601 ], [ 82.0229228, 21.4529881 ], [ 82.0262879, 21.4558532 ], [ 82.0278797, 21.4560257 ], [ 82.0298919, 21.4550198 ], [ 82.0339437, 21.455573 ], [ 82.0363471, 21.4536731 ], [ 82.0354051, 21.4515792 ], [ 82.038797, 21.4465168 ], [ 82.0513658, 21.43988 ], [ 82.0543144, 21.4365486 ], [ 82.0590708, 21.4351099 ], [ 82.0694317, 21.4336641 ], [ 82.0788302, 21.4354994 ], [ 82.0827776, 21.4330402 ], [ 82.0846207, 21.430548 ], [ 82.0884602, 21.4292934 ], [ 82.0917696, 21.4257537 ], [ 82.0934438, 21.4225613 ], [ 82.0956095, 21.4214056 ], [ 82.0966904, 21.4182944 ], [ 82.0999264, 21.4182001 ], [ 82.1060082, 21.4146921 ], [ 82.1074071, 21.4117614 ], [ 82.1112987, 21.4128998 ], [ 82.1127649, 21.411667 ], [ 82.118031, 21.4124983 ], [ 82.1209391, 21.4054717 ], [ 82.1174577, 21.4004996 ], [ 82.1159251, 21.3864327 ], [ 82.1174489, 21.3825085 ], [ 82.1245895, 21.3805623 ], [ 82.1248933, 21.3741452 ], [ 82.124117, 21.3725918 ], [ 82.1255296, 21.3704061 ], [ 82.1254043, 21.3674301 ], [ 82.1263781, 21.3665902 ], [ 82.1284897, 21.365696 ], [ 82.1371915, 21.3662104 ], [ 82.1418431, 21.3602806 ], [ 82.1458661, 21.3587895 ], [ 82.1455889, 21.360664 ], [ 82.1463363, 21.3620232 ], [ 82.1562062, 21.3697077 ], [ 82.1606479, 21.3760199 ], [ 82.1647992, 21.3763938 ], [ 82.1701766, 21.3817798 ], [ 82.1756921, 21.381137 ], [ 82.182417, 21.3784885 ], [ 82.1890769, 21.3820943 ], [ 82.193468, 21.3792114 ], [ 82.1876594, 21.3709 ], [ 82.1772967, 21.3514266 ], [ 82.1749339, 21.3493726 ], [ 82.1707527, 21.3432503 ], [ 82.1656165, 21.3337457 ], [ 82.1565432, 21.3232753 ], [ 82.150966, 21.3180333 ], [ 82.1459336, 21.3112151 ], [ 82.1342658, 21.3018366 ], [ 82.1301166, 21.299904 ], [ 82.1217032, 21.2902445 ], [ 82.1176799, 21.2878194 ], [ 82.0987683, 21.284119 ], [ 82.0907512, 21.2815932 ], [ 82.0634527, 21.266385 ], [ 82.0529347, 21.2584463 ], [ 82.0454961, 21.2501407 ], [ 82.0368822, 21.2434258 ], [ 82.0283923, 21.2322307 ], [ 82.0218602, 21.219361 ], [ 82.0196708, 21.216632 ], [ 82.0170268, 21.2098925 ], [ 82.0161668, 21.2005846 ], [ 82.0174337, 21.1932921 ], [ 82.0163134, 21.1843724 ], [ 82.017096, 21.1741397 ], [ 82.0149944, 21.1643523 ], [ 82.0124692, 21.1547361 ], [ 82.0026557, 21.1459141 ], [ 81.9982613, 21.139391 ], [ 81.9960946, 21.1257799 ], [ 81.9921738, 21.113142 ], [ 81.9881833, 21.0833353 ], [ 81.9801, 21.074477 ], [ 81.9706473, 21.0588587 ], [ 81.9535177, 21.0363661 ], [ 81.9453668, 21.0306766 ], [ 81.9412801, 21.0290512 ], [ 81.9233104, 21.0176051 ], [ 81.9151579, 21.0072816 ], [ 81.9022594, 20.9970859 ], [ 81.8891492, 20.9882405 ], [ 81.8860376, 20.9835847 ], [ 81.8774109, 20.9760071 ], [ 81.8750019, 20.970633 ], [ 81.8742277, 20.9661666 ], [ 81.87267, 20.963913 ], [ 81.8700257, 20.9623233 ], [ 81.8607562, 20.9603673 ], [ 81.8577853, 20.9580142 ], [ 81.8568433, 20.9547084 ], [ 81.8572383, 20.9483181 ], [ 81.8552052, 20.9439012 ], [ 81.853494, 20.9426003 ], [ 81.8470238, 20.940662 ], [ 81.8354674, 20.9403165 ], [ 81.8346019, 20.9424098 ], [ 81.8334943, 20.9430168 ], [ 81.8314464, 20.9435727 ], [ 81.8285109, 20.9429846 ], [ 81.8289465, 20.9452762 ], [ 81.8263061, 20.9447976 ], [ 81.8241065, 20.9490092 ], [ 81.8221197, 20.9475705 ], [ 81.8205054, 20.9486476 ], [ 81.8187989, 20.9474172 ], [ 81.817813, 20.9484714 ], [ 81.8148745, 20.9461672 ], [ 81.814259, 20.9469034 ], [ 81.8145213, 20.9485344 ], [ 81.811712, 20.9519172 ], [ 81.8127021, 20.954483 ], [ 81.8151994, 20.9542812 ], [ 81.8144485, 20.9555042 ], [ 81.814876, 20.9583915 ], [ 81.8131671, 20.9593662 ], [ 81.8110319, 20.9631263 ], [ 81.8075636, 20.9631095 ], [ 81.8053512, 20.9662489 ], [ 81.8026026, 20.9667673 ], [ 81.801945, 20.9647473 ], [ 81.7940042, 20.9665594 ], [ 81.7927718, 20.9645443 ], [ 81.7913267, 20.9653043 ], [ 81.7891181, 20.9644826 ], [ 81.7871084, 20.9652018 ], [ 81.7851381, 20.9673858 ], [ 81.7808289, 20.9699272 ], [ 81.7803664, 20.9688992 ], [ 81.7796441, 20.9691939 ], [ 81.7782346, 20.9729693 ], [ 81.7786918, 20.9745561 ], [ 81.7758313, 20.9766221 ], [ 81.7758505, 20.9792356 ], [ 81.7735181, 20.9823534 ], [ 81.7686928, 20.9819518 ], [ 81.7620736, 20.9858543 ], [ 81.7607541, 20.9885054 ], [ 81.7625053, 20.9895368 ], [ 81.7628929, 20.991493 ], [ 81.7597498, 20.9927533 ], [ 81.7575861, 20.994869 ], [ 81.7571719, 20.9961198 ], [ 81.7581054, 20.9973786 ], [ 81.7564731, 21.0011996 ], [ 81.7515269, 21.0019781 ], [ 81.751005, 21.0042603 ], [ 81.7515009, 21.0087931 ], [ 81.7482597, 21.0114643 ], [ 81.742954, 21.0123068 ], [ 81.7423831, 21.0116781 ], [ 81.7335075, 21.0135246 ], [ 81.7316718, 21.012524 ], [ 81.7258239, 21.0123412 ], [ 81.7243602, 21.0112004 ], [ 81.7167476, 21.0108785 ], [ 81.7174435, 21.0134643 ], [ 81.7162784, 21.0141173 ], [ 81.713603, 21.0184522 ], [ 81.7077846, 21.0180461 ], [ 81.7042939, 21.0152288 ], [ 81.7010358, 21.0082754 ], [ 81.7010177, 21.0054755 ], [ 81.6985283, 21.00381 ], [ 81.6961913, 21.0042896 ], [ 81.6944981, 21.003482 ], [ 81.6927574, 21.004133 ], [ 81.6914921, 21.0030813 ], [ 81.6895253, 21.0034388 ], [ 81.6852347, 21.0005019 ], [ 81.6858566, 20.9995783 ], [ 81.6840931, 20.9991314 ], [ 81.6827446, 20.9959248 ], [ 81.6819804, 20.9958635 ], [ 81.6807051, 20.99769 ], [ 81.6777368, 20.9982244 ], [ 81.6745353, 21.0009515 ], [ 81.6734048, 21.0003093 ], [ 81.6704364, 21.0006281 ], [ 81.6697707, 20.9983611 ], [ 81.6680243, 20.9994695 ], [ 81.6659403, 20.9990699 ], [ 81.6605012, 21.001641 ], [ 81.6569146, 20.9994543 ], [ 81.6551852, 21.0002182 ], [ 81.6560098, 21.0030509 ], [ 81.6550771, 21.0044465 ], [ 81.652164, 21.0068467 ], [ 81.648362, 21.0075987 ], [ 81.6476477, 21.0097215 ], [ 81.6436663, 21.0100719 ], [ 81.6403606, 21.0086795 ], [ 81.6384642, 21.0090888 ], [ 81.6365981, 21.0109597 ], [ 81.6345328, 21.0115159 ], [ 81.6321812, 21.0153852 ], [ 81.6289268, 21.015911 ], [ 81.6274901, 21.0190518 ], [ 81.6243878, 21.0159253 ], [ 81.6223743, 21.0185233 ], [ 81.6216414, 21.0210418 ], [ 81.6186971, 21.0214214 ], [ 81.6170364, 21.02028 ], [ 81.6165093, 21.0242511 ], [ 81.6143503, 21.0239876 ], [ 81.6130872, 21.0263443 ], [ 81.6061446, 21.0297924 ], [ 81.603657, 21.0357081 ], [ 81.5912931, 21.0426383 ], [ 81.5866025, 21.0442856 ], [ 81.5857072, 21.0463357 ], [ 81.5868899, 21.0491991 ], [ 81.5894682, 21.0501932 ], [ 81.5976176, 21.0500231 ], [ 81.607017, 21.0557416 ], [ 81.6080655, 21.0587675 ], [ 81.6060681, 21.0650129 ], [ 81.6035371, 21.0677855 ], [ 81.6019589, 21.0682504 ], [ 81.5927071, 21.0667767 ], [ 81.5864371, 21.0703431 ], [ 81.5793638, 21.0721839 ], [ 81.5772847, 21.0739807 ], [ 81.5782583, 21.0843182 ], [ 81.5774443, 21.0867566 ], [ 81.5750181, 21.0899036 ], [ 81.5789181, 21.098169 ], [ 81.5811383, 21.1086557 ], [ 81.5816756, 21.1146847 ], [ 81.5808024, 21.1215217 ], [ 81.5862578, 21.131544 ], [ 81.5936394, 21.1418059 ], [ 81.5964164, 21.1440237 ], [ 81.6031602, 21.1459936 ], [ 81.6053743, 21.1484642 ], [ 81.6055182, 21.1522215 ], [ 81.6027398, 21.1567507 ], [ 81.6030717, 21.1589364 ], [ 81.6062297, 21.1598942 ], [ 81.6116651, 21.1585896 ], [ 81.62333, 21.1588972 ], [ 81.6250342, 21.1599087 ], [ 81.625429, 21.1613132 ], [ 81.6181591, 21.1686922 ], [ 81.6105217, 21.1844615 ], [ 81.6056093, 21.1927523 ], [ 81.6047758, 21.195927 ], [ 81.6053194, 21.2002488 ], [ 81.602145, 21.2067378 ], [ 81.599944, 21.2082097 ], [ 81.5949545, 21.2096676 ], [ 81.587806, 21.216562 ], [ 81.5751522, 21.222276 ], [ 81.5724395, 21.2257525 ], [ 81.5704389, 21.2306155 ], [ 81.5668539, 21.2344574 ], [ 81.5654075, 21.2379161 ], [ 81.5628631, 21.2407105 ], [ 81.5606132, 21.2416987 ], [ 81.554039, 21.2397407 ], [ 81.5514861, 21.239726 ], [ 81.5472269, 21.2418602 ], [ 81.5428696, 21.2468843 ], [ 81.5414036, 21.2497874 ], [ 81.5461808, 21.2697298 ], [ 81.54319, 21.2778887 ], [ 81.5375525, 21.2877262 ], [ 81.5343902, 21.2959649 ], [ 81.5340897, 21.2996078 ], [ 81.5356246, 21.3016887 ], [ 81.5366484, 21.3020892 ], [ 81.5381002, 21.3004899 ], [ 81.5407456, 21.3008113 ], [ 81.5488515, 21.3036952 ], [ 81.5500457, 21.3049758 ], [ 81.549957, 21.311536 ], [ 81.5518312, 21.318497 ], [ 81.5522982, 21.326782 ], [ 81.5540022, 21.3332629 ], [ 81.5563912, 21.335504 ], [ 81.5588666, 21.335665 ], [ 81.5649277, 21.3346272 ], [ 81.5732931, 21.33439 ], [ 81.5807202, 21.331912 ], [ 81.5828539, 21.3328726 ], [ 81.5916036, 21.3409948 ], [ 81.5958715, 21.3426756 ], [ 81.5968957, 21.3436358 ], [ 81.5968098, 21.3465159 ], [ 81.5953579, 21.3497158 ], [ 81.5928816, 21.3525954 ], [ 81.5920719, 21.3568761 ], [ 81.5948889, 21.3587967 ], [ 81.6087191, 21.3629587 ], [ 81.6110241, 21.3653589 ], [ 81.6123898, 21.3691191 ], [ 81.6124749, 21.3724792 ], [ 81.6120479, 21.3739992 ], [ 81.6085034, 21.3782803 ], [ 81.6078199, 21.3822003 ], [ 81.6101248, 21.3873207 ], [ 81.6120033, 21.3890009 ], [ 81.6141381, 21.389401 ], [ 81.6166999, 21.3891612 ], [ 81.6210549, 21.3866812 ], [ 81.6232751, 21.3870013 ], [ 81.6254099, 21.3882013 ], [ 81.62948, 21.3959087 ], [ 81.6381773, 21.4027244 ], [ 81.6392878, 21.4056844 ], [ 81.6391172, 21.4077645 ], [ 81.6382633, 21.4090446 ], [ 81.6323706, 21.412485 ], [ 81.6306627, 21.4175252 ], [ 81.6324987, 21.4269281 ], [ 81.6319864, 21.4294081 ], [ 81.6284844, 21.4341284 ], [ 81.62857, 21.4376484 ], [ 81.6313036, 21.4418084 ], [ 81.6321174, 21.4456892 ], [ 81.6311778, 21.4478492 ], [ 81.6268212, 21.4516894 ], [ 81.6237457, 21.4590496 ], [ 81.622635, 21.4656897 ], [ 81.6239859, 21.4695778 ], [ 81.6306215, 21.4731734 ], [ 81.6308779, 21.4744535 ], [ 81.6282293, 21.4810136 ], [ 81.627533, 21.4848959 ], [ 81.6302399, 21.4922543 ], [ 81.630656, 21.4962978 ], [ 81.6300241, 21.5007103 ], [ 81.627907, 21.504866 ], [ 81.628026, 21.5080321 ], [ 81.6288591, 21.5099049 ], [ 81.6331401, 21.5142706 ], [ 81.6421434, 21.5190616 ], [ 81.6445759, 21.52177 ], [ 81.644586, 21.5280569 ], [ 81.6429044, 21.5409148 ], [ 81.6433847, 21.5460579 ], [ 81.6459022, 21.5477346 ], [ 81.6477642, 21.5479203 ], [ 81.6648369, 21.5467339 ], [ 81.6673013, 21.5480363 ], [ 81.6690085, 21.5509625 ], [ 81.6685172, 21.5564667 ], [ 81.6665965, 21.5636163 ], [ 81.6664863, 21.5679366 ], [ 81.6670675, 21.5687474 ], [ 81.6768418, 21.571536 ], [ 81.6807128, 21.5743673 ], [ 81.6827281, 21.577454 ], [ 81.6885763, 21.5917142 ], [ 81.694799, 21.6015121 ], [ 81.6970466, 21.6017271 ], [ 81.6972684, 21.6009864 ], [ 81.6951813, 21.5987249 ], [ 81.6948305, 21.5922947 ], [ 81.6955543, 21.5913777 ], [ 81.6982055, 21.5922571 ], [ 81.7010779, 21.5911539 ], [ 81.702506, 21.5891438 ], [ 81.7040806, 21.590141 ], [ 81.7048284, 21.5890659 ], [ 81.7066014, 21.590912 ], [ 81.7075135, 21.5900851 ], [ 81.7107442, 21.5909099 ], [ 81.7132494, 21.5898247 ], [ 81.714148, 21.5906011 ], [ 81.7207232, 21.5892426 ], [ 81.7229527, 21.5872995 ], [ 81.7330564, 21.5848006 ], [ 81.7374429, 21.5819437 ], [ 81.7392359, 21.5843133 ], [ 81.7404037, 21.583337 ], [ 81.7490033, 21.5842881 ], [ 81.7515051, 21.5830075 ], [ 81.7535643, 21.5879379 ], [ 81.7480699, 21.5881543 ], [ 81.747649, 21.5927968 ], [ 81.7438217, 21.5948723 ], [ 81.7436592, 21.5968729 ], [ 81.7424187, 21.5973796 ], [ 81.7418871, 21.6010925 ], [ 81.743131, 21.6055896 ], [ 81.7469016, 21.6052293 ], [ 81.7475018, 21.6058357 ], [ 81.7481688, 21.6072724 ], [ 81.7480465, 21.6132868 ], [ 81.7560392, 21.6133613 ], [ 81.7635334, 21.6099179 ], [ 81.7695446, 21.608472 ], [ 81.7731996, 21.6123829 ], [ 81.7793471, 21.6227137 ], [ 81.7815488, 21.6225843 ], [ 81.785443, 21.6261391 ], [ 81.7875321, 21.6244961 ] ] ] } },
{ "type": "Feature", "properties": { "dtname": "Durg", "stname": "CHHATTISGARH", "dist_lgd": 378, "year_stat": "2011_c" }, "geometry": { "type": "Polygon", "coordinates": [ [ [ 81.3612451, 21.5435854 ], [ 81.3598039, 21.5363604 ], [ 81.3630773, 21.5329576 ], [ 81.3665598, 21.530755 ], [ 81.3750571, 21.5288011 ], [ 81.3760354, 21.5157686 ], [ 81.3779065, 21.5167022 ], [ 81.3786307, 21.5188108 ], [ 81.3805173, 21.5188694 ], [ 81.3843204, 21.5235195 ], [ 81.3894878, 21.5235486 ], [ 81.3937371, 21.5224211 ], [ 81.3948623, 21.5214265 ], [ 81.4000543, 21.5214105 ], [ 81.4072027, 21.5191931 ], [ 81.4081639, 21.5192078 ], [ 81.4082667, 21.5204427 ], [ 81.4100926, 21.5203756 ], [ 81.4265481, 21.5176547 ], [ 81.4332204, 21.5182554 ], [ 81.4363593, 21.5172482 ], [ 81.4375239, 21.5183227 ], [ 81.4426201, 21.5178751 ], [ 81.4415151, 21.5169689 ], [ 81.4416393, 21.5156774 ], [ 81.4484159, 21.5176753 ], [ 81.4554529, 21.5152277 ], [ 81.4574143, 21.5129231 ], [ 81.4599617, 21.512999 ], [ 81.4608223, 21.5115872 ], [ 81.4628587, 21.5114973 ], [ 81.4674701, 21.5082941 ], [ 81.4700282, 21.5074855 ], [ 81.4672473, 21.4991682 ], [ 81.4642835, 21.4955714 ], [ 81.461822, 21.4957471 ], [ 81.4601136, 21.4969187 ], [ 81.4548193, 21.4983602 ], [ 81.4528301, 21.4980039 ], [ 81.4523926, 21.4971586 ], [ 81.45017, 21.4984461 ], [ 81.4468131, 21.4989417 ], [ 81.445161, 21.4950678 ], [ 81.445319, 21.4924712 ], [ 81.4440146, 21.4890984 ], [ 81.4418189, 21.4870601 ], [ 81.4431679, 21.4841404 ], [ 81.4484732, 21.4830049 ], [ 81.4695717, 21.4716294 ], [ 81.4685436, 21.4692244 ], [ 81.457851, 21.457708 ], [ 81.4497771, 21.4514683 ], [ 81.4519509, 21.4438907 ], [ 81.4507062, 21.4315859 ], [ 81.4519671, 21.4274772 ], [ 81.4514286, 21.4265696 ], [ 81.4492494, 21.426974 ], [ 81.4484398, 21.4237727 ], [ 81.4469056, 21.4226387 ], [ 81.4464223, 21.4207711 ], [ 81.44279, 21.4202935 ], [ 81.4410407, 21.4192855 ], [ 81.4385168, 21.4078512 ], [ 81.4494261, 21.4057155 ], [ 81.4555893, 21.4082332 ], [ 81.4559933, 21.4090905 ], [ 81.4686622, 21.4087319 ], [ 81.468964, 21.4131799 ], [ 81.470721, 21.4155812 ], [ 81.4699938, 21.4171306 ], [ 81.4685474, 21.4177546 ], [ 81.4685044, 21.4184139 ], [ 81.4697632, 21.4184449 ], [ 81.4688858, 21.4190008 ], [ 81.4685083, 21.4209927 ], [ 81.4799484, 21.4223374 ], [ 81.4795301, 21.4215232 ], [ 81.4812922, 21.4212828 ], [ 81.481805, 21.4204048 ], [ 81.48771, 21.4192315 ], [ 81.4903179, 21.4197459 ], [ 81.4942568, 21.416851 ], [ 81.4964221, 21.41617 ], [ 81.4966497, 21.4139485 ], [ 81.5019433, 21.4112311 ], [ 81.5025022, 21.4097019 ], [ 81.5018291, 21.4048328 ], [ 81.4963124, 21.4003453 ], [ 81.4948686, 21.3971748 ], [ 81.4924353, 21.39751 ], [ 81.4910549, 21.3995796 ], [ 81.4870622, 21.3989746 ], [ 81.4863619, 21.3997396 ], [ 81.4835016, 21.3983061 ], [ 81.4819739, 21.3893592 ], [ 81.4795051, 21.3871549 ], [ 81.4786804, 21.3840717 ], [ 81.4899003, 21.3836786 ], [ 81.4918318, 21.374703 ], [ 81.493749, 21.3737603 ], [ 81.4971555, 21.374549 ], [ 81.4972686, 21.3732212 ], [ 81.4994836, 21.3719562 ], [ 81.5002137, 21.3697939 ], [ 81.4991366, 21.3616995 ], [ 81.4981534, 21.3579736 ], [ 81.4967815, 21.3565613 ], [ 81.4951822, 21.356284 ], [ 81.496073, 21.3537358 ], [ 81.498317, 21.3538628 ], [ 81.5094755, 21.3499871 ], [ 81.5240334, 21.3490278 ], [ 81.5242932, 21.3470907 ], [ 81.5304948, 21.3474171 ], [ 81.5319586, 21.3483059 ], [ 81.5337681, 21.3472575 ], [ 81.5354045, 21.3476619 ], [ 81.5386391, 21.3408469 ], [ 81.5413958, 21.3402025 ], [ 81.542775, 21.3381852 ], [ 81.5490646, 21.3344748 ], [ 81.5481175, 21.3338287 ], [ 81.5486348, 21.3326988 ], [ 81.5510467, 21.3320541 ], [ 81.5540022, 21.3332629 ], [ 81.5522982, 21.326782 ], [ 81.5518312, 21.318497 ], [ 81.549957, 21.311536 ], [ 81.5500457, 21.3049758 ], [ 81.5488515, 21.3036952 ], [ 81.5407456, 21.3008113 ], [ 81.5381002, 21.3004899 ], [ 81.5366484, 21.3020892 ], [ 81.5340897, 21.2996078 ], [ 81.5343902, 21.2959649 ], [ 81.5375525, 21.2877262 ], [ 81.54319, 21.2778887 ], [ 81.5461808, 21.2697298 ], [ 81.5434557, 21.2601281 ], [ 81.5417077, 21.2487218 ], [ 81.5472269, 21.2418602 ], [ 81.5494723, 21.2404477 ], [ 81.5530227, 21.2396138 ], [ 81.5606132, 21.2416987 ], [ 81.5628631, 21.2407105 ], [ 81.5654075, 21.2379161 ], [ 81.5668539, 21.2344574 ], [ 81.5704389, 21.2306155 ], [ 81.5724395, 21.2257525 ], [ 81.5751522, 21.222276 ], [ 81.587806, 21.216562 ], [ 81.5949545, 21.2096676 ], [ 81.599944, 21.2082097 ], [ 81.602145, 21.2067378 ], [ 81.6053194, 21.2002488 ], [ 81.6047758, 21.195927 ], [ 81.6056093, 21.1927523 ], [ 81.6105217, 21.1844615 ], [ 81.6181591, 21.1686922 ], [ 81.625429, 21.1613132 ], [ 81.6250342, 21.1599087 ], [ 81.62333, 21.1588972 ], [ 81.6116651, 21.1585896 ], [ 81.6062297, 21.1598942 ], [ 81.6035675, 21.1593655 ], [ 81.6026144, 21.1582906 ], [ 81.6027398, 21.1567507 ], [ 81.6053544, 21.1528447 ], [ 81.6053743, 21.1484642 ], [ 81.6019569, 21.1453477 ], [ 81.5964164, 21.1440237 ], [ 81.5943998, 21.1426369 ], [ 81.5862578, 21.131544 ], [ 81.5812401, 21.1227908 ], [ 81.5806776, 21.1205101 ], [ 81.5816756, 21.1146847 ], [ 81.5811383, 21.1086557 ], [ 81.5789181, 21.098169 ], [ 81.5750181, 21.0899036 ], [ 81.5774443, 21.0867566 ], [ 81.5782583, 21.0843182 ], [ 81.577222, 21.0744865 ], [ 81.5779923, 21.0730235 ], [ 81.5808074, 21.0715927 ], [ 81.5864371, 21.0703431 ], [ 81.5927071, 21.0667767 ], [ 81.6027479, 21.0681738 ], [ 81.6051538, 21.0665754 ], [ 81.6078151, 21.0607184 ], [ 81.6079693, 21.0579501 ], [ 81.6065793, 21.0553803 ], [ 81.5976176, 21.0500231 ], [ 81.5877028, 21.0496283 ], [ 81.5863512, 21.0486119 ], [ 81.5857072, 21.0463357 ], [ 81.5875551, 21.0436536 ], [ 81.5912931, 21.0426383 ], [ 81.603657, 21.0357081 ], [ 81.6058319, 21.0301626 ], [ 81.6098341, 21.0283927 ], [ 81.6111426, 21.0260581 ], [ 81.6110369, 21.0248477 ], [ 81.6074925, 21.0201327 ], [ 81.6071224, 21.018132 ], [ 81.612452, 21.0123294 ], [ 81.6207957, 20.9949951 ], [ 81.6216739, 20.9916735 ], [ 81.6205556, 20.9874303 ], [ 81.6188328, 20.9853601 ], [ 81.6116159, 20.9840421 ], [ 81.6092715, 20.9802589 ], [ 81.6095104, 20.9761545 ], [ 81.6131003, 20.9678062 ], [ 81.6127956, 20.9649217 ], [ 81.6052342, 20.9560538 ], [ 81.5967662, 20.9554832 ], [ 81.5903665, 20.9515977 ], [ 81.5908062, 20.9436684 ], [ 81.5891359, 20.9407163 ], [ 81.5822153, 20.9388561 ], [ 81.5769598, 20.9395352 ], [ 81.5687451, 20.9380771 ], [ 81.5667645, 20.9336599 ], [ 81.5652303, 20.9325822 ], [ 81.5500334, 20.9338528 ], [ 81.5401096, 20.9296381 ], [ 81.535455, 20.9256781 ], [ 81.5336965, 20.9223087 ], [ 81.5293388, 20.9184237 ], [ 81.5284461, 20.9151832 ], [ 81.5286564, 20.9077323 ], [ 81.5257356, 20.9028185 ], [ 81.5236969, 20.8967271 ], [ 81.5176663, 20.8928034 ], [ 81.509102, 20.8941798 ], [ 81.4983227, 20.8941121 ], [ 81.4958619, 20.8905093 ], [ 81.4943422, 20.8831492 ], [ 81.4873208, 20.875603 ], [ 81.4860828, 20.8715348 ], [ 81.4849959, 20.8703297 ], [ 81.4811202, 20.8729154 ], [ 81.4770885, 20.8725204 ], [ 81.4677717, 20.8696992 ], [ 81.4599679, 20.8688708 ], [ 81.4601965, 20.86573 ], [ 81.464865, 20.8632764 ], [ 81.4653681, 20.8622746 ], [ 81.4641823, 20.8576572 ], [ 81.4664466, 20.854196 ], [ 81.4641238, 20.8535712 ], [ 81.4584685, 20.855213 ], [ 81.4539696, 20.8501788 ], [ 81.4514218, 20.8490981 ], [ 81.4494112, 20.8504183 ], [ 81.4473114, 20.85438 ], [ 81.4421094, 20.8515823 ], [ 81.435069, 20.8513322 ], [ 81.4346541, 20.8523587 ], [ 81.4322193, 20.8527413 ], [ 81.4324056, 20.8536654 ], [ 81.4302343, 20.8539625 ], [ 81.4290602, 20.8558018 ], [ 81.4251606, 20.8517773 ], [ 81.4230613, 20.8526806 ], [ 81.4205031, 20.8499065 ], [ 81.4184518, 20.8504309 ], [ 81.4164851, 20.8493935 ], [ 81.4156366, 20.8498002 ], [ 81.4163541, 20.8517757 ], [ 81.4158664, 20.8525152 ], [ 81.4072771, 20.8542298 ], [ 81.4070912, 20.8563711 ], [ 81.4058088, 20.8583367 ], [ 81.4041631, 20.8591013 ], [ 81.3976549, 20.8587243 ], [ 81.3880308, 20.8685759 ], [ 81.3912183, 20.8769996 ], [ 81.3913696, 20.8807873 ], [ 81.3936078, 20.8793548 ], [ 81.3963245, 20.8800567 ], [ 81.3978971, 20.8778337 ], [ 81.3996133, 20.8769679 ], [ 81.3982183, 20.8839189 ], [ 81.3999487, 20.8854723 ], [ 81.4038068, 20.885418 ], [ 81.4084894, 20.8881229 ], [ 81.4114539, 20.8883844 ], [ 81.4130227, 20.8900212 ], [ 81.4142097, 20.8990293 ], [ 81.4091033, 20.8995609 ], [ 81.4083716, 20.9027374 ], [ 81.4081295, 20.9131898 ], [ 81.4067833, 20.9132155 ], [ 81.4066401, 20.9177062 ], [ 81.4052566, 20.9188821 ], [ 81.4051095, 20.9233361 ], [ 81.4063305, 20.9268136 ], [ 81.4049941, 20.9291023 ], [ 81.4051594, 20.9313603 ], [ 81.4062699, 20.9310841 ], [ 81.4061557, 20.9319823 ], [ 81.4099429, 20.9341232 ], [ 81.4099459, 20.9360671 ], [ 81.4060915, 20.9355552 ], [ 81.4048496, 20.9401026 ], [ 81.414992, 20.9469501 ], [ 81.41508, 20.9485609 ], [ 81.4170959, 20.9486581 ], [ 81.4169736, 20.950437 ], [ 81.4215769, 20.9504043 ], [ 81.4279964, 20.9633996 ], [ 81.4254017, 20.9637566 ], [ 81.4254671, 20.9667519 ], [ 81.4206179, 20.9676732 ], [ 81.4207594, 20.9693334 ], [ 81.4177372, 20.9693952 ], [ 81.4179061, 20.9703074 ], [ 81.412767, 20.9708045 ], [ 81.412794, 20.9716682 ], [ 81.4101667, 20.9723077 ], [ 81.410466, 20.9738501 ], [ 81.4089372, 20.9747118 ], [ 81.4086956, 20.9771745 ], [ 81.406878, 20.9778178 ], [ 81.4040784, 20.9822108 ], [ 81.4060158, 20.9842625 ], [ 81.4134747, 20.9849976 ], [ 81.4208285, 20.9875347 ], [ 81.4216972, 20.9894039 ], [ 81.4215815, 20.9934425 ], [ 81.4211333, 20.996155 ], [ 81.4204256, 20.9961118 ], [ 81.4205724, 20.9982538 ], [ 81.4198516, 20.9986428 ], [ 81.4200739, 21.0063522 ], [ 81.4120999, 21.0055612 ], [ 81.4075227, 21.0087913 ], [ 81.4036955, 21.0087227 ], [ 81.4013892, 21.0145748 ], [ 81.4002449, 21.0157027 ], [ 81.3954415, 21.0152629 ], [ 81.3940719, 21.0158622 ], [ 81.394991, 21.0193542 ], [ 81.394222, 21.0212398 ], [ 81.3924759, 21.0211735 ], [ 81.3922512, 21.0249975 ], [ 81.3909753, 21.0249623 ], [ 81.3892293, 21.0277675 ], [ 81.3895115, 21.0330025 ], [ 81.3914844, 21.0387301 ], [ 81.3902836, 21.0397701 ], [ 81.3891746, 21.0431713 ], [ 81.3896799, 21.0472621 ], [ 81.3888731, 21.0485662 ], [ 81.3896227, 21.0533445 ], [ 81.390655, 21.0542784 ], [ 81.3902218, 21.0559879 ], [ 81.3890207, 21.05701 ], [ 81.3777746, 21.0562162 ], [ 81.3716773, 21.0543929 ], [ 81.3712992, 21.0504869 ], [ 81.3703519, 21.0499943 ], [ 81.3697377, 21.0438245 ], [ 81.372123, 21.0440452 ], [ 81.3687009, 21.0392266 ], [ 81.3655793, 21.0380044 ], [ 81.3606761, 21.0392688 ], [ 81.3579353, 21.0367613 ], [ 81.3536778, 21.0371341 ], [ 81.3523045, 21.0377462 ], [ 81.3512638, 21.0404296 ], [ 81.348248, 21.0415413 ], [ 81.3398864, 21.0374963 ], [ 81.3290404, 21.0365607 ], [ 81.3202229, 21.0376819 ], [ 81.3139072, 21.0399854 ], [ 81.3078211, 21.0410521 ], [ 81.3043935, 21.0405079 ], [ 81.3019824, 21.0442636 ], [ 81.3011868, 21.0621959 ], [ 81.2969785, 21.0601332 ], [ 81.2939051, 21.0569881 ], [ 81.2902348, 21.0559157 ], [ 81.2897399, 21.0541224 ], [ 81.2855502, 21.0519779 ], [ 81.2837731, 21.0489351 ], [ 81.2809604, 21.0498377 ], [ 81.2788692, 21.0490717 ], [ 81.2723015, 21.0492889 ], [ 81.2733654, 21.0458606 ], [ 81.2728029, 21.0423458 ], [ 81.2732983, 21.040622 ], [ 81.2707199, 21.0370128 ], [ 81.265136, 21.0414607 ], [ 81.2598603, 21.0423188 ], [ 81.2483506, 21.0414207 ], [ 81.2438703, 21.0428055 ], [ 81.2403873, 21.0420985 ], [ 81.2404266, 21.0444517 ], [ 81.2394546, 21.0453672 ], [ 81.2351022, 21.0467995 ], [ 81.2242633, 21.0468981 ], [ 81.2193981, 21.0284618 ], [ 81.2087007, 21.0281582 ], [ 81.2067286, 21.0367439 ], [ 81.2003744, 21.0369316 ], [ 81.1917617, 21.0393489 ], [ 81.1952211, 21.0507302 ], [ 81.1963224, 21.0576333 ], [ 81.1924932, 21.0588032 ], [ 81.192374, 21.0685531 ], [ 81.1914044, 21.0715798 ], [ 81.1795724, 21.0710912 ], [ 81.1786197, 21.069456 ], [ 81.1775853, 21.069298 ], [ 81.1583057, 21.0697764 ], [ 81.1579934, 21.0727545 ], [ 81.1591536, 21.078573 ], [ 81.1548474, 21.076561 ], [ 81.1550083, 21.0824577 ], [ 81.154075, 21.0831488 ], [ 81.1543065, 21.0857996 ], [ 81.1533014, 21.0887984 ], [ 81.151598, 21.0892007 ], [ 81.15297, 21.0918558 ], [ 81.1593514, 21.0946771 ], [ 81.1629284, 21.1007911 ], [ 81.1661918, 21.1031025 ], [ 81.1714277, 21.1031463 ], [ 81.1791653, 21.1008454 ], [ 81.1828795, 21.0985183 ], [ 81.1879011, 21.0928625 ], [ 81.1897581, 21.0918773 ], [ 81.1945849, 21.0923405 ], [ 81.2028744, 21.0982528 ], [ 81.2054398, 21.0991143 ], [ 81.2061491, 21.1026003 ], [ 81.2071503, 21.1029384 ], [ 81.2074445, 21.1041576 ], [ 81.2065047, 21.1105528 ], [ 81.1981035, 21.1139165 ], [ 81.1952302, 21.1137597 ], [ 81.1962461, 21.1144954 ], [ 81.1966478, 21.1192099 ], [ 81.1980007, 21.1202389 ], [ 81.1955418, 21.1212471 ], [ 81.1964229, 21.1218293 ], [ 81.1968619, 21.1240645 ], [ 81.1993605, 21.1252511 ], [ 81.206046, 21.1252526 ], [ 81.2074702, 21.1244977 ], [ 81.2085249, 21.125414 ], [ 81.2089924, 21.1266917 ], [ 81.2080017, 21.1280696 ], [ 81.2085561, 21.1296228 ], [ 81.2080177, 21.1308695 ], [ 81.2092165, 21.1314153 ], [ 81.2087505, 21.1330594 ], [ 81.2096224, 21.1342647 ], [ 81.2086845, 21.13548 ], [ 81.2092775, 21.1371551 ], [ 81.2079116, 21.1392151 ], [ 81.208092, 21.1432207 ], [ 81.2097626, 21.1435269 ], [ 81.2102177, 21.1481601 ], [ 81.2136506, 21.1491157 ], [ 81.2148295, 21.1483022 ], [ 81.2147608, 21.154164 ], [ 81.2139486, 21.1564811 ], [ 81.2148595, 21.1581154 ], [ 81.2146825, 21.160116 ], [ 81.2166326, 21.1682618 ], [ 81.2148731, 21.1726387 ], [ 81.2082145, 21.172886 ], [ 81.2071414, 21.1736994 ], [ 81.2086127, 21.1871743 ], [ 81.2073192, 21.190449 ], [ 81.2053836, 21.1908294 ], [ 81.2036128, 21.193043 ], [ 81.1961555, 21.1964559 ], [ 81.1978846, 21.2069141 ], [ 81.198911, 21.2081827 ], [ 81.1987205, 21.2219789 ], [ 81.1909654, 21.2200945 ], [ 81.1891066, 21.2206281 ], [ 81.1887976, 21.2189302 ], [ 81.1872087, 21.2200146 ], [ 81.187088, 21.2190708 ], [ 81.1858983, 21.2187823 ], [ 81.1863647, 21.2172512 ], [ 81.1791838, 21.2167433 ], [ 81.1771036, 21.2179678 ], [ 81.1757118, 21.2181489 ], [ 81.1756104, 21.2171329 ], [ 81.1743726, 21.2171829 ], [ 81.1688682, 21.2187695 ], [ 81.1643453, 21.2164675 ], [ 81.1566009, 21.2157511 ], [ 81.1557097, 21.2149881 ], [ 81.1561185, 21.2119488 ], [ 81.1549767, 21.2103052 ], [ 81.1484226, 21.2120991 ], [ 81.149776, 21.2132143 ], [ 81.1493338, 21.2177078 ], [ 81.1502444, 21.2199836 ], [ 81.1502408, 21.2269427 ], [ 81.1540171, 21.228053 ], [ 81.1556883, 21.2276373 ], [ 81.1596238, 21.229339 ], [ 81.1617912, 21.2292211 ], [ 81.1615844, 21.2306798 ], [ 81.1636665, 21.2356786 ], [ 81.1591926, 21.2391297 ], [ 81.1548907, 21.2371299 ], [ 81.1484413, 21.2387567 ], [ 81.1489384, 21.2448396 ], [ 81.1519066, 21.2494092 ], [ 81.1547827, 21.2505874 ], [ 81.1631164, 21.2504954 ], [ 81.1655886, 21.2658683 ], [ 81.1635273, 21.2772495 ], [ 81.1606385, 21.2835372 ], [ 81.1623963, 21.2940251 ], [ 81.1637671, 21.2949324 ], [ 81.1680597, 21.2955443 ], [ 81.1720014, 21.2942888 ], [ 81.1727494, 21.2956861 ], [ 81.1740287, 21.2960589 ], [ 81.1754156, 21.2978556 ], [ 81.1765597, 21.303627 ], [ 81.1776371, 21.3185755 ], [ 81.1847594, 21.3193577 ], [ 81.1858975, 21.3215427 ], [ 81.1851768, 21.3270884 ], [ 81.1863555, 21.3304067 ], [ 81.1861791, 21.3338062 ], [ 81.1884397, 21.3340718 ], [ 81.1923845, 21.3324844 ], [ 81.1931248, 21.3346162 ], [ 81.1964572, 21.3357479 ], [ 81.1960228, 21.3387047 ], [ 81.1927959, 21.3396122 ], [ 81.1926893, 21.3414661 ], [ 81.1918935, 21.3422393 ], [ 81.1891353, 21.3424536 ], [ 81.1881326, 21.343747 ], [ 81.1884145, 21.3547728 ], [ 81.1890907, 21.3568123 ], [ 81.1877473, 21.3597328 ], [ 81.1926607, 21.3637833 ], [ 81.1946104, 21.3699617 ], [ 81.1924533, 21.3876034 ], [ 81.1907049, 21.392735 ], [ 81.1875702, 21.3961998 ], [ 81.1799997, 21.3957889 ], [ 81.1795449, 21.3967884 ], [ 81.1777103, 21.3971222 ], [ 81.1776493, 21.3998162 ], [ 81.1754531, 21.3997366 ], [ 81.1751549, 21.4012958 ], [ 81.1769334, 21.4027077 ], [ 81.1806664, 21.4014391 ], [ 81.1831343, 21.4019985 ], [ 81.1840024, 21.4032775 ], [ 81.1837001, 21.4060225 ], [ 81.1845844, 21.4076607 ], [ 81.1839213, 21.4092856 ], [ 81.1816511, 21.4106917 ], [ 81.17942, 21.4108764 ], [ 81.1770379, 21.4133672 ], [ 81.1772457, 21.416766 ], [ 81.1765293, 21.4192427 ], [ 81.1770636, 21.4240077 ], [ 81.1735513, 21.426923 ], [ 81.1733449, 21.4298143 ], [ 81.1717092, 21.430561 ], [ 81.1723213, 21.4319466 ], [ 81.1711073, 21.4340134 ], [ 81.1721408, 21.4350661 ], [ 81.1717717, 21.4375714 ], [ 81.1744322, 21.4425397 ], [ 81.1765716, 21.4439266 ], [ 81.1783447, 21.4480706 ], [ 81.1790845, 21.4480704 ], [ 81.179778, 21.4567954 ], [ 81.178341, 21.457129 ], [ 81.1783419, 21.4597274 ], [ 81.1766285, 21.4603807 ], [ 81.1774411, 21.4685213 ], [ 81.1801946, 21.4709992 ], [ 81.1816584, 21.4823758 ], [ 81.170998, 21.4848311 ], [ 81.1683163, 21.4848735 ], [ 81.1638418, 21.4835018 ], [ 81.1594106, 21.4862071 ], [ 81.1587942, 21.4884874 ], [ 81.1600981, 21.4910065 ], [ 81.1589741, 21.4925658 ], [ 81.1595204, 21.4952853 ], [ 81.1580972, 21.495752 ], [ 81.1576705, 21.4971379 ], [ 81.1578364, 21.5031241 ], [ 81.1606344, 21.5029296 ], [ 81.1605679, 21.5019173 ], [ 81.1628298, 21.5012393 ], [ 81.167962, 21.501103 ], [ 81.1786719, 21.4965032 ], [ 81.1878017, 21.4962592 ], [ 81.189018, 21.5006931 ], [ 81.192964, 21.5081458 ], [ 81.1929895, 21.5104715 ], [ 81.1942353, 21.5124175 ], [ 81.1954167, 21.5181841 ], [ 81.2008175, 21.5175364 ], [ 81.2015821, 21.5203849 ], [ 81.2037941, 21.5201687 ], [ 81.2045389, 21.5161613 ], [ 81.205544, 21.5153541 ], [ 81.2054283, 21.5139289 ], [ 81.2069215, 21.5128524 ], [ 81.2065474, 21.5116155 ], [ 81.2089015, 21.5087369 ], [ 81.208715, 21.5074208 ], [ 81.2213024, 21.505801 ], [ 81.2234513, 21.5115463 ], [ 81.2222726, 21.5179661 ], [ 81.220809, 21.5187509 ], [ 81.2192082, 21.5217738 ], [ 81.2199275, 21.5219286 ], [ 81.2203346, 21.5292161 ], [ 81.2189285, 21.5323096 ], [ 81.2195493, 21.5333853 ], [ 81.2277091, 21.5330578 ], [ 81.2312582, 21.5307984 ], [ 81.2397909, 21.5297977 ], [ 81.2417574, 21.5305513 ], [ 81.242935, 21.5299588 ], [ 81.2435082, 21.5282373 ], [ 81.2448234, 21.5283742 ], [ 81.2475647, 21.5345541 ], [ 81.2497416, 21.5341929 ], [ 81.2507642, 21.5374179 ], [ 81.2551125, 21.5365191 ], [ 81.255072, 21.5358665 ], [ 81.258518, 21.5348326 ], [ 81.2587225, 21.5355428 ], [ 81.2631731, 21.5347782 ], [ 81.2634393, 21.5353349 ], [ 81.2713844, 21.53395 ], [ 81.2725077, 21.5331734 ], [ 81.2716111, 21.5322757 ], [ 81.2729654, 21.5310939 ], [ 81.2724604, 21.5264232 ], [ 81.2747118, 21.526105 ], [ 81.2744876, 21.524556 ], [ 81.2751643, 21.5244604 ], [ 81.2746125, 21.5218212 ], [ 81.2751361, 21.5206508 ], [ 81.2740083, 21.5206981 ], [ 81.2748097, 21.5181754 ], [ 81.2740819, 21.5180502 ], [ 81.2737767, 21.5146722 ], [ 81.274402, 21.5147302 ], [ 81.2743846, 21.5136023 ], [ 81.2792443, 21.5132727 ], [ 81.2801119, 21.5143542 ], [ 81.3013075, 21.5127335 ], [ 81.3081629, 21.5147807 ], [ 81.3067935, 21.5168446 ], [ 81.3067957, 21.5207835 ], [ 81.3138304, 21.5374167 ], [ 81.3171596, 21.5359914 ], [ 81.3170115, 21.5353318 ], [ 81.3283938, 21.5327656 ], [ 81.330819, 21.5411385 ], [ 81.334669, 21.5405366 ], [ 81.3361929, 21.5394622 ], [ 81.338111, 21.5396106 ], [ 81.3407233, 21.5370949 ], [ 81.3438419, 21.5380068 ], [ 81.34337, 21.53937 ], [ 81.3440784, 21.5398841 ], [ 81.3451757, 21.5393489 ], [ 81.3450159, 21.5382355 ], [ 81.3467531, 21.5380859 ], [ 81.3467986, 21.5392636 ], [ 81.3482436, 21.5396415 ], [ 81.3515798, 21.5378008 ], [ 81.3538092, 21.5384595 ], [ 81.352415, 21.5397285 ], [ 81.3538101, 21.5401143 ], [ 81.355305, 21.5445265 ], [ 81.3612451, 21.5435854 ] ] ] } },
{ "type": "Feature", "properties": { "dtname": "Khairgarh Chhuikhadan Gandai", "stname": "CHHATTISGARH", "dist_lgd": 759, "year_stat": "2022" }, "geometry": { "type": "Polygon", "coordinates": [ [ [ 81.1879751, 21.3604922 ], [ 81.1797087, 21.3628584 ], [ 81.1678976, 21.3639098 ], [ 81.1664616, 21.3608432 ], [ 81.1535589, 21.3608474 ], [ 81.1505257, 21.3562189 ], [ 81.1467488, 21.3545784 ], [ 81.1408938, 21.3556014 ], [ 81.1403769, 21.3533685 ], [ 81.135957, 21.3538531 ], [ 81.1352205, 21.3545814 ], [ 81.1234082, 21.35547 ], [ 81.1225587, 21.3504931 ], [ 81.1198035, 21.3503585 ], [ 81.1185694, 21.3489595 ], [ 81.1179954, 21.349659 ], [ 81.114006, 21.3492552 ], [ 81.1134716, 21.3486104 ], [ 81.1045392, 21.3524133 ], [ 81.1036666, 21.3544221 ], [ 81.1042977, 21.3568972 ], [ 81.103276, 21.3596931 ], [ 81.1025083, 21.3672716 ], [ 81.0973052, 21.3640334 ], [ 81.094494, 21.3603308 ], [ 81.0928672, 21.3601567 ], [ 81.0901269, 21.3577283 ], [ 81.0893518, 21.3582931 ], [ 81.0884623, 21.3572437 ], [ 81.0865967, 21.3570281 ], [ 81.0862627, 21.3583473 ], [ 81.0841103, 21.3574321 ], [ 81.0834506, 21.3557639 ], [ 81.0807816, 21.3550369 ], [ 81.0794046, 21.3528036 ], [ 81.0728706, 21.3531767 ], [ 81.0727563, 21.3519661 ], [ 81.0716658, 21.3515353 ], [ 81.062606, 21.3575591 ], [ 81.0625292, 21.3589831 ], [ 81.0600036, 21.3583903 ], [ 81.0538447, 21.3593557 ], [ 81.0513182, 21.3606728 ], [ 81.0455049, 21.3611523 ], [ 81.0375816, 21.3635965 ], [ 81.038147, 21.3697317 ], [ 81.0258158, 21.3696451 ], [ 81.025557, 21.3703175 ], [ 81.0186381, 21.3718467 ], [ 81.0181382, 21.3671127 ], [ 81.0172203, 21.3661705 ], [ 81.0172226, 21.3630229 ], [ 81.0155984, 21.3625398 ], [ 81.0162192, 21.3550088 ], [ 81.0189173, 21.3547415 ], [ 81.0187749, 21.353181 ], [ 81.019464, 21.3527779 ], [ 81.0155337, 21.344679 ], [ 81.0152201, 21.3419078 ], [ 81.0194546, 21.3354249 ], [ 81.0193416, 21.3330036 ], [ 81.0132132, 21.3317636 ], [ 81.0062504, 21.3328339 ], [ 81.0047883, 21.3310573 ], [ 80.9965594, 21.3277596 ], [ 80.9921172, 21.3230971 ], [ 80.9808598, 21.3242137 ], [ 80.9810487, 21.3200301 ], [ 80.9792124, 21.3113349 ], [ 80.9783171, 21.3112787 ], [ 80.9747694, 21.302982 ], [ 80.9757767, 21.2984088 ], [ 80.9753052, 21.2954731 ], [ 80.9782842, 21.2880667 ], [ 80.9782896, 21.2860829 ], [ 80.9804758, 21.2861891 ], [ 80.9848971, 21.2847497 ], [ 80.9871617, 21.2818713 ], [ 80.9901257, 21.281417 ], [ 80.9929621, 21.2798498 ], [ 80.9939177, 21.2799151 ], [ 80.9939743, 21.2815278 ], [ 80.9963505, 21.2814089 ], [ 80.9973031, 21.2822513 ], [ 81.0013626, 21.2809768 ], [ 81.0067777, 21.2835267 ], [ 81.0096644, 21.2859006 ], [ 81.0133136, 21.2854746 ], [ 81.0162072, 21.2865051 ], [ 81.0182257, 21.2887614 ], [ 81.01916, 21.2863408 ], [ 81.0221249, 21.2825783 ], [ 81.0233528, 21.2792056 ], [ 81.0323205, 21.2797398 ], [ 81.0405749, 21.2815744 ], [ 81.0470466, 21.2775972 ], [ 81.0530057, 21.2767025 ], [ 81.0519579, 21.2666637 ], [ 81.0561038, 21.2662484 ], [ 81.0584224, 21.264234 ], [ 81.0657442, 21.2637961 ], [ 81.0724722, 21.2622721 ], [ 81.0727459, 21.2595915 ], [ 81.0705887, 21.2595547 ], [ 81.0705898, 21.2566627 ], [ 81.0693788, 21.2552784 ], [ 81.0680879, 21.2553048 ], [ 81.0664212, 21.2495595 ], [ 81.0601591, 21.2493315 ], [ 81.0575109, 21.2463861 ], [ 81.0569871, 21.243604 ], [ 81.0543303, 21.2390554 ], [ 81.0442306, 21.2279146 ], [ 81.0379519, 21.2329513 ], [ 81.0336763, 21.2382598 ], [ 81.0283952, 21.2411154 ], [ 81.0239565, 21.2446262 ], [ 81.0193624, 21.2427584 ], [ 81.0155991, 21.2383867 ], [ 81.0155471, 21.2365917 ], [ 81.0130883, 21.2331399 ], [ 81.012888, 21.2305657 ], [ 81.0109391, 21.2281709 ], [ 81.0100792, 21.2252937 ], [ 81.0025577, 21.2232743 ], [ 80.9895379, 21.2229971 ], [ 80.9870499, 21.2285405 ], [ 80.9847117, 21.2308547 ], [ 80.9832314, 21.2370695 ], [ 80.9798946, 21.2353889 ], [ 80.9758254, 21.2380471 ], [ 80.9752317, 21.2367664 ], [ 80.9740433, 21.2366699 ], [ 80.9731677, 21.2343839 ], [ 80.9701404, 21.2372619 ], [ 80.9548556, 21.2387201 ], [ 80.9500942, 21.2365018 ], [ 80.9440846, 21.236225 ], [ 80.9401488, 21.232688 ], [ 80.939971, 21.2351781 ], [ 80.9385907, 21.2368718 ], [ 80.9378623, 21.2399794 ], [ 80.9409635, 21.2464995 ], [ 80.9331557, 21.24442 ], [ 80.9218199, 21.2468287 ], [ 80.9206264, 21.2507107 ], [ 80.9207487, 21.2534577 ], [ 80.9157889, 21.2567875 ], [ 80.9076416, 21.2557991 ], [ 80.9021206, 21.2585311 ], [ 80.884458, 21.2635732 ], [ 80.8827958, 21.2632123 ], [ 80.8783481, 21.2599765 ], [ 80.8726564, 21.2580722 ], [ 80.869698, 21.2586623 ], [ 80.8681453, 21.2577665 ], [ 80.8669361, 21.2582431 ], [ 80.8666938, 21.259568 ], [ 80.8656097, 21.259111 ], [ 80.8653001, 21.262268 ], [ 80.8640708, 21.2635143 ], [ 80.8643077, 21.2663971 ], [ 80.8626709, 21.2684711 ], [ 80.8607239, 21.2692272 ], [ 80.8594035, 21.2721985 ], [ 80.8583579, 21.2728668 ], [ 80.8580347, 21.2764795 ], [ 80.8554272, 21.2804803 ], [ 80.8523249, 21.282837 ], [ 80.8510925, 21.2877671 ], [ 80.8546145, 21.2899218 ], [ 80.8535325, 21.2951069 ], [ 80.8511498, 21.2952958 ], [ 80.8500165, 21.3000723 ], [ 80.8520221, 21.3014479 ], [ 80.8500231, 21.3032632 ], [ 80.8536574, 21.306027 ], [ 80.8516123, 21.3115012 ], [ 80.8532078, 21.3148438 ], [ 80.8503053, 21.3200881 ], [ 80.8520294, 21.3296865 ], [ 80.8518634, 21.3331074 ], [ 80.8497453, 21.3383288 ], [ 80.8414442, 21.3478246 ], [ 80.8386226, 21.3575061 ], [ 80.8366022, 21.3592091 ], [ 80.8355859, 21.361276 ], [ 80.8276673, 21.3658629 ], [ 80.8252044, 21.3685422 ], [ 80.8234824, 21.367172 ], [ 80.8220159, 21.3638836 ], [ 80.8217085, 21.3594529 ], [ 80.8209563, 21.3586485 ], [ 80.8146404, 21.359813 ], [ 80.8127769, 21.3616433 ], [ 80.8078464, 21.3597864 ], [ 80.7952193, 21.3589748 ], [ 80.7932121, 21.3595525 ], [ 80.79393, 21.3609646 ], [ 80.7932675, 21.3612615 ], [ 80.7854618, 21.3571604 ], [ 80.7790305, 21.3557037 ], [ 80.7768857, 21.3519737 ], [ 80.7722029, 21.3513364 ], [ 80.7707141, 21.3483552 ], [ 80.7602217, 21.344043 ], [ 80.7552655, 21.3360813 ], [ 80.754993, 21.3333628 ], [ 80.7533901, 21.3321313 ], [ 80.7487474, 21.3311117 ], [ 80.7447693, 21.3341884 ], [ 80.7411744, 21.3342863 ], [ 80.7391913, 21.3354161 ], [ 80.7332475, 21.33539 ], [ 80.7335929, 21.3403288 ], [ 80.7307442, 21.3406326 ], [ 80.7229412, 21.3385711 ], [ 80.7181312, 21.3425428 ], [ 80.7107031, 21.3422035 ], [ 80.7026813, 21.3403198 ], [ 80.7017754, 21.3409615 ], [ 80.6996738, 21.3406915 ], [ 80.6963663, 21.3390491 ], [ 80.6917777, 21.3391188 ], [ 80.6873708, 21.3361129 ], [ 80.6855687, 21.3373329 ], [ 80.6813368, 21.3376685 ], [ 80.6782044, 21.3393314 ], [ 80.6749798, 21.3395582 ], [ 80.6712425, 21.3383455 ], [ 80.672416, 21.3409634 ], [ 80.6712798, 21.3451906 ], [ 80.6723503, 21.3465179 ], [ 80.6775473, 21.3484266 ], [ 80.6777646, 21.3493432 ], [ 80.6764781, 21.3510145 ], [ 80.6792943, 21.3538541 ], [ 80.6792182, 21.356663 ], [ 80.6818757, 21.3599497 ], [ 80.6801999, 21.364859 ], [ 80.6849266, 21.3701454 ], [ 80.6873949, 21.3699639 ], [ 80.6902933, 21.3720672 ], [ 80.6947279, 21.3802481 ], [ 80.6953666, 21.3849263 ], [ 80.6991063, 21.3909443 ], [ 80.69742, 21.3935823 ], [ 80.6982937, 21.3953476 ], [ 80.7005461, 21.396602 ], [ 80.7010883, 21.4006299 ], [ 80.6999282, 21.4045818 ], [ 80.7038214, 21.4076688 ], [ 80.7068672, 21.4127928 ], [ 80.7071926, 21.4254551 ], [ 80.7057391, 21.4308838 ], [ 80.7068158, 21.4330735 ], [ 80.7142936, 21.4361855 ], [ 80.7243997, 21.4451844 ], [ 80.7260179, 21.4486199 ], [ 80.7300099, 21.4525552 ], [ 80.7349261, 21.4599083 ], [ 80.7374386, 21.4712955 ], [ 80.7371614, 21.4809821 ], [ 80.7328891, 21.4843356 ], [ 80.7290608, 21.494747 ], [ 80.7275998, 21.4961975 ], [ 80.7292906, 21.4989556 ], [ 80.7332111, 21.5006649 ], [ 80.7327172, 21.5038316 ], [ 80.7314503, 21.5055799 ], [ 80.731497, 21.5081802 ], [ 80.7336541, 21.5127928 ], [ 80.7304785, 21.5155981 ], [ 80.7315551, 21.5180173 ], [ 80.7313652, 21.5197945 ], [ 80.7407816, 21.5392259 ], [ 80.7341884, 21.5457742 ], [ 80.7276314, 21.5486881 ], [ 80.7245541, 21.5526675 ], [ 80.7225028, 21.5529307 ], [ 80.7212858, 21.5545971 ], [ 80.719994, 21.5549955 ], [ 80.7198805, 21.556494 ], [ 80.7223783, 21.5599326 ], [ 80.7211688, 21.5612178 ], [ 80.724075, 21.5632956 ], [ 80.7259832, 21.5663521 ], [ 80.7257071, 21.5691047 ], [ 80.728675, 21.5699453 ], [ 80.7289145, 21.572575 ], [ 80.7261281, 21.5771661 ], [ 80.7255025, 21.5800871 ], [ 80.7207197, 21.5831807 ], [ 80.7153557, 21.58505 ], [ 80.7186125, 21.5874336 ], [ 80.7154337, 21.5902964 ], [ 80.7171168, 21.5910412 ], [ 80.7180834, 21.5931967 ], [ 80.7180917, 21.5950782 ], [ 80.7163672, 21.5990689 ], [ 80.718674, 21.5992511 ], [ 80.7187892, 21.6003673 ], [ 80.7170484, 21.6029661 ], [ 80.7207879, 21.6065704 ], [ 80.721912, 21.6095516 ], [ 80.7249784, 21.6095516 ], [ 80.724979, 21.6103773 ], [ 80.7229677, 21.61203 ], [ 80.7234008, 21.6140484 ], [ 80.7307657, 21.6169043 ], [ 80.7290491, 21.6187862 ], [ 80.7290995, 21.6205599 ], [ 80.7316388, 21.62605 ], [ 80.7313448, 21.6266924 ], [ 80.729005, 21.6268621 ], [ 80.7295837, 21.6340329 ], [ 80.7276383, 21.6366641 ], [ 80.7283179, 21.6399978 ], [ 80.7270663, 21.6423515 ], [ 80.7268457, 21.6456234 ], [ 80.7250121, 21.6446459 ], [ 80.7210912, 21.6445271 ], [ 80.7192832, 21.6453709 ], [ 80.7181189, 21.6511511 ], [ 80.7181973, 21.6550055 ], [ 80.7166007, 21.6572071 ], [ 80.7170771, 21.6600815 ], [ 80.7143744, 21.6619163 ], [ 80.7162986, 21.6632752 ], [ 80.715262, 21.6657819 ], [ 80.7180119, 21.6661932 ], [ 80.7191819, 21.6684872 ], [ 80.7189211, 21.6701388 ], [ 80.7159194, 21.6732003 ], [ 80.7159762, 21.6747283 ], [ 80.7214524, 21.6770031 ], [ 80.7228852, 21.6800009 ], [ 80.7253087, 21.6812839 ], [ 80.7297778, 21.6920633 ], [ 80.7309991, 21.6930268 ], [ 80.732996, 21.6926585 ], [ 80.7341365, 21.6945068 ], [ 80.7323293, 21.6981612 ], [ 80.732986, 21.7007449 ], [ 80.7354201, 21.7027299 ], [ 80.7345707, 21.7051158 ], [ 80.7332702, 21.7062462 ], [ 80.7301503, 21.7060175 ], [ 80.725676, 21.7121351 ], [ 80.7267161, 21.7142464 ], [ 80.7320591, 21.7136626 ], [ 80.7339969, 21.720526 ], [ 80.7333822, 21.7277712 ], [ 80.7351357, 21.7296967 ], [ 80.7398651, 21.7320012 ], [ 80.7397349, 21.7330717 ], [ 80.7379749, 21.7343571 ], [ 80.7386241, 21.740253 ], [ 80.7474671, 21.7555445 ], [ 80.7559915, 21.762065 ], [ 80.7593843, 21.7591846 ], [ 80.7644284, 21.7582446 ], [ 80.7665115, 21.7596289 ], [ 80.768634, 21.7585325 ], [ 80.7720338, 21.7585189 ], [ 80.7779249, 21.7547741 ], [ 80.7762663, 21.7536335 ], [ 80.7796258, 21.7507011 ], [ 80.785851, 21.7487643 ], [ 80.7844646, 21.74287 ], [ 80.7854326, 21.7403079 ], [ 80.7926471, 21.7414014 ], [ 80.8032585, 21.744472 ], [ 80.8045083, 21.7466174 ], [ 80.8092636, 21.7484288 ], [ 80.8197392, 21.7480232 ], [ 80.8201687, 21.7540177 ], [ 80.8182803, 21.7536121 ], [ 80.8169369, 21.7544926 ], [ 80.816612, 21.7539873 ], [ 80.8156312, 21.7557294 ], [ 80.8172626, 21.7603893 ], [ 80.8171223, 21.7621332 ], [ 80.8189603, 21.7641938 ], [ 80.8186351, 21.7656047 ], [ 80.82222, 21.7664408 ], [ 80.8227769, 21.76795 ], [ 80.8213303, 21.7680017 ], [ 80.8245757, 21.770446 ], [ 80.8226264, 21.771399 ], [ 80.8240626, 21.7721802 ], [ 80.8227374, 21.7728888 ], [ 80.8235231, 21.7745578 ], [ 80.8268599, 21.7768064 ], [ 80.8282097, 21.7762121 ], [ 80.8286709, 21.777415 ], [ 80.8270908, 21.778629 ], [ 80.8289615, 21.7788379 ], [ 80.8295394, 21.7799379 ], [ 80.8283055, 21.779779 ], [ 80.826524, 21.7815413 ], [ 80.8261784, 21.78298 ], [ 80.8302229, 21.7867811 ], [ 80.8299506, 21.7886755 ], [ 80.8318121, 21.789464 ], [ 80.8311231, 21.7910263 ], [ 80.8320506, 21.7941967 ], [ 80.8338875, 21.7960373 ], [ 80.8366285, 21.7961042 ], [ 80.835673, 21.7971688 ], [ 80.8401484, 21.8020379 ], [ 80.8390415, 21.802245 ], [ 80.8383553, 21.8050584 ], [ 80.8395541, 21.8061552 ], [ 80.8384448, 21.8064098 ], [ 80.8395608, 21.8072121 ], [ 80.8379252, 21.8091742 ], [ 80.8403645, 21.8123958 ], [ 80.8390675, 21.8134794 ], [ 80.8414268, 21.815395 ], [ 80.8404415, 21.8158619 ], [ 80.8411037, 21.8174287 ], [ 80.8404996, 21.8183928 ], [ 80.8428515, 21.821565 ], [ 80.8426057, 21.8241051 ], [ 80.8451743, 21.8287153 ], [ 80.8444911, 21.8301656 ], [ 80.8447158, 21.8317443 ], [ 80.8462067, 21.8328059 ], [ 80.846131, 21.8354777 ], [ 80.8501013, 21.8351015 ], [ 80.8503751, 21.8342121 ], [ 80.8529394, 21.833576 ], [ 80.8554176, 21.8343167 ], [ 80.8576207, 21.8318505 ], [ 80.8589491, 21.831988 ], [ 80.8610123, 21.8307477 ], [ 80.8681029, 21.8310215 ], [ 80.8677757, 21.8292313 ], [ 80.8717585, 21.828171 ], [ 80.8736903, 21.8254432 ], [ 80.8748172, 21.8266038 ], [ 80.8762148, 21.8262515 ], [ 80.8771337, 21.8252671 ], [ 80.8765679, 21.8244272 ], [ 80.8773561, 21.8239757 ], [ 80.8800112, 21.8249329 ], [ 80.8818635, 21.8245941 ], [ 80.884688, 21.8273485 ], [ 80.8864775, 21.8280393 ], [ 80.8913959, 21.8278809 ], [ 80.8931272, 21.8269821 ], [ 80.8942349, 21.8283411 ], [ 80.8956664, 21.8284674 ], [ 80.8972865, 21.827433 ], [ 80.8984135, 21.8286251 ], [ 80.8993899, 21.8260239 ], [ 80.9033799, 21.8264026 ], [ 80.905527, 21.8253727 ], [ 80.9057732, 21.8233903 ], [ 80.9082641, 21.8244509 ], [ 80.9091635, 21.8238908 ], [ 80.9104066, 21.8251188 ], [ 80.9148028, 21.8254474 ], [ 80.9168153, 21.8273253 ], [ 80.9186675, 21.8271442 ], [ 80.9192572, 21.8263629 ], [ 80.9225269, 21.8274141 ], [ 80.9248719, 21.825693 ], [ 80.9301671, 21.8244449 ], [ 80.931945, 21.8201546 ], [ 80.9312576, 21.818353 ], [ 80.9325529, 21.8165147 ], [ 80.9322352, 21.8125723 ], [ 80.9351513, 21.8106604 ], [ 80.9362243, 21.8089626 ], [ 80.9384008, 21.808059 ], [ 80.9424504, 21.8080516 ], [ 80.9457656, 21.8046995 ], [ 80.9463111, 21.80024 ], [ 80.9480454, 21.7959522 ], [ 80.9544034, 21.78567 ], [ 80.9545274, 21.7771117 ], [ 80.9529636, 21.7675462 ], [ 80.9637753, 21.764294 ], [ 80.9719403, 21.7600142 ], [ 80.9733917, 21.7576057 ], [ 80.9762245, 21.7457135 ], [ 80.9808516, 21.7428079 ], [ 80.9858865, 21.737054 ], [ 80.9890203, 21.7357648 ], [ 80.9964441, 21.7290325 ], [ 81.0023786, 21.7273934 ], [ 81.0069885, 21.7330118 ], [ 81.0118227, 21.7365888 ], [ 81.0274804, 21.7415031 ], [ 81.0341118, 21.7388438 ], [ 81.0417566, 21.7383935 ], [ 81.0447193, 21.7370092 ], [ 81.0406789, 21.7293689 ], [ 81.0405832, 21.7275532 ], [ 81.0504789, 21.7268557 ], [ 81.0599262, 21.7237907 ], [ 81.0608923, 21.7243151 ], [ 81.0597368, 21.7255429 ], [ 81.0634382, 21.72536 ], [ 81.0643463, 21.7262322 ], [ 81.0682435, 21.7322323 ], [ 81.0729961, 21.7311244 ], [ 81.0784832, 21.7286201 ], [ 81.0778886, 21.7301057 ], [ 81.078647, 21.7309325 ], [ 81.0787479, 21.733236 ], [ 81.0828503, 21.7326689 ], [ 81.0875566, 21.7333168 ], [ 81.0964816, 21.7300506 ], [ 81.0996994, 21.7331816 ], [ 81.1024534, 21.7344518 ], [ 81.105087, 21.732497 ], [ 81.1090058, 21.7240118 ], [ 81.1172339, 21.7186439 ], [ 81.1191711, 21.7164449 ], [ 81.1222627, 21.7124261 ], [ 81.1229147, 21.7101951 ], [ 81.124079, 21.7095992 ], [ 81.1244072, 21.7067675 ], [ 81.1264166, 21.7042206 ], [ 81.129929, 21.7063077 ], [ 81.1291952, 21.7099794 ], [ 81.1309588, 21.7121475 ], [ 81.1298382, 21.7150519 ], [ 81.1309428, 21.7152754 ], [ 81.1306471, 21.7164186 ], [ 81.151853, 21.7112522 ], [ 81.1541828, 21.7152222 ], [ 81.1578936, 21.7140652 ], [ 81.1584692, 21.7150601 ], [ 81.1626367, 21.7112276 ], [ 81.1688272, 21.7091135 ], [ 81.1688665, 21.7077437 ], [ 81.1713144, 21.7074187 ], [ 81.170962, 21.7052486 ], [ 81.1723686, 21.7043422 ], [ 81.1722716, 21.7029512 ], [ 81.1734111, 21.7011934 ], [ 81.1734195, 21.6991164 ], [ 81.1725314, 21.6990781 ], [ 81.1724628, 21.697804 ], [ 81.1732109, 21.6975187 ], [ 81.1722527, 21.6952364 ], [ 81.1734882, 21.6934923 ], [ 81.1763556, 21.6923385 ], [ 81.1757898, 21.6902139 ], [ 81.1744465, 21.6887953 ], [ 81.1763845, 21.6848014 ], [ 81.173643, 21.6838252 ], [ 81.172751, 21.6825349 ], [ 81.1765713, 21.6781102 ], [ 81.1755348, 21.6750717 ], [ 81.1765978, 21.6717906 ], [ 81.1804514, 21.6714128 ], [ 81.1797187, 21.6673542 ], [ 81.1825644, 21.6672758 ], [ 81.1809224, 21.6632262 ], [ 81.1819188, 21.6619592 ], [ 81.1809717, 21.6563311 ], [ 81.182314, 21.6561514 ], [ 81.1821219, 21.6553031 ], [ 81.1813804, 21.655387 ], [ 81.1810601, 21.6535827 ], [ 81.1790325, 21.652862 ], [ 81.1801854, 21.6513617 ], [ 81.1788858, 21.65026 ], [ 81.177851, 21.6451992 ], [ 81.1831382, 21.640605 ], [ 81.1868856, 21.6389193 ], [ 81.188251, 21.6354958 ], [ 81.1902599, 21.6349351 ], [ 81.1936122, 21.6356788 ], [ 81.194423, 21.6344818 ], [ 81.1920367, 21.6335661 ], [ 81.1922545, 21.6304715 ], [ 81.1907909, 21.6294241 ], [ 81.1868998, 21.6301432 ], [ 81.1856484, 21.6287524 ], [ 81.1819507, 21.6298958 ], [ 81.1804464, 21.6246347 ], [ 81.1775637, 21.6240887 ], [ 81.1764236, 21.6227025 ], [ 81.1750989, 21.6232631 ], [ 81.1764783, 21.6210575 ], [ 81.1763337, 21.6186373 ], [ 81.1774833, 21.6171848 ], [ 81.1788634, 21.6169154 ], [ 81.1782302, 21.6154096 ], [ 81.1805065, 21.6149722 ], [ 81.1788225, 21.6113671 ], [ 81.1763056, 21.6014448 ], [ 81.1778, 21.6004493 ], [ 81.176879, 21.5971957 ], [ 81.1756846, 21.5976549 ], [ 81.172666, 21.5965263 ], [ 81.1707404, 21.5976295 ], [ 81.1700498, 21.5953976 ], [ 81.1674624, 21.5938654 ], [ 81.1655672, 21.5912804 ], [ 81.1625499, 21.5914115 ], [ 81.1576619, 21.5900741 ], [ 81.1558145, 21.5863251 ], [ 81.1533993, 21.583959 ], [ 81.1529965, 21.5821036 ], [ 81.1509545, 21.5801701 ], [ 81.1503526, 21.574923 ], [ 81.1471586, 21.5727784 ], [ 81.1454969, 21.5674848 ], [ 81.1455923, 21.5645345 ], [ 81.1447239, 21.5645227 ], [ 81.142167, 21.5576762 ], [ 81.1398683, 21.5585726 ], [ 81.1388207, 21.5541991 ], [ 81.1401919, 21.5538264 ], [ 81.1397703, 21.5515321 ], [ 81.140677, 21.5514125 ], [ 81.1404411, 21.5493783 ], [ 81.1440381, 21.5482105 ], [ 81.1452165, 21.5500659 ], [ 81.1468833, 21.5505767 ], [ 81.1514009, 21.5503335 ], [ 81.151452, 21.5493121 ], [ 81.1556472, 21.5482894 ], [ 81.1555608, 21.5473482 ], [ 81.1575146, 21.5462453 ], [ 81.1546267, 21.5389317 ], [ 81.1548851, 21.5380173 ], [ 81.1563212, 21.5353816 ], [ 81.1560623, 21.5342253 ], [ 81.1596103, 21.5323964 ], [ 81.1594373, 21.5300031 ], [ 81.1635216, 21.5264263 ], [ 81.1674938, 21.5261386 ], [ 81.167021, 21.5254217 ], [ 81.168196, 21.5250987 ], [ 81.1678126, 21.5243102 ], [ 81.1698369, 21.5244413 ], [ 81.1703091, 21.5236166 ], [ 81.1789982, 21.5253007 ], [ 81.1779366, 21.5236776 ], [ 81.1867844, 21.5208239 ], [ 81.1868128, 21.5201247 ], [ 81.1954167, 21.5181841 ], [ 81.1942353, 21.5124175 ], [ 81.1929895, 21.5104715 ], [ 81.192964, 21.5081458 ], [ 81.189018, 21.5006931 ], [ 81.1878017, 21.4962592 ], [ 81.1786719, 21.4965032 ], [ 81.167962, 21.501103 ], [ 81.1628298, 21.5012393 ], [ 81.1605679, 21.5019173 ], [ 81.1606344, 21.5029296 ], [ 81.1578364, 21.5031241 ], [ 81.157487, 21.5020866 ], [ 81.1576705, 21.4971379 ], [ 81.1580972, 21.495752 ], [ 81.1595204, 21.4952853 ], [ 81.1589741, 21.4925658 ], [ 81.1600981, 21.4910065 ], [ 81.1587942, 21.4884874 ], [ 81.1594106, 21.4862071 ], [ 81.1638418, 21.4835018 ], [ 81.1683163, 21.4848735 ], [ 81.170998, 21.4848311 ], [ 81.1816584, 21.4823758 ], [ 81.1801946, 21.4709992 ], [ 81.1774411, 21.4685213 ], [ 81.1766285, 21.4603807 ], [ 81.1783419, 21.4597274 ], [ 81.178341, 21.457129 ], [ 81.179778, 21.4567954 ], [ 81.1790845, 21.4480704 ], [ 81.1783447, 21.4480706 ], [ 81.1765716, 21.4439266 ], [ 81.1744322, 21.4425397 ], [ 81.1717717, 21.4375714 ], [ 81.1721408, 21.4350661 ], [ 81.1711073, 21.4340134 ], [ 81.1723213, 21.4319466 ], [ 81.1717092, 21.430561 ], [ 81.1733449, 21.4298143 ], [ 81.1735513, 21.426923 ], [ 81.1770636, 21.4240077 ], [ 81.1765293, 21.4192427 ], [ 81.1772457, 21.416766 ], [ 81.1770379, 21.4133672 ], [ 81.17942, 21.4108764 ], [ 81.1816511, 21.4106917 ], [ 81.1839213, 21.4092856 ], [ 81.1845844, 21.4076607 ], [ 81.1837001, 21.4060225 ], [ 81.1840024, 21.4032775 ], [ 81.1831343, 21.4019985 ], [ 81.1806664, 21.4014391 ], [ 81.1769334, 21.4027077 ], [ 81.1751549, 21.4012958 ], [ 81.1754531, 21.3997366 ], [ 81.1776493, 21.3998162 ], [ 81.1777103, 21.3971222 ], [ 81.1795449, 21.3967884 ], [ 81.1799997, 21.3957889 ], [ 81.1875702, 21.3961998 ], [ 81.1907049, 21.392735 ], [ 81.1924533, 21.3876034 ], [ 81.1946104, 21.3699617 ], [ 81.1926607, 21.3637833 ], [ 81.1879751, 21.3604922 ] ] ] } },
{ "type": "Feature", "properties": { "dtname": "Rajnandgaon", "stname": "CHHATTISGARH", "dist_lgd": 388, "year_stat": "2011_c" }, "geometry": { "type": "Polygon", "coordinates": [ [ [ 80.8232743, 20.7646446 ], [ 80.8238353, 20.7670022 ], [ 80.8225099, 20.7689697 ], [ 80.8249244, 20.7698884 ], [ 80.8228449, 20.7708357 ], [ 80.8225851, 20.7719264 ], [ 80.8214866, 20.7719261 ], [ 80.8218385, 20.7746594 ], [ 80.8210902, 20.7764533 ], [ 80.8243398, 20.7772006 ], [ 80.827249, 20.7796394 ], [ 80.8269293, 20.7807217 ], [ 80.8247781, 20.7803192 ], [ 80.8238772, 20.7823283 ], [ 80.8220309, 20.7823996 ], [ 80.8212065, 20.7837772 ], [ 80.8228399, 20.7845785 ], [ 80.8232768, 20.7870656 ], [ 80.8279227, 20.7893146 ], [ 80.8272271, 20.7920274 ], [ 80.8280428, 20.7944256 ], [ 80.8245495, 20.7999299 ], [ 80.8218927, 20.8024671 ], [ 80.8192894, 20.8032386 ], [ 80.8193752, 20.8049051 ], [ 80.8175645, 20.8048865 ], [ 80.8172135, 20.8058121 ], [ 80.8177845, 20.8074065 ], [ 80.8204251, 20.8100313 ], [ 80.8184543, 20.8145016 ], [ 80.8198556, 20.817817 ], [ 80.8189322, 20.8209464 ], [ 80.8216656, 20.8202698 ], [ 80.8234329, 20.8212232 ], [ 80.8217265, 20.8245782 ], [ 80.8225858, 20.8262585 ], [ 80.8254244, 20.8274155 ], [ 80.8245155, 20.830292 ], [ 80.8258588, 20.8359331 ], [ 80.8288119, 20.8400887 ], [ 80.8286906, 20.8438597 ], [ 80.8296841, 20.8471251 ], [ 80.8271419, 20.8494864 ], [ 80.8269198, 20.8528734 ], [ 80.8281782, 20.8542241 ], [ 80.8276974, 20.8551995 ], [ 80.8283406, 20.8571099 ], [ 80.8245499, 20.8570953 ], [ 80.8241266, 20.8587571 ], [ 80.8251774, 20.8626775 ], [ 80.820501, 20.8666593 ], [ 80.8162691, 20.8635598 ], [ 80.8113639, 20.8626097 ], [ 80.8109708, 20.860365 ], [ 80.8116012, 20.8580259 ], [ 80.8105463, 20.8530442 ], [ 80.8109328, 20.847896 ], [ 80.8098675, 20.8450865 ], [ 80.8080666, 20.8436407 ], [ 80.8053944, 20.8458932 ], [ 80.7994918, 20.8425307 ], [ 80.7989691, 20.8404801 ], [ 80.7999075, 20.8372876 ], [ 80.7988566, 20.8349477 ], [ 80.7970271, 20.8335018 ], [ 80.7891493, 20.8326354 ], [ 80.7878899, 20.8340438 ], [ 80.7857376, 20.8344357 ], [ 80.7822485, 20.8373923 ], [ 80.7731236, 20.8478536 ], [ 80.7623078, 20.8553867 ], [ 80.7484188, 20.8606518 ], [ 80.7362038, 20.8622285 ], [ 80.7289188, 20.866165 ], [ 80.7181271, 20.8652936 ], [ 80.7050451, 20.8614531 ], [ 80.6988123, 20.8604219 ], [ 80.6882045, 20.8620352 ], [ 80.6654511, 20.8680394 ], [ 80.6590277, 20.8708523 ], [ 80.6457618, 20.865403 ], [ 80.637803, 20.8609721 ], [ 80.6295916, 20.8591555 ], [ 80.6175114, 20.8530246 ], [ 80.6058814, 20.8485914 ], [ 80.586711, 20.8460106 ], [ 80.5749821, 20.8409365 ], [ 80.5696575, 20.8373251 ], [ 80.5664531, 20.8370548 ], [ 80.5612342, 20.8305841 ], [ 80.5565424, 20.8378442 ], [ 80.5550397, 20.8465824 ], [ 80.5566361, 20.8539262 ], [ 80.5565321, 20.8608856 ], [ 80.5539326, 20.8715787 ], [ 80.5557745, 20.8788549 ], [ 80.5547642, 20.8812978 ], [ 80.5561158, 20.889197 ], [ 80.5525752, 20.8968098 ], [ 80.5480981, 20.911842 ], [ 80.5417761, 20.9239151 ], [ 80.5429385, 20.9253472 ], [ 80.5420274, 20.9302151 ], [ 80.5443059, 20.9300942 ], [ 80.5446175, 20.9315621 ], [ 80.5462757, 20.9319919 ], [ 80.5460578, 20.9350131 ], [ 80.539017, 20.9325846 ], [ 80.5364162, 20.9328542 ], [ 80.5344828, 20.9345874 ], [ 80.524799, 20.9309782 ], [ 80.51907, 20.9298231 ], [ 80.5116096, 20.9300216 ], [ 80.5032686, 20.9313481 ], [ 80.4929457, 20.9293299 ], [ 80.4867066, 20.9296818 ], [ 80.4764672, 20.9284824 ], [ 80.4636334, 20.9292483 ], [ 80.4617515, 20.9333228 ], [ 80.4623589, 20.9363889 ], [ 80.4617457, 20.9398395 ], [ 80.4588047, 20.9416113 ], [ 80.4547164, 20.9465945 ], [ 80.453824, 20.9500272 ], [ 80.4546956, 20.9527951 ], [ 80.4523364, 20.955393 ], [ 80.4491054, 20.9646162 ], [ 80.4474712, 20.9655517 ], [ 80.4453532, 20.9706287 ], [ 80.4438427, 20.9769853 ], [ 80.4455307, 20.9797738 ], [ 80.4447537, 20.9841095 ], [ 80.4428794, 20.9864451 ], [ 80.4435049, 20.9873029 ], [ 80.4437725, 20.9940407 ], [ 80.4351756, 21.0014792 ], [ 80.425806, 21.0059663 ], [ 80.4241716, 21.0092614 ], [ 80.4254325, 21.011668 ], [ 80.4288761, 21.0116941 ], [ 80.4329561, 21.0156894 ], [ 80.4358053, 21.0202316 ], [ 80.4392304, 21.021838 ], [ 80.4388472, 21.0255278 ], [ 80.4401182, 21.0280834 ], [ 80.4447213, 21.0279867 ], [ 80.4494989, 21.030324 ], [ 80.4506373, 21.0368401 ], [ 80.4526443, 21.0388308 ], [ 80.4511984, 21.0428417 ], [ 80.4524135, 21.0484591 ], [ 80.4539978, 21.0513712 ], [ 80.4539314, 21.0530647 ], [ 80.4515565, 21.0564212 ], [ 80.4495027, 21.0572576 ], [ 80.4495572, 21.0602924 ], [ 80.4471819, 21.0632605 ], [ 80.4470189, 21.0644437 ], [ 80.4496626, 21.0691843 ], [ 80.4465229, 21.0734127 ], [ 80.4473432, 21.0782762 ], [ 80.4462763, 21.0811443 ], [ 80.4462922, 21.0841248 ], [ 80.440867, 21.0898353 ], [ 80.4416386, 21.0936013 ], [ 80.4391472, 21.0965603 ], [ 80.4420414, 21.1008539 ], [ 80.4464706, 21.1047991 ], [ 80.4478026, 21.1124215 ], [ 80.4528704, 21.1124328 ], [ 80.4536015, 21.1115564 ], [ 80.4552532, 21.1133529 ], [ 80.4581941, 21.1138708 ], [ 80.4577618, 21.1154652 ], [ 80.4547361, 21.1182756 ], [ 80.4447698, 21.1210664 ], [ 80.4470974, 21.1268911 ], [ 80.4490525, 21.1290127 ], [ 80.4530805, 21.1366429 ], [ 80.4587535, 21.1500527 ], [ 80.4610396, 21.1572726 ], [ 80.4608128, 21.1647601 ], [ 80.4642613, 21.1750276 ], [ 80.4667554, 21.1750444 ], [ 80.4695901, 21.1733042 ], [ 80.4733651, 21.1736813 ], [ 80.4757032, 21.170993 ], [ 80.4786111, 21.1706841 ], [ 80.4807975, 21.1716085 ], [ 80.4867475, 21.1767574 ], [ 80.4920632, 21.1770202 ], [ 80.493606, 21.1795978 ], [ 80.5004455, 21.1827253 ], [ 80.502586, 21.1853191 ], [ 80.5073102, 21.1846269 ], [ 80.5092736, 21.1860147 ], [ 80.512569, 21.1835422 ], [ 80.5149865, 21.1830289 ], [ 80.5165637, 21.186006 ], [ 80.5177578, 21.1928123 ], [ 80.5296292, 21.2053331 ], [ 80.5414397, 21.2010898 ], [ 80.5528817, 21.2007653 ], [ 80.5594688, 21.2021047 ], [ 80.5697681, 21.2058115 ], [ 80.5755054, 21.2149354 ], [ 80.577903, 21.2174921 ], [ 80.5875823, 21.2220963 ], [ 80.5981919, 21.2254762 ], [ 80.6059224, 21.2242037 ], [ 80.6126651, 21.225961 ], [ 80.6148228, 21.2272482 ], [ 80.617019, 21.2292941 ], [ 80.6179195, 21.232821 ], [ 80.6231165, 21.2400918 ], [ 80.6271098, 21.2432439 ], [ 80.6340705, 21.2463416 ], [ 80.6350002, 21.247475 ], [ 80.6392634, 21.2473212 ], [ 80.6438353, 21.2514729 ], [ 80.6470111, 21.2597592 ], [ 80.6487892, 21.2621615 ], [ 80.6496296, 21.2747878 ], [ 80.6506717, 21.2770915 ], [ 80.6533693, 21.2796464 ], [ 80.6552631, 21.2809556 ], [ 80.6590793, 21.2819484 ], [ 80.6588058, 21.2866902 ], [ 80.6598564, 21.2875435 ], [ 80.6612401, 21.2910656 ], [ 80.6623341, 21.291693 ], [ 80.6699665, 21.2911583 ], [ 80.675856, 21.2947512 ], [ 80.6795678, 21.298837 ], [ 80.6788997, 21.303326 ], [ 80.6814706, 21.3095842 ], [ 80.6815637, 21.3135672 ], [ 80.6753386, 21.3177464 ], [ 80.6750556, 21.3214675 ], [ 80.673567, 21.323315 ], [ 80.6713889, 21.324431 ], [ 80.6711965, 21.3256458 ], [ 80.6677459, 21.3265499 ], [ 80.6655582, 21.3282485 ], [ 80.6649471, 21.3318658 ], [ 80.6631403, 21.3343726 ], [ 80.6600452, 21.3340841 ], [ 80.6616321, 21.3361251 ], [ 80.6647655, 21.3375288 ], [ 80.6685395, 21.3372117 ], [ 80.6756257, 21.339558 ], [ 80.6786671, 21.3391822 ], [ 80.6813368, 21.3376685 ], [ 80.6855687, 21.3373329 ], [ 80.6873708, 21.3361129 ], [ 80.6917777, 21.3391188 ], [ 80.6963663, 21.3390491 ], [ 80.6996738, 21.3406915 ], [ 80.7017754, 21.3409615 ], [ 80.7026813, 21.3403198 ], [ 80.7107031, 21.3422035 ], [ 80.7181312, 21.3425428 ], [ 80.7229412, 21.3385711 ], [ 80.7307442, 21.3406326 ], [ 80.7335929, 21.3403288 ], [ 80.7332475, 21.33539 ], [ 80.7391913, 21.3354161 ], [ 80.7411744, 21.3342863 ], [ 80.7447693, 21.3341884 ], [ 80.7487474, 21.3311117 ], [ 80.7533901, 21.3321313 ], [ 80.754993, 21.3333628 ], [ 80.7552655, 21.3360813 ], [ 80.7602217, 21.344043 ], [ 80.7707141, 21.3483552 ], [ 80.7722029, 21.3513364 ], [ 80.7768857, 21.3519737 ], [ 80.7790305, 21.3557037 ], [ 80.7854618, 21.3571604 ], [ 80.7932675, 21.3612615 ], [ 80.79393, 21.3609646 ], [ 80.7932121, 21.3595525 ], [ 80.7952193, 21.3589748 ], [ 80.8078464, 21.3597864 ], [ 80.8127769, 21.3616433 ], [ 80.8146404, 21.359813 ], [ 80.8209563, 21.3586485 ], [ 80.8217085, 21.3594529 ], [ 80.8220159, 21.3638836 ], [ 80.8234824, 21.367172 ], [ 80.8252044, 21.3685422 ], [ 80.8276673, 21.3658629 ], [ 80.8355859, 21.361276 ], [ 80.8366022, 21.3592091 ], [ 80.8386226, 21.3575061 ], [ 80.8414442, 21.3478246 ], [ 80.8497453, 21.3383288 ], [ 80.8518634, 21.3331074 ], [ 80.8520294, 21.3296865 ], [ 80.8503053, 21.3200881 ], [ 80.8532078, 21.3148438 ], [ 80.8516123, 21.3115012 ], [ 80.8536574, 21.306027 ], [ 80.8500231, 21.3032632 ], [ 80.8520221, 21.3014479 ], [ 80.8500165, 21.3000723 ], [ 80.8511498, 21.2952958 ], [ 80.8535325, 21.2951069 ], [ 80.8546145, 21.2899218 ], [ 80.8510925, 21.2877671 ], [ 80.8523249, 21.282837 ], [ 80.8554272, 21.2804803 ], [ 80.8580347, 21.2764795 ], [ 80.8583579, 21.2728668 ], [ 80.8594035, 21.2721985 ], [ 80.8607239, 21.2692272 ], [ 80.8626709, 21.2684711 ], [ 80.8643077, 21.2663971 ], [ 80.8640708, 21.2635143 ], [ 80.8653001, 21.262268 ], [ 80.8656097, 21.259111 ], [ 80.8666938, 21.259568 ], [ 80.8669361, 21.2582431 ], [ 80.8681453, 21.2577665 ], [ 80.869698, 21.2586623 ], [ 80.8726564, 21.2580722 ], [ 80.8783481, 21.2599765 ], [ 80.8827958, 21.2632123 ], [ 80.884458, 21.2635732 ], [ 80.9021206, 21.2585311 ], [ 80.9076416, 21.2557991 ], [ 80.9157889, 21.2567875 ], [ 80.9207487, 21.2534577 ], [ 80.9206264, 21.2507107 ], [ 80.9218199, 21.2468287 ], [ 80.9331557, 21.24442 ], [ 80.9409635, 21.2464995 ], [ 80.9378623, 21.2399794 ], [ 80.9385907, 21.2368718 ], [ 80.939971, 21.2351781 ], [ 80.9401488, 21.232688 ], [ 80.9440846, 21.236225 ], [ 80.9500942, 21.2365018 ], [ 80.9548556, 21.2387201 ], [ 80.9701404, 21.2372619 ], [ 80.9731677, 21.2343839 ], [ 80.9740433, 21.2366699 ], [ 80.9752317, 21.2367664 ], [ 80.9758254, 21.2380471 ], [ 80.9798946, 21.2353889 ], [ 80.9832314, 21.2370695 ], [ 80.9847117, 21.2308547 ], [ 80.9870499, 21.2285405 ], [ 80.9895379, 21.2229971 ], [ 81.0025577, 21.2232743 ], [ 81.0100792, 21.2252937 ], [ 81.0109391, 21.2281709 ], [ 81.012888, 21.2305657 ], [ 81.0130883, 21.2331399 ], [ 81.0155471, 21.2365917 ], [ 81.0155991, 21.2383867 ], [ 81.0193624, 21.2427584 ], [ 81.0239565, 21.2446262 ], [ 81.0283952, 21.2411154 ], [ 81.0336763, 21.2382598 ], [ 81.0379519, 21.2329513 ], [ 81.0442306, 21.2279146 ], [ 81.0543303, 21.2390554 ], [ 81.0569871, 21.243604 ], [ 81.0575109, 21.2463861 ], [ 81.0601591, 21.2493315 ], [ 81.0664212, 21.2495595 ], [ 81.0680879, 21.2553048 ], [ 81.0693788, 21.2552784 ], [ 81.0705898, 21.2566627 ], [ 81.0705887, 21.2595547 ], [ 81.0727459, 21.2595915 ], [ 81.0724722, 21.2622721 ], [ 81.0657442, 21.2637961 ], [ 81.0584224, 21.264234 ], [ 81.0561038, 21.2662484 ], [ 81.0519579, 21.2666637 ], [ 81.0530057, 21.2767025 ], [ 81.0470466, 21.2775972 ], [ 81.0405749, 21.2815744 ], [ 81.0323205, 21.2797398 ], [ 81.0233528, 21.2792056 ], [ 81.0221249, 21.2825783 ], [ 81.01916, 21.2863408 ], [ 81.0182257, 21.2887614 ], [ 81.0162072, 21.2865051 ], [ 81.0133136, 21.2854746 ], [ 81.0096644, 21.2859006 ], [ 81.0067777, 21.2835267 ], [ 81.0013626, 21.2809768 ], [ 80.9973031, 21.2822513 ], [ 80.9963505, 21.2814089 ], [ 80.9939743, 21.2815278 ], [ 80.9939177, 21.2799151 ], [ 80.9929621, 21.2798498 ], [ 80.9901257, 21.281417 ], [ 80.9871617, 21.2818713 ], [ 80.9848971, 21.2847497 ], [ 80.9804758, 21.2861891 ], [ 80.9782896, 21.2860829 ], [ 80.9782842, 21.2880667 ], [ 80.9753052, 21.2954731 ], [ 80.9757767, 21.2984088 ], [ 80.9747694, 21.302982 ], [ 80.9783171, 21.3112787 ], [ 80.9792124, 21.3113349 ], [ 80.9810487, 21.3200301 ], [ 80.9808598, 21.3242137 ], [ 80.9921172, 21.3230971 ], [ 80.9965594, 21.3277596 ], [ 81.0047883, 21.3310573 ], [ 81.0062504, 21.3328339 ], [ 81.0132132, 21.3317636 ], [ 81.0193416, 21.3330036 ], [ 81.0194546, 21.3354249 ], [ 81.0152201, 21.3419078 ], [ 81.0155337, 21.344679 ], [ 81.019464, 21.3527779 ], [ 81.0187749, 21.353181 ], [ 81.0189173, 21.3547415 ], [ 81.0162192, 21.3550088 ], [ 81.0155984, 21.3625398 ], [ 81.0172226, 21.3630229 ], [ 81.0172203, 21.3661705 ], [ 81.0181382, 21.3671127 ], [ 81.0186381, 21.3718467 ], [ 81.025557, 21.3703175 ], [ 81.0258158, 21.3696451 ], [ 81.038147, 21.3697317 ], [ 81.0375816, 21.3635965 ], [ 81.0455049, 21.3611523 ], [ 81.0513182, 21.3606728 ], [ 81.0538447, 21.3593557 ], [ 81.0600036, 21.3583903 ], [ 81.0625292, 21.3589831 ], [ 81.062606, 21.3575591 ], [ 81.0716658, 21.3515353 ], [ 81.0727563, 21.3519661 ], [ 81.0728706, 21.3531767 ], [ 81.0794046, 21.3528036 ], [ 81.0807816, 21.3550369 ], [ 81.0834506, 21.3557639 ], [ 81.0841103, 21.3574321 ], [ 81.0862627, 21.3583473 ], [ 81.0865967, 21.3570281 ], [ 81.0884623, 21.3572437 ], [ 81.0893518, 21.3582931 ], [ 81.0901269, 21.3577283 ], [ 81.0928672, 21.3601567 ], [ 81.094494, 21.3603308 ], [ 81.0973052, 21.3640334 ], [ 81.1025083, 21.3672716 ], [ 81.103276, 21.3596931 ], [ 81.1042977, 21.3568972 ], [ 81.1036666, 21.3544221 ], [ 81.1045392, 21.3524133 ], [ 81.1134716, 21.3486104 ], [ 81.114006, 21.3492552 ], [ 81.1179954, 21.349659 ], [ 81.1185694, 21.3489595 ], [ 81.1198035, 21.3503585 ], [ 81.1225587, 21.3504931 ], [ 81.1234082, 21.35547 ], [ 81.1352205, 21.3545814 ], [ 81.135957, 21.3538531 ], [ 81.1403769, 21.3533685 ], [ 81.1408938, 21.3556014 ], [ 81.1467488, 21.3545784 ], [ 81.1505257, 21.3562189 ], [ 81.1535589, 21.3608474 ], [ 81.1664616, 21.3608432 ], [ 81.1678976, 21.3639098 ], [ 81.1797087, 21.3628584 ], [ 81.1879751, 21.3604922 ], [ 81.1877266, 21.3588383 ], [ 81.1890907, 21.3568123 ], [ 81.1884145, 21.3547728 ], [ 81.1882115, 21.3431602 ], [ 81.1918935, 21.3422393 ], [ 81.1926893, 21.3414661 ], [ 81.1927959, 21.3396122 ], [ 81.1960228, 21.3387047 ], [ 81.1964572, 21.3357479 ], [ 81.1931248, 21.3346162 ], [ 81.1923845, 21.3324844 ], [ 81.1884397, 21.3340718 ], [ 81.1861791, 21.3338062 ], [ 81.1863555, 21.3304067 ], [ 81.1851768, 21.3270884 ], [ 81.1858975, 21.3215427 ], [ 81.1847594, 21.3193577 ], [ 81.1776371, 21.3185755 ], [ 81.1765597, 21.303627 ], [ 81.1754156, 21.2978556 ], [ 81.1740287, 21.2960589 ], [ 81.1727494, 21.2956861 ], [ 81.1720014, 21.2942888 ], [ 81.1680597, 21.2955443 ], [ 81.1637671, 21.2949324 ], [ 81.1623963, 21.2940251 ], [ 81.1606385, 21.2835372 ], [ 81.1635273, 21.2772495 ], [ 81.1655886, 21.2658683 ], [ 81.1631164, 21.2504954 ], [ 81.1547827, 21.2505874 ], [ 81.1519066, 21.2494092 ], [ 81.1489384, 21.2448396 ], [ 81.1484413, 21.2387567 ], [ 81.1548907, 21.2371299 ], [ 81.1591926, 21.2391297 ], [ 81.1636665, 21.2356786 ], [ 81.1615844, 21.2306798 ], [ 81.1617912, 21.2292211 ], [ 81.1596238, 21.229339 ], [ 81.1556883, 21.2276373 ], [ 81.1540171, 21.228053 ], [ 81.1502408, 21.2269427 ], [ 81.1502444, 21.2199836 ], [ 81.1493338, 21.2177078 ], [ 81.149776, 21.2132143 ], [ 81.1484226, 21.2120991 ], [ 81.1549767, 21.2103052 ], [ 81.1561185, 21.2119488 ], [ 81.1557097, 21.2149881 ], [ 81.1566009, 21.2157511 ], [ 81.1643453, 21.2164675 ], [ 81.1688682, 21.2187695 ], [ 81.1743726, 21.2171829 ], [ 81.1756104, 21.2171329 ], [ 81.1757118, 21.2181489 ], [ 81.1771036, 21.2179678 ], [ 81.1791838, 21.2167433 ], [ 81.1863647, 21.2172512 ], [ 81.1858983, 21.2187823 ], [ 81.187088, 21.2190708 ], [ 81.1872087, 21.2200146 ], [ 81.1887976, 21.2189302 ], [ 81.1891066, 21.2206281 ], [ 81.1909654, 21.2200945 ], [ 81.1987205, 21.2219789 ], [ 81.198911, 21.2081827 ], [ 81.1978846, 21.2069141 ], [ 81.1961555, 21.1964559 ], [ 81.2036128, 21.193043 ], [ 81.2053836, 21.1908294 ], [ 81.2073192, 21.190449 ], [ 81.2086127, 21.1871743 ], [ 81.2071414, 21.1736994 ], [ 81.2082145, 21.172886 ], [ 81.2148731, 21.1726387 ], [ 81.2166326, 21.1682618 ], [ 81.2146825, 21.160116 ], [ 81.2148595, 21.1581154 ], [ 81.2139486, 21.1564811 ], [ 81.2147608, 21.154164 ], [ 81.2148295, 21.1483022 ], [ 81.2136506, 21.1491157 ], [ 81.2102177, 21.1481601 ], [ 81.2097626, 21.1435269 ], [ 81.208092, 21.1432207 ], [ 81.2079116, 21.1392151 ], [ 81.2092775, 21.1371551 ], [ 81.2086845, 21.13548 ], [ 81.2096224, 21.1342647 ], [ 81.2087505, 21.1330594 ], [ 81.2092165, 21.1314153 ], [ 81.2080177, 21.1308695 ], [ 81.2085561, 21.1296228 ], [ 81.2080017, 21.1280696 ], [ 81.2089924, 21.1266917 ], [ 81.2085249, 21.125414 ], [ 81.2074702, 21.1244977 ], [ 81.206046, 21.1252526 ], [ 81.1993605, 21.1252511 ], [ 81.1968619, 21.1240645 ], [ 81.1964229, 21.1218293 ], [ 81.1955418, 21.1212471 ], [ 81.1980007, 21.1202389 ], [ 81.1966478, 21.1192099 ], [ 81.1962461, 21.1144954 ], [ 81.1952302, 21.1137597 ], [ 81.1981035, 21.1139165 ], [ 81.2065047, 21.1105528 ], [ 81.2074445, 21.1041576 ], [ 81.2071503, 21.1029384 ], [ 81.2061491, 21.1026003 ], [ 81.2055168, 21.0992181 ], [ 81.2028744, 21.0982528 ], [ 81.1945849, 21.0923405 ], [ 81.1897581, 21.0918773 ], [ 81.1879011, 21.0928625 ], [ 81.1828795, 21.0985183 ], [ 81.1791653, 21.1008454 ], [ 81.1714277, 21.1031463 ], [ 81.1672217, 21.1032648 ], [ 81.1629284, 21.1007911 ], [ 81.1587883, 21.0942121 ], [ 81.1525849, 21.0915127 ], [ 81.151598, 21.0892007 ], [ 81.1533014, 21.0887984 ], [ 81.1543065, 21.0857996 ], [ 81.154075, 21.0831488 ], [ 81.1550083, 21.0824577 ], [ 81.1548474, 21.076561 ], [ 81.1529669, 21.075535 ], [ 81.1517114, 21.0775809 ], [ 81.1503786, 21.0776715 ], [ 81.1478906, 21.075459 ], [ 81.1469231, 21.073165 ], [ 81.1446953, 21.0717201 ], [ 81.1439541, 21.0699725 ], [ 81.1445264, 21.0675428 ], [ 81.147908, 21.0634057 ], [ 81.1482587, 21.0605199 ], [ 81.1511644, 21.0589705 ], [ 81.1511737, 21.0569157 ], [ 81.1480558, 21.0547033 ], [ 81.1464195, 21.0505984 ], [ 81.1417818, 21.0491583 ], [ 81.1397467, 21.0473702 ], [ 81.1394338, 21.0452206 ], [ 81.1409584, 21.042285 ], [ 81.1403809, 21.0396477 ], [ 81.1368786, 21.0365003 ], [ 81.1336506, 21.0315961 ], [ 81.1368205, 21.031221 ], [ 81.1378592, 21.0286242 ], [ 81.1350117, 21.0287554 ], [ 81.1363488, 21.0277798 ], [ 81.1361467, 21.026538 ], [ 81.1351414, 21.025969 ], [ 81.1338233, 21.0230381 ], [ 81.131476, 21.0217512 ], [ 81.1325725, 21.0202473 ], [ 81.1299126, 21.0168649 ], [ 81.1288065, 21.0168153 ], [ 81.1278493, 21.0183372 ], [ 81.1266902, 21.0167114 ], [ 81.1235832, 21.0179037 ], [ 81.1222268, 21.0171314 ], [ 81.1233571, 21.0159075 ], [ 81.128234, 21.0157043 ], [ 81.1259014, 21.0132928 ], [ 81.1236649, 21.0123399 ], [ 81.1226309, 21.0105379 ], [ 81.1207793, 21.0109218 ], [ 81.1206255, 21.0090702 ], [ 81.1221356, 21.0077967 ], [ 81.1218038, 21.0057825 ], [ 81.1204909, 21.0045226 ], [ 81.1187642, 21.0068798 ], [ 81.1174177, 21.0061799 ], [ 81.1177208, 21.0043057 ], [ 81.1167589, 21.0035876 ], [ 81.11484, 21.0040662 ], [ 81.1143686, 21.0067849 ], [ 81.1111081, 21.0032982 ], [ 81.1067125, 21.0030359 ], [ 81.1001284, 21.0052163 ], [ 81.093954, 21.0016838 ], [ 81.0901232, 20.9962167 ], [ 81.0826221, 20.9984219 ], [ 81.0816651, 20.9984949 ], [ 81.081481, 20.9975621 ], [ 81.0793968, 20.9978796 ], [ 81.0791215, 20.9993063 ], [ 81.0748754, 20.9992998 ], [ 81.0746631, 20.9982669 ], [ 81.0730115, 20.9982442 ], [ 81.0729836, 20.9967384 ], [ 81.07187, 20.9965786 ], [ 81.0714734, 20.9945606 ], [ 81.0684959, 20.9947062 ], [ 81.0683838, 20.993839 ], [ 81.0614261, 20.9941647 ], [ 81.0610652, 20.9927387 ], [ 81.0544888, 20.9949627 ], [ 81.0479701, 20.9945428 ], [ 81.0414672, 20.9950681 ], [ 81.0405806, 20.9958606 ], [ 81.0374634, 20.9956341 ], [ 81.0374771, 20.9965137 ], [ 81.0358336, 20.9970479 ], [ 81.0349198, 20.995828 ], [ 81.032836, 20.9958212 ], [ 81.0287684, 20.9940341 ], [ 81.0263575, 20.9941667 ], [ 81.0245137, 20.9926739 ], [ 81.0202811, 20.9936785 ], [ 81.0204791, 20.9944116 ], [ 81.018898, 20.9946704 ], [ 81.0190851, 20.9967521 ], [ 81.0135196, 20.9983401 ], [ 81.0127456, 21.0000253 ], [ 81.0038302, 20.9998578 ], [ 81.0025824, 21.001447 ], [ 81.0006756, 21.0017926 ], [ 80.9976705, 21.003913 ], [ 80.990449, 21.002853 ], [ 80.9877042, 21.0055569 ], [ 80.9889774, 21.0066053 ], [ 80.9875804, 21.0078033 ], [ 80.9854607, 21.0063643 ], [ 80.9722989, 21.0073748 ], [ 80.9732108, 21.0039346 ], [ 80.9720367, 21.0035899 ], [ 80.9600174, 21.0038911 ], [ 80.9534981, 21.0031842 ], [ 80.9536131, 21.0007143 ], [ 80.9526307, 20.9981542 ], [ 80.9538128, 20.9964466 ], [ 80.9526871, 20.9957561 ], [ 80.9546627, 20.9940482 ], [ 80.9540267, 20.9917181 ], [ 80.9552663, 20.9898208 ], [ 80.9547606, 20.9883307 ], [ 80.9566209, 20.9871782 ], [ 80.9569087, 20.9857962 ], [ 80.9559128, 20.9848754 ], [ 80.9558542, 20.98306 ], [ 80.9537903, 20.9811778 ], [ 80.9537332, 20.9823971 ], [ 80.9507663, 20.9823985 ], [ 80.9502611, 20.9816265 ], [ 80.9481454, 20.981817 ], [ 80.9470773, 20.9806252 ], [ 80.9452165, 20.9808699 ], [ 80.9448977, 20.9776591 ], [ 80.9434027, 20.9785268 ], [ 80.9391033, 20.9770653 ], [ 80.9410504, 20.9764413 ], [ 80.9414392, 20.9747883 ], [ 80.9453181, 20.9718874 ], [ 80.9466116, 20.972063 ], [ 80.9533995, 20.9695129 ], [ 80.9531394, 20.9687543 ], [ 80.9492639, 20.9684716 ], [ 80.9491905, 20.9658839 ], [ 80.9476614, 20.9654917 ], [ 80.9465933, 20.9639747 ], [ 80.9447298, 20.9578787 ], [ 80.9442225, 20.9526629 ], [ 80.9421311, 20.9524606 ], [ 80.941394, 20.9486809 ], [ 80.9418113, 20.9467704 ], [ 80.9433535, 20.9446427 ], [ 80.9454936, 20.9463308 ], [ 80.9484362, 20.9473502 ], [ 80.950186, 20.9471191 ], [ 80.9528362, 20.9496153 ], [ 80.9534752, 20.9488292 ], [ 80.9551246, 20.9497904 ], [ 80.9561311, 20.9512788 ], [ 80.9597551, 20.95131 ], [ 80.9629993, 20.9497143 ], [ 80.9611415, 20.9459307 ], [ 80.960595, 20.9404529 ], [ 80.9630443, 20.9363556 ], [ 80.9624501, 20.9312889 ], [ 80.9628802, 20.9268855 ], [ 80.9648072, 20.9262612 ], [ 80.9672861, 20.9239566 ], [ 80.9662749, 20.9209088 ], [ 80.9646354, 20.9201646 ], [ 80.9652882, 20.9187145 ], [ 80.9648374, 20.9123109 ], [ 80.9656421, 20.9077899 ], [ 80.9679481, 20.9062757 ], [ 80.9693399, 20.903195 ], [ 80.9689499, 20.9018946 ], [ 80.9704627, 20.9003537 ], [ 80.9816164, 20.8989381 ], [ 80.9827399, 20.8975826 ], [ 80.9814396, 20.8936815 ], [ 80.9820137, 20.8900773 ], [ 80.9845446, 20.8878266 ], [ 80.9855252, 20.8882595 ], [ 80.9891286, 20.8871462 ], [ 80.9941382, 20.8839453 ], [ 80.9950321, 20.8841344 ], [ 80.9951757, 20.8833214 ], [ 80.9946532, 20.878905 ], [ 80.9900147, 20.8771198 ], [ 80.9881081, 20.8720811 ], [ 80.9848512, 20.866718 ], [ 80.9823125, 20.8642539 ], [ 80.9690853, 20.8572978 ], [ 80.9644494, 20.8580319 ], [ 80.9606142, 20.8560287 ], [ 80.9563235, 20.8556244 ], [ 80.9539565, 20.8495287 ], [ 80.9505292, 20.8457909 ], [ 80.9494036, 20.8430817 ], [ 80.9512721, 20.8424035 ], [ 80.9529419, 20.8385278 ], [ 80.9544403, 20.8377278 ], [ 80.958139, 20.837157 ], [ 80.9618971, 20.839499 ], [ 80.9654546, 20.8357713 ], [ 80.9657392, 20.8297286 ], [ 80.9691754, 20.8246054 ], [ 80.9733665, 20.8282882 ], [ 80.9752259, 20.8288562 ], [ 80.9803923, 20.818624 ], [ 80.9784993, 20.8109567 ], [ 80.974038, 20.8120839 ], [ 80.9701801, 20.8105957 ], [ 80.9690713, 20.8116531 ], [ 80.9675622, 20.8179946 ], [ 80.9608699, 20.8242169 ], [ 80.956652, 20.8233925 ], [ 80.956208, 20.8196262 ], [ 80.959763, 20.8204374 ], [ 80.959555, 20.8179852 ], [ 80.9576082, 20.8151907 ], [ 80.949384, 20.812977 ], [ 80.9482162, 20.8118259 ], [ 80.946384, 20.8070215 ], [ 80.9479291, 20.8040221 ], [ 80.9397761, 20.7980821 ], [ 80.9392461, 20.794361 ], [ 80.9374292, 20.7907307 ], [ 80.9357249, 20.7799422 ], [ 80.9312784, 20.7807973 ], [ 80.9321558, 20.7768905 ], [ 80.9294475, 20.7770223 ], [ 80.9251565, 20.7720567 ], [ 80.926244, 20.7766991 ], [ 80.924718, 20.7798293 ], [ 80.9215594, 20.7824802 ], [ 80.9111196, 20.7829524 ], [ 80.9104945, 20.779579 ], [ 80.9094379, 20.7787437 ], [ 80.904152, 20.7851622 ], [ 80.9006226, 20.7862286 ], [ 80.9001529, 20.7922803 ], [ 80.9070109, 20.7923424 ], [ 80.905308, 20.8019712 ], [ 80.9005388, 20.8020849 ], [ 80.9003285, 20.8080869 ], [ 80.8989837, 20.8081322 ], [ 80.8958855, 20.8068139 ], [ 80.8903374, 20.7993086 ], [ 80.8859957, 20.7985368 ], [ 80.8854628, 20.8018743 ], [ 80.8839597, 20.8038389 ], [ 80.8720919, 20.7961481 ], [ 80.8703776, 20.7865286 ], [ 80.8657339, 20.7846678 ], [ 80.8600173, 20.7793822 ], [ 80.8419324, 20.7694543 ], [ 80.8232743, 20.7646446 ] ] ] } },
{ "type": "Feature", "properties": { "dtname": "Mohla Manpur Ambagarh Chouki", "stname": "CHHATTISGARH", "dist_lgd": 761, "year_stat": "2022" }, "geometry": { "type": "Polygon", "coordinates": [ [ [ 80.8232743, 20.7646446 ], [ 80.8242356, 20.76175 ], [ 80.8221186, 20.7602455 ], [ 80.8192182, 20.7612201 ], [ 80.8177637, 20.7601628 ], [ 80.8170739, 20.7560484 ], [ 80.8209649, 20.750462 ], [ 80.819823, 20.7485603 ], [ 80.8194977, 20.7450286 ], [ 80.8149198, 20.7394495 ], [ 80.8149211, 20.7358682 ], [ 80.8093728, 20.7330165 ], [ 80.8097094, 20.7313952 ], [ 80.8115722, 20.7312469 ], [ 80.8094369, 20.7289248 ], [ 80.8098456, 20.7274391 ], [ 80.8032138, 20.7222112 ], [ 80.8035666, 20.7171804 ], [ 80.8050598, 20.7163951 ], [ 80.805723, 20.7146657 ], [ 80.8101012, 20.7131545 ], [ 80.8081531, 20.711433 ], [ 80.8071845, 20.7092603 ], [ 80.8083611, 20.7078337 ], [ 80.8097341, 20.7074594 ], [ 80.811668, 20.7082821 ], [ 80.8121003, 20.7075912 ], [ 80.8138882, 20.7015808 ], [ 80.8118495, 20.6988162 ], [ 80.8124738, 20.6978137 ], [ 80.8135249, 20.6979632 ], [ 80.8150045, 20.6943146 ], [ 80.814646, 20.6909363 ], [ 80.8165184, 20.6891801 ], [ 80.822365, 20.6858174 ], [ 80.8259406, 20.6851952 ], [ 80.827587, 20.683895 ], [ 80.8299432, 20.684686 ], [ 80.8311095, 20.6843114 ], [ 80.834617, 20.686191 ], [ 80.8467684, 20.6872683 ], [ 80.8521096, 20.6890981 ], [ 80.8566065, 20.688796 ], [ 80.8586317, 20.6895776 ], [ 80.8604267, 20.6883538 ], [ 80.8538582, 20.676489 ], [ 80.8540842, 20.6730703 ], [ 80.8553754, 20.6704916 ], [ 80.862617, 20.6653031 ], [ 80.8726794, 20.6670604 ], [ 80.8751699, 20.66543 ], [ 80.8799633, 20.6592472 ], [ 80.8812923, 20.6561625 ], [ 80.8834131, 20.6553676 ], [ 80.889881, 20.6555026 ], [ 80.8924723, 20.6576295 ], [ 80.8953663, 20.6630171 ], [ 80.8970213, 20.6596522 ], [ 80.8997565, 20.6601532 ], [ 80.9039163, 20.6612914 ], [ 80.9095607, 20.6657336 ], [ 80.9109703, 20.6605034 ], [ 80.9117639, 20.6484133 ], [ 80.9194887, 20.6488089 ], [ 80.9255378, 20.660003 ], [ 80.9274981, 20.6675084 ], [ 80.9389941, 20.6641534 ], [ 80.9444555, 20.6658674 ], [ 80.9494042, 20.6687242 ], [ 80.9536108, 20.6652267 ], [ 80.9601605, 20.66493 ], [ 80.9617772, 20.6641479 ], [ 80.9611036, 20.6609779 ], [ 80.9572671, 20.656048 ], [ 80.9562358, 20.6478244 ], [ 80.9530332, 20.6431606 ], [ 80.953209, 20.6398094 ], [ 80.9583489, 20.6339539 ], [ 80.9583134, 20.6303726 ], [ 80.9599344, 20.6294144 ], [ 80.96382, 20.6290195 ], [ 80.9637582, 20.6300583 ], [ 80.9679513, 20.6301328 ], [ 80.9681894, 20.6272739 ], [ 80.9711274, 20.6229548 ], [ 80.9763177, 20.6226176 ], [ 80.9755719, 20.6193257 ], [ 80.9774943, 20.6175271 ], [ 80.9788297, 20.6131094 ], [ 80.9838935, 20.6107488 ], [ 80.9917513, 20.611552 ], [ 80.9899943, 20.6098189 ], [ 80.9907654, 20.6082197 ], [ 80.9920744, 20.6076 ], [ 80.9927571, 20.6054086 ], [ 80.9992165, 20.6024974 ], [ 81.0014471, 20.5993044 ], [ 81.0044516, 20.5992699 ], [ 81.0065813, 20.5982962 ], [ 81.0040564, 20.592764 ], [ 81.0035734, 20.5844996 ], [ 81.0044418, 20.5836937 ], [ 81.0047, 20.5804775 ], [ 81.0066311, 20.5772995 ], [ 81.0065455, 20.5738097 ], [ 80.998385, 20.5679615 ], [ 80.9944579, 20.5640886 ], [ 80.9885767, 20.5675882 ], [ 80.9892464, 20.565447 ], [ 80.9888751, 20.5627104 ], [ 80.9851941, 20.558463 ], [ 80.9846664, 20.5514811 ], [ 80.9897242, 20.5438995 ], [ 80.9849294, 20.5436677 ], [ 80.9751564, 20.5415375 ], [ 80.9683677, 20.5423949 ], [ 80.9657919, 20.5405536 ], [ 80.9541939, 20.5408123 ], [ 80.9555297, 20.5281253 ], [ 80.9580832, 20.5247865 ], [ 80.9608204, 20.5072077 ], [ 80.9675717, 20.5105238 ], [ 80.9767117, 20.5082695 ], [ 80.9793236, 20.5074143 ], [ 80.9797512, 20.5018273 ], [ 80.9833273, 20.5007415 ], [ 80.9846077, 20.4868767 ], [ 80.9812776, 20.4825144 ], [ 80.9846656, 20.4719539 ], [ 80.9889626, 20.4670928 ], [ 80.9913131, 20.4612363 ], [ 80.9918785, 20.4592906 ], [ 80.990064, 20.4535203 ], [ 80.9891097, 20.4525589 ], [ 80.9832439, 20.4518265 ], [ 80.9800084, 20.4504059 ], [ 80.9784693, 20.4488938 ], [ 80.9806632, 20.4477408 ], [ 80.9801391, 20.4451894 ], [ 80.9741853, 20.4412095 ], [ 80.9711043, 20.4410803 ], [ 80.9663054, 20.4368059 ], [ 80.9612554, 20.4368581 ], [ 80.9578142, 20.4349856 ], [ 80.9454174, 20.4417656 ], [ 80.936835, 20.4398629 ], [ 80.9331445, 20.4369828 ], [ 80.9309933, 20.43725 ], [ 80.9214604, 20.4279627 ], [ 80.9176594, 20.4220788 ], [ 80.9159621, 20.4171834 ], [ 80.9091912, 20.4102613 ], [ 80.9036898, 20.4002541 ], [ 80.900231, 20.3989178 ], [ 80.8983774, 20.4002368 ], [ 80.8951641, 20.3973934 ], [ 80.8931126, 20.3971166 ], [ 80.8914959, 20.3952524 ], [ 80.8911481, 20.3927766 ], [ 80.8894571, 20.3913134 ], [ 80.8872103, 20.3872986 ], [ 80.882296, 20.387615 ], [ 80.8752549, 20.3867977 ], [ 80.8713129, 20.3837582 ], [ 80.8690761, 20.3846839 ], [ 80.8661496, 20.3842638 ], [ 80.8640803, 20.3856322 ], [ 80.8628204, 20.3880348 ], [ 80.8602003, 20.3879127 ], [ 80.8587404, 20.3754311 ], [ 80.855242, 20.3725562 ], [ 80.8543675, 20.3642099 ], [ 80.8510292, 20.3577337 ], [ 80.8508848, 20.3528471 ], [ 80.8477002, 20.3481869 ], [ 80.8423046, 20.3477142 ], [ 80.8355291, 20.3493068 ], [ 80.8285556, 20.3538063 ], [ 80.8234369, 20.3587585 ], [ 80.8202851, 20.3570585 ], [ 80.8179582, 20.3586288 ], [ 80.8121454, 20.3547879 ], [ 80.8130748, 20.3529524 ], [ 80.8204421, 20.3478157 ], [ 80.8263836, 20.3412282 ], [ 80.8257935, 20.3370405 ], [ 80.8233325, 20.3354283 ], [ 80.8223928, 20.3309868 ], [ 80.8284824, 20.323677 ], [ 80.8297685, 20.3193554 ], [ 80.8298105, 20.3083619 ], [ 80.8269927, 20.3052714 ], [ 80.8250713, 20.3004662 ], [ 80.8218738, 20.2970452 ], [ 80.8157934, 20.2956743 ], [ 80.8107109, 20.296318 ], [ 80.8060329, 20.291998 ], [ 80.7894918, 20.2822477 ], [ 80.784286, 20.2827017 ], [ 80.7807986, 20.2850998 ], [ 80.7800671, 20.2861689 ], [ 80.7805756, 20.2909756 ], [ 80.7760569, 20.2941147 ], [ 80.7687558, 20.2932739 ], [ 80.7602678, 20.2889439 ], [ 80.7589288, 20.2917757 ], [ 80.7538907, 20.2924742 ], [ 80.7502722, 20.2914723 ], [ 80.7494063, 20.2892714 ], [ 80.7480703, 20.2885838 ], [ 80.747852, 20.2849889 ], [ 80.7460102, 20.280248 ], [ 80.7467341, 20.2755594 ], [ 80.7402181, 20.2732695 ], [ 80.7331647, 20.2687304 ], [ 80.7275504, 20.2685938 ], [ 80.7270754, 20.2667514 ], [ 80.7287561, 20.2535669 ], [ 80.7318726, 20.2481043 ], [ 80.7316326, 20.2470431 ], [ 80.7339961, 20.2462558 ], [ 80.7363123, 20.2394977 ], [ 80.7336635, 20.2290664 ], [ 80.7335558, 20.2255842 ], [ 80.7279846, 20.215954 ], [ 80.7285224, 20.2116359 ], [ 80.7266813, 20.2055849 ], [ 80.7185458, 20.1939189 ], [ 80.714396, 20.1902447 ], [ 80.710932, 20.1892347 ], [ 80.7044223, 20.1912431 ], [ 80.6880713, 20.1911865 ], [ 80.687733, 20.1946236 ], [ 80.6828211, 20.1980805 ], [ 80.6782304, 20.203714 ], [ 80.677212, 20.2055119 ], [ 80.6772606, 20.2077927 ], [ 80.6718897, 20.2138599 ], [ 80.6662271, 20.2223884 ], [ 80.6543808, 20.2264691 ], [ 80.6502123, 20.2216192 ], [ 80.6442981, 20.2191494 ], [ 80.6456846, 20.2112996 ], [ 80.641129, 20.2039337 ], [ 80.6381195, 20.2012376 ], [ 80.6284507, 20.1957912 ], [ 80.6283023, 20.1941517 ], [ 80.6262548, 20.1934517 ], [ 80.6260156, 20.1907012 ], [ 80.6223225, 20.1886462 ], [ 80.6213035, 20.189545 ], [ 80.6162568, 20.1886144 ], [ 80.6147405, 20.1851953 ], [ 80.6137024, 20.1856604 ], [ 80.6133964, 20.1846804 ], [ 80.6106793, 20.1837498 ], [ 80.6092488, 20.1869428 ], [ 80.605307, 20.1863959 ], [ 80.5958984, 20.1820001 ], [ 80.5907802, 20.1811953 ], [ 80.5885036, 20.1793024 ], [ 80.5842756, 20.1774904 ], [ 80.5765973, 20.1804739 ], [ 80.5752472, 20.1841499 ], [ 80.5738355, 20.1857212 ], [ 80.5672567, 20.1890885 ], [ 80.5653699, 20.1818796 ], [ 80.5660265, 20.1785421 ], [ 80.5685201, 20.1744645 ], [ 80.5669206, 20.1664698 ], [ 80.5690419, 20.1599848 ], [ 80.568752, 20.154461 ], [ 80.5656115, 20.149948 ], [ 80.5665939, 20.1447002 ], [ 80.5641442, 20.1350972 ], [ 80.5604737, 20.1297168 ], [ 80.5590173, 20.1248022 ], [ 80.5574876, 20.1235641 ], [ 80.5551942, 20.1194397 ], [ 80.5520725, 20.1179615 ], [ 80.5428088, 20.1212771 ], [ 80.5403406, 20.1228478 ], [ 80.5309777, 20.1314153 ], [ 80.5172745, 20.1354905 ], [ 80.5124108, 20.1358443 ], [ 80.5112239, 20.1370585 ], [ 80.5099345, 20.1412986 ], [ 80.505164, 20.1445699 ], [ 80.5033855, 20.1439047 ], [ 80.5020122, 20.1449381 ], [ 80.4955194, 20.1454841 ], [ 80.4889902, 20.1438851 ], [ 80.485083, 20.143874 ], [ 80.4768872, 20.1457398 ], [ 80.4661582, 20.1504203 ], [ 80.4601467, 20.1509382 ], [ 80.456645, 20.1493049 ], [ 80.4546534, 20.1452545 ], [ 80.4554484, 20.1379283 ], [ 80.4468012, 20.135999 ], [ 80.4380266, 20.1368272 ], [ 80.4333785, 20.1353303 ], [ 80.4295856, 20.1360956 ], [ 80.4259285, 20.1399312 ], [ 80.4130126, 20.144022 ], [ 80.4052368, 20.1452385 ], [ 80.4024632, 20.1467158 ], [ 80.3997044, 20.1506546 ], [ 80.3959265, 20.1537173 ], [ 80.3885383, 20.165199 ], [ 80.3920305, 20.1704333 ], [ 80.3965894, 20.1738969 ], [ 80.3979635, 20.1829749 ], [ 80.4006865, 20.1897176 ], [ 80.4121065, 20.1944669 ], [ 80.4210051, 20.196172 ], [ 80.4220513, 20.206799 ], [ 80.4182674, 20.2085433 ], [ 80.4154692, 20.2114978 ], [ 80.4118813, 20.212849 ], [ 80.4094179, 20.2156723 ], [ 80.4048349, 20.2187308 ], [ 80.4016827, 20.223993 ], [ 80.3991909, 20.2311565 ], [ 80.3962486, 20.2345488 ], [ 80.3951914, 20.2370104 ], [ 80.3947518, 20.2419334 ], [ 80.3957716, 20.2455374 ], [ 80.3981354, 20.2442725 ], [ 80.4089557, 20.2463076 ], [ 80.4167807, 20.248817 ], [ 80.4220531, 20.2534861 ], [ 80.4368953, 20.2611664 ], [ 80.4472091, 20.2624635 ], [ 80.4669389, 20.2761225 ], [ 80.479132, 20.2782966 ], [ 80.4899113, 20.2782616 ], [ 80.4985025, 20.2749108 ], [ 80.5104587, 20.2685825 ], [ 80.5166968, 20.2661882 ], [ 80.518817, 20.2661669 ], [ 80.5195615, 20.2694237 ], [ 80.5225597, 20.2735399 ], [ 80.5261329, 20.2770016 ], [ 80.5321951, 20.2808574 ], [ 80.5434991, 20.2935271 ], [ 80.5461778, 20.2976608 ], [ 80.5460443, 20.3060342 ], [ 80.5495759, 20.3089579 ], [ 80.5591988, 20.3085101 ], [ 80.5670634, 20.3116969 ], [ 80.5880839, 20.3179172 ], [ 80.5947483, 20.3181126 ], [ 80.6010538, 20.3173187 ], [ 80.6105238, 20.3184037 ], [ 80.6148516, 20.3223874 ], [ 80.6223685, 20.3254092 ], [ 80.6246619, 20.3282139 ], [ 80.6262276, 20.3318586 ], [ 80.6257967, 20.3369215 ], [ 80.6210658, 20.3402094 ], [ 80.6182788, 20.3453852 ], [ 80.618815, 20.3491338 ], [ 80.6151084, 20.3517938 ], [ 80.6146818, 20.3570825 ], [ 80.6159028, 20.3599098 ], [ 80.6094846, 20.3698545 ], [ 80.6107485, 20.375062 ], [ 80.603803, 20.3812397 ], [ 80.5965845, 20.3838356 ], [ 80.5972883, 20.3859585 ], [ 80.5947329, 20.3857997 ], [ 80.5928906, 20.3882256 ], [ 80.5914815, 20.3930708 ], [ 80.5989175, 20.410582 ], [ 80.6000948, 20.4180116 ], [ 80.6045305, 20.4224292 ], [ 80.6081331, 20.4241458 ], [ 80.6116682, 20.4324742 ], [ 80.613642, 20.434981 ], [ 80.6128894, 20.4387114 ], [ 80.6080496, 20.4438777 ], [ 80.6050451, 20.444582 ], [ 80.6026635, 20.4462076 ], [ 80.6021742, 20.4499606 ], [ 80.603803, 20.4530319 ], [ 80.6125954, 20.46193 ], [ 80.6126381, 20.4672954 ], [ 80.6163462, 20.4883598 ], [ 80.6147116, 20.4925599 ], [ 80.616797, 20.5007784 ], [ 80.619295, 20.505854 ], [ 80.6172223, 20.5106598 ], [ 80.6183775, 20.5116444 ], [ 80.618852, 20.5143362 ], [ 80.6173227, 20.5151716 ], [ 80.6189501, 20.518978 ], [ 80.6180752, 20.5206003 ], [ 80.6201653, 20.522172 ], [ 80.6199783, 20.5241412 ], [ 80.6208843, 20.5258935 ], [ 80.6179551, 20.5254508 ], [ 80.6198535, 20.5280297 ], [ 80.6199013, 20.5307756 ], [ 80.6213156, 20.5327989 ], [ 80.6200498, 20.5346596 ], [ 80.6200354, 20.5376223 ], [ 80.6178729, 20.5429335 ], [ 80.6179685, 20.5465781 ], [ 80.6156909, 20.5484116 ], [ 80.615269, 20.5498974 ], [ 80.6177382, 20.5521196 ], [ 80.6184333, 20.55529 ], [ 80.6243072, 20.5557734 ], [ 80.6240627, 20.5590342 ], [ 80.626585, 20.5638124 ], [ 80.6258658, 20.5684551 ], [ 80.6237557, 20.5697242 ], [ 80.6220102, 20.5694216 ], [ 80.6209552, 20.5700629 ], [ 80.6215114, 20.5719372 ], [ 80.621075, 20.5744256 ], [ 80.6247915, 20.5764399 ], [ 80.6255542, 20.5781335 ], [ 80.6217318, 20.5825279 ], [ 80.617708, 20.5843162 ], [ 80.6173483, 20.5857524 ], [ 80.6193384, 20.5878164 ], [ 80.6232281, 20.5892301 ], [ 80.6240578, 20.5920482 ], [ 80.6283217, 20.5964515 ], [ 80.6318616, 20.5984024 ], [ 80.628293, 20.6000917 ], [ 80.6223982, 20.5994639 ], [ 80.6177264, 20.6005929 ], [ 80.6123064, 20.6005067 ], [ 80.6050245, 20.6074251 ], [ 80.6014077, 20.608793 ], [ 80.5951143, 20.6089862 ], [ 80.587531, 20.6076028 ], [ 80.5807674, 20.6083645 ], [ 80.5643933, 20.6036175 ], [ 80.5578309, 20.5943432 ], [ 80.5548675, 20.5928426 ], [ 80.5449719, 20.5901824 ], [ 80.5388381, 20.5849952 ], [ 80.5334433, 20.583922 ], [ 80.5259491, 20.5808153 ], [ 80.5209282, 20.5804781 ], [ 80.5108213, 20.5831499 ], [ 80.5044138, 20.5833534 ], [ 80.502842, 20.5938209 ], [ 80.5015212, 20.5962001 ], [ 80.4984637, 20.5989031 ], [ 80.4967497, 20.6023961 ], [ 80.4941495, 20.6125042 ], [ 80.4942023, 20.6266707 ], [ 80.4956501, 20.6368484 ], [ 80.5179268, 20.6550623 ], [ 80.5212936, 20.6572773 ], [ 80.5307829, 20.6601054 ], [ 80.5423279, 20.6596461 ], [ 80.544909, 20.660284 ], [ 80.5480366, 20.6621824 ], [ 80.5524675, 20.6680915 ], [ 80.5569676, 20.670234 ], [ 80.5630469, 20.6716047 ], [ 80.5801252, 20.6729196 ], [ 80.5836848, 20.6766193 ], [ 80.5872441, 20.6824099 ], [ 80.5876515, 20.6846997 ], [ 80.5866572, 20.6884751 ], [ 80.5818027, 20.6974116 ], [ 80.5748508, 20.7040531 ], [ 80.56729, 20.7073701 ], [ 80.5651527, 20.7107882 ], [ 80.5649838, 20.7133895 ], [ 80.5631556, 20.7171372 ], [ 80.5633927, 20.7189258 ], [ 80.5600825, 20.7258028 ], [ 80.5600429, 20.7283996 ], [ 80.5628442, 20.7340007 ], [ 80.5627599, 20.7473246 ], [ 80.5583622, 20.7518842 ], [ 80.553644, 20.7591444 ], [ 80.5516635, 20.7640345 ], [ 80.55242, 20.7685872 ], [ 80.5511348, 20.7751125 ], [ 80.5521885, 20.7808711 ], [ 80.5491748, 20.7960622 ], [ 80.5513815, 20.8012342 ], [ 80.5539067, 20.8035836 ], [ 80.5555618, 20.8076714 ], [ 80.5585908, 20.8115791 ], [ 80.5590066, 20.8163438 ], [ 80.5617271, 20.8233629 ], [ 80.5612342, 20.8305841 ], [ 80.5664531, 20.8370548 ], [ 80.5696575, 20.8373251 ], [ 80.5749821, 20.8409365 ], [ 80.586711, 20.8460106 ], [ 80.6058814, 20.8485914 ], [ 80.6175114, 20.8530246 ], [ 80.6295916, 20.8591555 ], [ 80.637803, 20.8609721 ], [ 80.6457618, 20.865403 ], [ 80.6590277, 20.8708523 ], [ 80.6654511, 20.8680394 ], [ 80.6882045, 20.8620352 ], [ 80.6988123, 20.8604219 ], [ 80.7050451, 20.8614531 ], [ 80.7181271, 20.8652936 ], [ 80.7289188, 20.866165 ], [ 80.7362038, 20.8622285 ], [ 80.7484188, 20.8606518 ], [ 80.7623078, 20.8553867 ], [ 80.7731236, 20.8478536 ], [ 80.7822485, 20.8373923 ], [ 80.7857376, 20.8344357 ], [ 80.7878899, 20.8340438 ], [ 80.7891493, 20.8326354 ], [ 80.7970271, 20.8335018 ], [ 80.7988566, 20.8349477 ], [ 80.7999075, 20.8372876 ], [ 80.7989691, 20.8404801 ], [ 80.7994918, 20.8425307 ], [ 80.8053944, 20.8458932 ], [ 80.8080666, 20.8436407 ], [ 80.8098675, 20.8450865 ], [ 80.8109328, 20.847896 ], [ 80.8105463, 20.8530442 ], [ 80.8116012, 20.8580259 ], [ 80.8109708, 20.860365 ], [ 80.8113639, 20.8626097 ], [ 80.8162691, 20.8635598 ], [ 80.820501, 20.8666593 ], [ 80.8251774, 20.8626775 ], [ 80.8241266, 20.8587571 ], [ 80.8245499, 20.8570953 ], [ 80.8283406, 20.8571099 ], [ 80.8276974, 20.8551995 ], [ 80.8281782, 20.8542241 ], [ 80.8269198, 20.8528734 ], [ 80.8271419, 20.8494864 ], [ 80.8296841, 20.8471251 ], [ 80.8286906, 20.8438597 ], [ 80.8288119, 20.8400887 ], [ 80.8258588, 20.8359331 ], [ 80.8245155, 20.830292 ], [ 80.8254244, 20.8274155 ], [ 80.8225858, 20.8262585 ], [ 80.8217265, 20.8245782 ], [ 80.8234329, 20.8212232 ], [ 80.8216656, 20.8202698 ], [ 80.8189322, 20.8209464 ], [ 80.8198556, 20.817817 ], [ 80.8184543, 20.8145016 ], [ 80.8204251, 20.8100313 ], [ 80.8177845, 20.8074065 ], [ 80.8172135, 20.8058121 ], [ 80.8175645, 20.8048865 ], [ 80.8193752, 20.8049051 ], [ 80.8192894, 20.8032386 ], [ 80.8218927, 20.8024671 ], [ 80.8245495, 20.7999299 ], [ 80.8280428, 20.7944256 ], [ 80.8272271, 20.7920274 ], [ 80.8279227, 20.7893146 ], [ 80.8232768, 20.7870656 ], [ 80.8228399, 20.7845785 ], [ 80.8212065, 20.7837772 ], [ 80.8220309, 20.7823996 ], [ 80.8238772, 20.7823283 ], [ 80.8247781, 20.7803192 ], [ 80.8269293, 20.7807217 ], [ 80.827249, 20.7796394 ], [ 80.8243398, 20.7772006 ], [ 80.8210902, 20.7764533 ], [ 80.8218385, 20.7746594 ], [ 80.8214866, 20.7719261 ], [ 80.8225851, 20.7719264 ], [ 80.8228449, 20.7708357 ], [ 80.8249244, 20.7698884 ], [ 80.8225099, 20.7689697 ], [ 80.8238353, 20.7670022 ], [ 80.8232743, 20.7646446 ] ] ] } },
{ "type": "Feature", "properties": { "dtname": "Korea", "stname": "CHHATTISGARH", "dist_lgd": 384, "year_stat": "2011_c" }, "geometry": { "type": "Polygon", "coordinates": [ [ [ 82.6077064, 23.1433987 ], [ 82.5875473, 23.1451109 ], [ 82.5734869, 23.1437706 ], [ 82.552227, 23.1458279 ], [ 82.5320364, 23.1515974 ], [ 82.5199585, 23.1526808 ], [ 82.5140524, 23.1513575 ], [ 82.5027059, 23.1547014 ], [ 82.4987754, 23.1577409 ], [ 82.4969229, 23.1581794 ], [ 82.4954126, 23.1627633 ], [ 82.491931, 23.1630512 ], [ 82.4849271, 23.1691505 ], [ 82.4841577, 23.177483 ], [ 82.480783, 23.1813292 ], [ 82.478365, 23.1812363 ], [ 82.4769019, 23.1828438 ], [ 82.4733938, 23.182405 ], [ 82.4683863, 23.1837186 ], [ 82.4653189, 23.1854452 ], [ 82.4641398, 23.1900044 ], [ 82.455893, 23.1930657 ], [ 82.4489464, 23.1934943 ], [ 82.4356087, 23.1989248 ], [ 82.4280482, 23.2000265 ], [ 82.4255145, 23.2080402 ], [ 82.4203943, 23.216745 ], [ 82.4233708, 23.2190582 ], [ 82.4236933, 23.2219068 ], [ 82.4257904, 23.2231257 ], [ 82.427938, 23.2231901 ], [ 82.4285121, 23.2213137 ], [ 82.4304065, 23.2231893 ], [ 82.4285137, 23.2252851 ], [ 82.4245574, 23.2257867 ], [ 82.4259114, 23.2292886 ], [ 82.4306944, 23.2362287 ], [ 82.4272117, 23.2415246 ], [ 82.4214653, 23.2443217 ], [ 82.4172788, 23.2450105 ], [ 82.4148943, 23.2485727 ], [ 82.4125968, 23.2497124 ], [ 82.4088335, 23.2494489 ], [ 82.4065806, 23.2458462 ], [ 82.3987078, 23.2458125 ], [ 82.3921706, 23.2429144 ], [ 82.3809839, 23.2409103 ], [ 82.374673, 23.2372649 ], [ 82.3593124, 23.2374419 ], [ 82.3552934, 23.2316007 ], [ 82.355699, 23.2297892 ], [ 82.3582223, 23.2306796 ], [ 82.3591851, 23.2294147 ], [ 82.3643189, 23.2309756 ], [ 82.3676891, 23.2270885 ], [ 82.3581229, 23.2230166 ], [ 82.3566955, 23.2255324 ], [ 82.3507483, 23.2230979 ], [ 82.3461935, 23.2144044 ], [ 82.3429128, 23.2102382 ], [ 82.3396668, 23.2100177 ], [ 82.3382127, 23.2142136 ], [ 82.3376486, 23.2260885 ], [ 82.3347289, 23.2267462 ], [ 82.3331342, 23.2280117 ], [ 82.3301049, 23.2276503 ], [ 82.3254265, 23.2335759 ], [ 82.3296266, 23.236305 ], [ 82.3324045, 23.2356339 ], [ 82.3342672, 23.2373199 ], [ 82.3368219, 23.2370104 ], [ 82.3431218, 23.2425746 ], [ 82.3493979, 23.2425162 ], [ 82.3667695, 23.2456301 ], [ 82.3702431, 23.2452479 ], [ 82.3739924, 23.2482811 ], [ 82.3754545, 23.2505828 ], [ 82.3817138, 23.253015 ], [ 82.3850377, 23.2565077 ], [ 82.3909996, 23.2608979 ], [ 82.3922006, 23.2651279 ], [ 82.3923052, 23.2693033 ], [ 82.3956156, 23.2702705 ], [ 82.3992556, 23.2729606 ], [ 82.4091755, 23.2758077 ], [ 82.4109221, 23.2770419 ], [ 82.4114868, 23.2780954 ], [ 82.4108664, 23.2792423 ], [ 82.406431, 23.281208 ], [ 82.4043552, 23.2836948 ], [ 82.4022065, 23.284035 ], [ 82.4007013, 23.2856723 ], [ 82.3993919, 23.2847102 ], [ 82.3961301, 23.2853911 ], [ 82.3969258, 23.2895346 ], [ 82.3992138, 23.2893024 ], [ 82.4028169, 23.2922316 ], [ 82.407881, 23.2945015 ], [ 82.424398, 23.2955566 ], [ 82.4270844, 23.2950098 ], [ 82.4272249, 23.2961194 ], [ 82.4271094, 23.2968873 ], [ 82.4231718, 23.2972583 ], [ 82.4233638, 23.3048058 ], [ 82.4209101, 23.3052666 ], [ 82.4209628, 23.3088205 ], [ 82.4229659, 23.3103792 ], [ 82.4237763, 23.3139969 ], [ 82.4222784, 23.3160303 ], [ 82.4122066, 23.3161934 ], [ 82.4097904, 23.3193134 ], [ 82.4058365, 23.3197611 ], [ 82.3994673, 23.3243892 ], [ 82.3955091, 23.3249703 ], [ 82.3933648, 23.3227323 ], [ 82.3941395, 23.3185478 ], [ 82.3959571, 23.315388 ], [ 82.3963055, 23.3116383 ], [ 82.3979951, 23.3091852 ], [ 82.3981115, 23.3060645 ], [ 82.3934602, 23.305823 ], [ 82.3901687, 23.3065121 ], [ 82.3895707, 23.3074863 ], [ 82.3899186, 23.3104149 ], [ 82.3741444, 23.3076465 ], [ 82.3710873, 23.3077513 ], [ 82.3772044, 23.3241517 ], [ 82.3737761, 23.3321878 ], [ 82.3748512, 23.3398771 ], [ 82.3690846, 23.3410223 ], [ 82.3639555, 23.3436519 ], [ 82.3667719, 23.3465621 ], [ 82.366883, 23.3494488 ], [ 82.3622209, 23.3508604 ], [ 82.3611427, 23.3520846 ], [ 82.3637679, 23.3655395 ], [ 82.3604075, 23.3731511 ], [ 82.36196, 23.3735869 ], [ 82.363153, 23.3754908 ], [ 82.3584603, 23.3790788 ], [ 82.3563034, 23.3796699 ], [ 82.3551199, 23.3791416 ], [ 82.353584, 23.3801978 ], [ 82.3501752, 23.3799129 ], [ 82.3499108, 23.3812357 ], [ 82.3484237, 23.3825944 ], [ 82.3399326, 23.3844032 ], [ 82.3390859, 23.3864843 ], [ 82.3363322, 23.3867545 ], [ 82.3304128, 23.3903376 ], [ 82.3339148, 23.3907585 ], [ 82.3428437, 23.4009593 ], [ 82.3475294, 23.4031815 ], [ 82.3477632, 23.4083148 ], [ 82.3577314, 23.4197158 ], [ 82.3590763, 23.4233368 ], [ 82.3588314, 23.4256844 ], [ 82.3493545, 23.426121 ], [ 82.3474952, 23.427105 ], [ 82.3437157, 23.4320807 ], [ 82.3435776, 23.4335014 ], [ 82.3459269, 23.4354741 ], [ 82.3432354, 23.4363631 ], [ 82.3430696, 23.4384399 ], [ 82.3473503, 23.4419087 ], [ 82.3465322, 23.4465677 ], [ 82.3491498, 23.4480716 ], [ 82.3475772, 23.457182 ], [ 82.3451544, 23.4591274 ], [ 82.343143, 23.4594972 ], [ 82.3420126, 23.4590996 ], [ 82.3423458, 23.4576505 ], [ 82.3413966, 23.4566796 ], [ 82.3385523, 23.4608687 ], [ 82.336154, 23.4619561 ], [ 82.333972, 23.459775 ], [ 82.3356315, 23.4579469 ], [ 82.3353028, 23.4563637 ], [ 82.3316132, 23.4582312 ], [ 82.3294995, 23.4579689 ], [ 82.3283724, 23.4595014 ], [ 82.3272329, 23.4597566 ], [ 82.3242791, 23.4588866 ], [ 82.3259662, 23.4574375 ], [ 82.3256639, 23.4566175 ], [ 82.322043, 23.4546107 ], [ 82.320337, 23.4548597 ], [ 82.3158906, 23.4601212 ], [ 82.3159352, 23.4638444 ], [ 82.3132004, 23.4742601 ], [ 82.3134322, 23.4759762 ], [ 82.3071662, 23.4752599 ], [ 82.3050695, 23.4790456 ], [ 82.3073017, 23.4795598 ], [ 82.3076564, 23.4811576 ], [ 82.3102426, 23.4810594 ], [ 82.3108651, 23.4829697 ], [ 82.312575, 23.483811 ], [ 82.3126131, 23.4848479 ], [ 82.3100787, 23.4844621 ], [ 82.306906, 23.4860366 ], [ 82.3038531, 23.4833084 ], [ 82.3022458, 23.4867388 ], [ 82.2970718, 23.4871155 ], [ 82.2922346, 23.4890047 ], [ 82.2930118, 23.4907342 ], [ 82.2915033, 23.4922504 ], [ 82.2895664, 23.4897843 ], [ 82.2872557, 23.4903112 ], [ 82.286116, 23.4891684 ], [ 82.2839911, 23.4898669 ], [ 82.2839038, 23.4958488 ], [ 82.2889603, 23.5005411 ], [ 82.3012203, 23.5090078 ], [ 82.3052397, 23.508802 ], [ 82.3147302, 23.5240474 ], [ 82.312329, 23.5285657 ], [ 82.3137463, 23.534196 ], [ 82.3134596, 23.5400017 ], [ 82.3125429, 23.5423219 ], [ 82.2947303, 23.555185 ], [ 82.2551614, 23.5701754 ], [ 82.2485252, 23.5749737 ], [ 82.2484879, 23.5755177 ], [ 82.2535828, 23.5771583 ], [ 82.252702, 23.5815639 ], [ 82.2550109, 23.5795431 ], [ 82.2573917, 23.5792154 ], [ 82.2573066, 23.5813056 ], [ 82.2582655, 23.5825523 ], [ 82.2577194, 23.5852742 ], [ 82.260515, 23.5868609 ], [ 82.2569416, 23.5896799 ], [ 82.2568271, 23.5916843 ], [ 82.2597986, 23.5939664 ], [ 82.262733, 23.5938557 ], [ 82.2637541, 23.5971747 ], [ 82.2648361, 23.5979294 ], [ 82.268365, 23.595828 ], [ 82.2707349, 23.5971795 ], [ 82.2728726, 23.6011854 ], [ 82.2795247, 23.6022144 ], [ 82.2817017, 23.6065226 ], [ 82.2785835, 23.6097577 ], [ 82.2788659, 23.6122093 ], [ 82.2804233, 23.6130726 ], [ 82.2823836, 23.612225 ], [ 82.2849264, 23.6123393 ], [ 82.2891671, 23.6156509 ], [ 82.2903925, 23.614839 ], [ 82.2907227, 23.6117647 ], [ 82.2922708, 23.6119416 ], [ 82.29338, 23.6167051 ], [ 82.2962209, 23.6182415 ], [ 82.2955433, 23.6206565 ], [ 82.2961639, 23.6234739 ], [ 82.3004057, 23.6260584 ], [ 82.299654, 23.629611 ], [ 82.3063222, 23.6310226 ], [ 82.3093216, 23.6299268 ], [ 82.3141971, 23.6300913 ], [ 82.3169817, 23.6269141 ], [ 82.3187733, 23.631154 ], [ 82.319641, 23.6302965 ], [ 82.3197944, 23.6264998 ], [ 82.3210589, 23.6259133 ], [ 82.3236849, 23.6268036 ], [ 82.3268298, 23.6292289 ], [ 82.3296031, 23.6294374 ], [ 82.331749, 23.6305396 ], [ 82.3328852, 23.6325354 ], [ 82.335962, 23.6342607 ], [ 82.3371613, 23.6386266 ], [ 82.336239, 23.6419808 ], [ 82.3325379, 23.6457946 ], [ 82.3393142, 23.6508301 ], [ 82.3449927, 23.6579146 ], [ 82.3447227, 23.6597881 ], [ 82.3395807, 23.6621527 ], [ 82.3379819, 23.6657098 ], [ 82.329417, 23.6721228 ], [ 82.3260871, 23.676826 ], [ 82.3257874, 23.6787039 ], [ 82.3284221, 23.6857746 ], [ 82.3289595, 23.6908807 ], [ 82.3310476, 23.6917797 ], [ 82.3372006, 23.6901425 ], [ 82.3380827, 23.6910953 ], [ 82.337283, 23.6932982 ], [ 82.3333112, 23.6959743 ], [ 82.3328298, 23.6991931 ], [ 82.3303131, 23.7038898 ], [ 82.3275917, 23.7046768 ], [ 82.3241063, 23.7034252 ], [ 82.320988, 23.7036182 ], [ 82.3122437, 23.7091814 ], [ 82.3129532, 23.7123238 ], [ 82.3180375, 23.7127546 ], [ 82.3217827, 23.7148327 ], [ 82.3229488, 23.7170181 ], [ 82.3224083, 23.7199117 ], [ 82.3203678, 23.7215634 ], [ 82.3115218, 23.7218489 ], [ 82.3105757, 23.7212888 ], [ 82.3107583, 23.7187697 ], [ 82.309435, 23.7176496 ], [ 82.3049658, 23.7218687 ], [ 82.3054444, 23.7255438 ], [ 82.3080073, 23.728845 ], [ 82.3066325, 23.7323251 ], [ 82.3067362, 23.734226 ], [ 82.3093131, 23.7359018 ], [ 82.3102242, 23.7381775 ], [ 82.3108259, 23.7411528 ], [ 82.30997, 23.7464345 ], [ 82.3107446, 23.7470397 ], [ 82.3158748, 23.7468025 ], [ 82.3192974, 23.7483206 ], [ 82.3203413, 23.7501945 ], [ 82.3196088, 23.7542414 ], [ 82.3201894, 23.7616409 ], [ 82.3193296, 23.7649678 ], [ 82.3219918, 23.7683005 ], [ 82.3233089, 23.7744768 ], [ 82.3219877, 23.7783543 ], [ 82.316071, 23.7796749 ], [ 82.3121356, 23.7818674 ], [ 82.3119683, 23.7829057 ], [ 82.3145826, 23.7840986 ], [ 82.3158719, 23.7861035 ], [ 82.3144395, 23.796545 ], [ 82.3146717, 23.8036599 ], [ 82.3132036, 23.8060069 ], [ 82.310558, 23.8077484 ], [ 82.3048272, 23.8073938 ], [ 82.3057817, 23.8117236 ], [ 82.3115235, 23.8101957 ], [ 82.3175042, 23.81176 ], [ 82.3187363, 23.8105777 ], [ 82.3308625, 23.8061574 ], [ 82.3339789, 23.8041493 ], [ 82.3346565, 23.8025468 ], [ 82.3368247, 23.8039197 ], [ 82.3385783, 23.8083945 ], [ 82.3394669, 23.8086209 ], [ 82.3417423, 23.8085004 ], [ 82.342677, 23.8071087 ], [ 82.3469123, 23.8049706 ], [ 82.3526509, 23.8035263 ], [ 82.3635161, 23.8080502 ], [ 82.3640459, 23.8099418 ], [ 82.3692422, 23.8090482 ], [ 82.3769326, 23.811027 ], [ 82.3906155, 23.8052011 ], [ 82.3928674, 23.8032415 ], [ 82.3934802, 23.7999007 ], [ 82.423259, 23.8045938 ], [ 82.4343137, 23.8050007 ], [ 82.4354027, 23.8043683 ], [ 82.4357355, 23.802621 ], [ 82.4379048, 23.8037443 ], [ 82.4406519, 23.8027905 ], [ 82.4414082, 23.803973 ], [ 82.4469087, 23.8045484 ], [ 82.4494271, 23.8068405 ], [ 82.4502087, 23.8091877 ], [ 82.4537822, 23.811547 ], [ 82.4586401, 23.8117566 ], [ 82.4649593, 23.8104754 ], [ 82.4692581, 23.8110597 ], [ 82.4712693, 23.810291 ], [ 82.4741131, 23.8074451 ], [ 82.4790578, 23.805952 ], [ 82.4791875, 23.8024577 ], [ 82.4831218, 23.8016243 ], [ 82.484654, 23.7974609 ], [ 82.4880162, 23.7933593 ], [ 82.4889258, 23.7899501 ], [ 82.4974036, 23.7849009 ], [ 82.4989042, 23.7765989 ], [ 82.4976475, 23.7696397 ], [ 82.4979472, 23.7659264 ], [ 82.4992327, 23.7634366 ], [ 82.5029418, 23.7599618 ], [ 82.5087786, 23.7608762 ], [ 82.5127354, 23.7572759 ], [ 82.5156773, 23.7561052 ], [ 82.5217033, 23.7585826 ], [ 82.5251182, 23.7574972 ], [ 82.5279739, 23.7585399 ], [ 82.5298197, 23.758189 ], [ 82.5317916, 23.7601308 ], [ 82.5344991, 23.759795 ], [ 82.5376408, 23.7616678 ], [ 82.5405237, 23.7578716 ], [ 82.5457233, 23.756702 ], [ 82.5460614, 23.7543569 ], [ 82.5488089, 23.7538868 ], [ 82.550286, 23.7496601 ], [ 82.551758, 23.7485367 ], [ 82.5508485, 23.7435387 ], [ 82.5524429, 23.7426094 ], [ 82.551939, 23.7404241 ], [ 82.5533923, 23.7373009 ], [ 82.5580521, 23.7354925 ], [ 82.56024, 23.7354246 ], [ 82.5618928, 23.7337064 ], [ 82.5661445, 23.7338209 ], [ 82.5650929, 23.7277213 ], [ 82.5659324, 23.7255818 ], [ 82.570509, 23.7217641 ], [ 82.5713336, 23.7197238 ], [ 82.5754377, 23.7199238 ], [ 82.5774393, 23.7172473 ], [ 82.5779358, 23.7136539 ], [ 82.5795443, 23.7127199 ], [ 82.5807375, 23.7077677 ], [ 82.5830469, 23.7072898 ], [ 82.5851017, 23.7058141 ], [ 82.5871188, 23.6988577 ], [ 82.5932479, 23.6952654 ], [ 82.5955967, 23.6928551 ], [ 82.5959701, 23.688932 ], [ 82.5983095, 23.6844923 ], [ 82.5982071, 23.6812622 ], [ 82.6014189, 23.6753667 ], [ 82.6010531, 23.6655113 ], [ 82.6031907, 23.6616922 ], [ 82.6003826, 23.6596287 ], [ 82.5923129, 23.6494378 ], [ 82.5935632, 23.6468106 ], [ 82.5910646, 23.6439207 ], [ 82.5893939, 23.6423763 ], [ 82.5852579, 23.6422896 ], [ 82.5806425, 23.6396157 ], [ 82.5788405, 23.6356423 ], [ 82.5781562, 23.6308025 ], [ 82.5744044, 23.6264131 ], [ 82.5751621, 23.6180162 ], [ 82.5796029, 23.6129025 ], [ 82.5765672, 23.6076827 ], [ 82.5785135, 23.6039226 ], [ 82.5771115, 23.5926041 ], [ 82.5779207, 23.5901393 ], [ 82.5775149, 23.5877871 ], [ 82.5760754, 23.5860982 ], [ 82.5781096, 23.5804423 ], [ 82.5817207, 23.5790344 ], [ 82.5834846, 23.5770349 ], [ 82.5782594, 23.5741486 ], [ 82.5785392, 23.5721668 ], [ 82.5798129, 23.5715486 ], [ 82.5784224, 23.5702435 ], [ 82.5825975, 23.5633734 ], [ 82.5826429, 23.5591161 ], [ 82.5852306, 23.5527827 ], [ 82.5801561, 23.5465509 ], [ 82.5828104, 23.5401199 ], [ 82.5891749, 23.5334037 ], [ 82.5968499, 23.5279071 ], [ 82.6036571, 23.5251592 ], [ 82.6051252, 23.520245 ], [ 82.6086421, 23.5184789 ], [ 82.6139515, 23.5127823 ], [ 82.6215393, 23.5136413 ], [ 82.6286982, 23.5096469 ], [ 82.6318804, 23.5048344 ], [ 82.6417717, 23.500558 ], [ 82.644335, 23.4885802 ], [ 82.6429446, 23.4866978 ], [ 82.6433897, 23.4842824 ], [ 82.6463311, 23.4821511 ], [ 82.6473781, 23.479564 ], [ 82.6502166, 23.4782453 ], [ 82.6499715, 23.4761369 ], [ 82.6468094, 23.4741329 ], [ 82.6520844, 23.4693329 ], [ 82.6504102, 23.4670533 ], [ 82.6503659, 23.4656989 ], [ 82.6532475, 23.4615494 ], [ 82.6538341, 23.4584251 ], [ 82.6524679, 23.4541409 ], [ 82.6546631, 23.4455174 ], [ 82.6546234, 23.4429305 ], [ 82.6530516, 23.438091 ], [ 82.6540035, 23.4280998 ], [ 82.6564966, 23.4190337 ], [ 82.6510784, 23.4068089 ], [ 82.6506757, 23.3986463 ], [ 82.6493097, 23.3918067 ], [ 82.6501252, 23.3849577 ], [ 82.6552845, 23.3819816 ], [ 82.6644403, 23.381993 ], [ 82.6674364, 23.3756987 ], [ 82.671109, 23.3749662 ], [ 82.6734162, 23.3718143 ], [ 82.6757435, 23.3702333 ], [ 82.6785704, 23.370729 ], [ 82.6909378, 23.3694105 ], [ 82.6967331, 23.3696833 ], [ 82.7042426, 23.3659324 ], [ 82.7062769, 23.3658501 ], [ 82.707826, 23.3641427 ], [ 82.7149341, 23.3607482 ], [ 82.7182108, 23.36113 ], [ 82.7228395, 23.3647751 ], [ 82.7272507, 23.3649393 ], [ 82.7331653, 23.3617027 ], [ 82.7386023, 23.3607733 ], [ 82.7434268, 23.3584717 ], [ 82.7483461, 23.3548173 ], [ 82.7505103, 23.3509609 ], [ 82.7502416, 23.3465703 ], [ 82.7523588, 23.3434054 ], [ 82.7523525, 23.342153 ], [ 82.7538981, 23.3409835 ], [ 82.7535391, 23.3384361 ], [ 82.7565776, 23.3343512 ], [ 82.7519462, 23.3206086 ], [ 82.7550079, 23.3181256 ], [ 82.7568424, 23.302636 ], [ 82.755931, 23.2996187 ], [ 82.7545672, 23.2998835 ], [ 82.7523409, 23.2984457 ], [ 82.7490907, 23.2979328 ], [ 82.7465762, 23.2955405 ], [ 82.746953, 23.2939604 ], [ 82.7451277, 23.29138 ], [ 82.7456075, 23.2878744 ], [ 82.7446345, 23.2848584 ], [ 82.7460017, 23.2766737 ], [ 82.7435883, 23.273686 ], [ 82.7452907, 23.2706136 ], [ 82.7443774, 23.2684673 ], [ 82.7520878, 23.2660847 ], [ 82.7558467, 23.2679914 ], [ 82.7583022, 23.2632362 ], [ 82.7620288, 23.2635018 ], [ 82.7656924, 23.2602652 ], [ 82.767188, 23.2599235 ], [ 82.7689762, 23.2599726 ], [ 82.769722, 23.2612178 ], [ 82.7707263, 23.2611766 ], [ 82.7720935, 23.2582399 ], [ 82.7642757, 23.2546104 ], [ 82.7628594, 23.2572356 ], [ 82.755327, 23.2567385 ], [ 82.7517671, 23.2540805 ], [ 82.7487546, 23.2539582 ], [ 82.7446444, 23.2512852 ], [ 82.7412946, 23.2526738 ], [ 82.7387156, 23.2522355 ], [ 82.7362281, 23.2504754 ], [ 82.7358329, 23.2482282 ], [ 82.7335499, 23.2502396 ], [ 82.7292094, 23.2496442 ], [ 82.7271745, 23.2466568 ], [ 82.7235973, 23.2456884 ], [ 82.7146905, 23.2460865 ], [ 82.7087233, 23.2436654 ], [ 82.7060806, 23.2445246 ], [ 82.6966215, 23.2445021 ], [ 82.6911594, 23.2352627 ], [ 82.6884241, 23.2262162 ], [ 82.6844165, 23.2225427 ], [ 82.6812978, 23.2176181 ], [ 82.6774771, 23.2158135 ], [ 82.673491, 23.2153949 ], [ 82.6641485, 23.2065484 ], [ 82.6625246, 23.1983092 ], [ 82.6604087, 23.1944676 ], [ 82.6490562, 23.1569513 ], [ 82.6433726, 23.1556067 ], [ 82.6433571, 23.1499405 ], [ 82.6413064, 23.1497285 ], [ 82.6403051, 23.1462161 ], [ 82.6377711, 23.1452681 ], [ 82.6376684, 23.1426721 ], [ 82.6365258, 23.1409159 ], [ 82.6277576, 23.1426907 ], [ 82.626659, 23.1420767 ], [ 82.6213716, 23.1423069 ], [ 82.6170606, 23.1446094 ], [ 82.6168947, 23.1435529 ], [ 82.6149662, 23.1437831 ], [ 82.6139362, 23.1420583 ], [ 82.6126715, 23.1440357 ], [ 82.610206, 23.1447037 ], [ 82.6077064, 23.1433987 ] ] ] } },
{ "type": "Feature", "properties": { "dtname": "Manendragarh Chirimiri Bharatpur", "stname": "CHHATTISGARH", "dist_lgd": 760, "year_stat": "2022" }, "geometry": { "type": "Polygon", "coordinates": [ [ [ 82.2976144, 23.8072279 ], [ 82.310558, 23.8077484 ], [ 82.3132036, 23.8060069 ], [ 82.3145931, 23.8039579 ], [ 82.3144395, 23.796545 ], [ 82.3158719, 23.7861035 ], [ 82.3145826, 23.7840986 ], [ 82.3119683, 23.7829057 ], [ 82.3119784, 23.7822511 ], [ 82.316071, 23.7796749 ], [ 82.3219877, 23.7783543 ], [ 82.3233089, 23.7744768 ], [ 82.3219918, 23.7683005 ], [ 82.3193296, 23.7649678 ], [ 82.3201894, 23.7616409 ], [ 82.3196088, 23.7542414 ], [ 82.3203413, 23.7501945 ], [ 82.3192974, 23.7483206 ], [ 82.3158748, 23.7468025 ], [ 82.3107446, 23.7470397 ], [ 82.30997, 23.7464345 ], [ 82.3108259, 23.7411528 ], [ 82.3102242, 23.7381775 ], [ 82.3093131, 23.7359018 ], [ 82.3067362, 23.734226 ], [ 82.3066325, 23.7323251 ], [ 82.3080073, 23.728845 ], [ 82.3054444, 23.7255438 ], [ 82.3049658, 23.7218687 ], [ 82.309435, 23.7176496 ], [ 82.3107583, 23.7187697 ], [ 82.3105757, 23.7212888 ], [ 82.3115218, 23.7218489 ], [ 82.3203678, 23.7215634 ], [ 82.3224083, 23.7199117 ], [ 82.3229488, 23.7170181 ], [ 82.3217827, 23.7148327 ], [ 82.3180375, 23.7127546 ], [ 82.3129532, 23.7123238 ], [ 82.3122437, 23.7091814 ], [ 82.320988, 23.7036182 ], [ 82.3241063, 23.7034252 ], [ 82.3275917, 23.7046768 ], [ 82.3303131, 23.7038898 ], [ 82.3328298, 23.6991931 ], [ 82.3333112, 23.6959743 ], [ 82.337283, 23.6932982 ], [ 82.3380827, 23.6910953 ], [ 82.3372006, 23.6901425 ], [ 82.3310476, 23.6917797 ], [ 82.3289595, 23.6908807 ], [ 82.3284221, 23.6857746 ], [ 82.3257874, 23.6787039 ], [ 82.3260871, 23.676826 ], [ 82.329417, 23.6721228 ], [ 82.3379819, 23.6657098 ], [ 82.3395807, 23.6621527 ], [ 82.3447227, 23.6597881 ], [ 82.3449927, 23.6579146 ], [ 82.3393142, 23.6508301 ], [ 82.3325379, 23.6457946 ], [ 82.336239, 23.6419808 ], [ 82.3371613, 23.6386266 ], [ 82.335962, 23.6342607 ], [ 82.3328852, 23.6325354 ], [ 82.331749, 23.6305396 ], [ 82.3296031, 23.6294374 ], [ 82.3268298, 23.6292289 ], [ 82.3236849, 23.6268036 ], [ 82.3210589, 23.6259133 ], [ 82.3197944, 23.6264998 ], [ 82.319641, 23.6302965 ], [ 82.3187733, 23.631154 ], [ 82.3169817, 23.6269141 ], [ 82.3141971, 23.6300913 ], [ 82.3093216, 23.6299268 ], [ 82.3063222, 23.6310226 ], [ 82.299654, 23.629611 ], [ 82.3004057, 23.6260584 ], [ 82.2961639, 23.6234739 ], [ 82.2955433, 23.6206565 ], [ 82.2962209, 23.6182415 ], [ 82.29338, 23.6167051 ], [ 82.2922708, 23.6119416 ], [ 82.2907227, 23.6117647 ], [ 82.2903925, 23.614839 ], [ 82.2891671, 23.6156509 ], [ 82.2849264, 23.6123393 ], [ 82.2823836, 23.612225 ], [ 82.2804233, 23.6130726 ], [ 82.2788659, 23.6122093 ], [ 82.2785835, 23.6097577 ], [ 82.2817017, 23.6065226 ], [ 82.2795247, 23.6022144 ], [ 82.2728726, 23.6011854 ], [ 82.2707349, 23.5971795 ], [ 82.268365, 23.595828 ], [ 82.2648361, 23.5979294 ], [ 82.2637541, 23.5971747 ], [ 82.262733, 23.5938557 ], [ 82.2597986, 23.5939664 ], [ 82.2568271, 23.5916843 ], [ 82.2569416, 23.5896799 ], [ 82.260515, 23.5868609 ], [ 82.2577194, 23.5852742 ], [ 82.2582655, 23.5825523 ], [ 82.2573066, 23.5813056 ], [ 82.2573917, 23.5792154 ], [ 82.2550109, 23.5795431 ], [ 82.252702, 23.5815639 ], [ 82.2535828, 23.5771583 ], [ 82.2484879, 23.5755177 ], [ 82.2485252, 23.5749737 ], [ 82.2551614, 23.5701754 ], [ 82.2947303, 23.555185 ], [ 82.3125429, 23.5423219 ], [ 82.3134596, 23.5400017 ], [ 82.3137463, 23.534196 ], [ 82.312329, 23.5285657 ], [ 82.3147302, 23.5240474 ], [ 82.3052397, 23.508802 ], [ 82.3012203, 23.5090078 ], [ 82.2889603, 23.5005411 ], [ 82.2839038, 23.4958488 ], [ 82.2839911, 23.4898669 ], [ 82.286116, 23.4891684 ], [ 82.2872557, 23.4903112 ], [ 82.2895664, 23.4897843 ], [ 82.2915033, 23.4922504 ], [ 82.2930118, 23.4907342 ], [ 82.2922346, 23.4890047 ], [ 82.2970718, 23.4871155 ], [ 82.3022458, 23.4867388 ], [ 82.3038531, 23.4833084 ], [ 82.306906, 23.4860366 ], [ 82.3100787, 23.4844621 ], [ 82.3126131, 23.4848479 ], [ 82.312575, 23.483811 ], [ 82.3108651, 23.4829697 ], [ 82.3102426, 23.4810594 ], [ 82.3076564, 23.4811576 ], [ 82.3073017, 23.4795598 ], [ 82.3050695, 23.4790456 ], [ 82.3071662, 23.4752599 ], [ 82.3134322, 23.4759762 ], [ 82.3132004, 23.4742601 ], [ 82.3159352, 23.4638444 ], [ 82.3158906, 23.4601212 ], [ 82.320337, 23.4548597 ], [ 82.322043, 23.4546107 ], [ 82.3256639, 23.4566175 ], [ 82.3259662, 23.4574375 ], [ 82.3242791, 23.4588866 ], [ 82.3272329, 23.4597566 ], [ 82.3283724, 23.4595014 ], [ 82.3294995, 23.4579689 ], [ 82.3316132, 23.4582312 ], [ 82.3353028, 23.4563637 ], [ 82.3356315, 23.4579469 ], [ 82.333972, 23.459775 ], [ 82.336154, 23.4619561 ], [ 82.3385523, 23.4608687 ], [ 82.3413966, 23.4566796 ], [ 82.3423458, 23.4576505 ], [ 82.3420126, 23.4590996 ], [ 82.343143, 23.4594972 ], [ 82.3451544, 23.4591274 ], [ 82.3475772, 23.457182 ], [ 82.3491498, 23.4480716 ], [ 82.3465322, 23.4465677 ], [ 82.3473503, 23.4419087 ], [ 82.3430696, 23.4384399 ], [ 82.3432354, 23.4363631 ], [ 82.3459269, 23.4354741 ], [ 82.3435776, 23.4335014 ], [ 82.3437157, 23.4320807 ], [ 82.3474952, 23.427105 ], [ 82.3493545, 23.426121 ], [ 82.3588314, 23.4256844 ], [ 82.3590763, 23.4233368 ], [ 82.3577314, 23.4197158 ], [ 82.3477632, 23.4083148 ], [ 82.3475294, 23.4031815 ], [ 82.3428437, 23.4009593 ], [ 82.3339148, 23.3907585 ], [ 82.3304128, 23.3903376 ], [ 82.3363322, 23.3867545 ], [ 82.3390859, 23.3864843 ], [ 82.3399326, 23.3844032 ], [ 82.3484237, 23.3825944 ], [ 82.3499108, 23.3812357 ], [ 82.3501752, 23.3799129 ], [ 82.353584, 23.3801978 ], [ 82.3551199, 23.3791416 ], [ 82.3563034, 23.3796699 ], [ 82.3584603, 23.3790788 ], [ 82.363153, 23.3754908 ], [ 82.36196, 23.3735869 ], [ 82.3604075, 23.3731511 ], [ 82.3637679, 23.3655395 ], [ 82.3611427, 23.3520846 ], [ 82.3622209, 23.3508604 ], [ 82.366883, 23.3494488 ], [ 82.3667719, 23.3465621 ], [ 82.3639555, 23.3436519 ], [ 82.3690846, 23.3410223 ], [ 82.3748512, 23.3398771 ], [ 82.3737761, 23.3321878 ], [ 82.3772044, 23.3241517 ], [ 82.3710873, 23.3077513 ], [ 82.3741444, 23.3076465 ], [ 82.3899186, 23.3104149 ], [ 82.3895707, 23.3074863 ], [ 82.3901687, 23.3065121 ], [ 82.3934602, 23.305823 ], [ 82.3981115, 23.3060645 ], [ 82.3979951, 23.3091852 ], [ 82.3963055, 23.3116383 ], [ 82.3959571, 23.315388 ], [ 82.3941395, 23.3185478 ], [ 82.3933648, 23.3227323 ], [ 82.3955091, 23.3249703 ], [ 82.3994673, 23.3243892 ], [ 82.4058365, 23.3197611 ], [ 82.4097904, 23.3193134 ], [ 82.4122066, 23.3161934 ], [ 82.4222784, 23.3160303 ], [ 82.4237763, 23.3139969 ], [ 82.4229659, 23.3103792 ], [ 82.4209628, 23.3088205 ], [ 82.4209101, 23.3052666 ], [ 82.4233638, 23.3048058 ], [ 82.4231718, 23.2972583 ], [ 82.4271094, 23.2968873 ], [ 82.4272249, 23.2961194 ], [ 82.4270844, 23.2950098 ], [ 82.424398, 23.2955566 ], [ 82.407881, 23.2945015 ], [ 82.4028169, 23.2922316 ], [ 82.3992138, 23.2893024 ], [ 82.3969258, 23.2895346 ], [ 82.3961301, 23.2853911 ], [ 82.3993919, 23.2847102 ], [ 82.4007013, 23.2856723 ], [ 82.4022065, 23.284035 ], [ 82.4043552, 23.2836948 ], [ 82.406431, 23.281208 ], [ 82.4108664, 23.2792423 ], [ 82.4114868, 23.2780954 ], [ 82.4109221, 23.2770419 ], [ 82.4091755, 23.2758077 ], [ 82.3992556, 23.2729606 ], [ 82.3956156, 23.2702705 ], [ 82.3923052, 23.2693033 ], [ 82.3922006, 23.2651279 ], [ 82.3909996, 23.2608979 ], [ 82.3850377, 23.2565077 ], [ 82.3817138, 23.253015 ], [ 82.3754545, 23.2505828 ], [ 82.3739924, 23.2482811 ], [ 82.3702431, 23.2452479 ], [ 82.3667695, 23.2456301 ], [ 82.3493979, 23.2425162 ], [ 82.3431218, 23.2425746 ], [ 82.3368219, 23.2370104 ], [ 82.3342672, 23.2373199 ], [ 82.3324045, 23.2356339 ], [ 82.3296266, 23.236305 ], [ 82.3254265, 23.2335759 ], [ 82.3301049, 23.2276503 ], [ 82.3331342, 23.2280117 ], [ 82.3347289, 23.2267462 ], [ 82.3376486, 23.2260885 ], [ 82.3382127, 23.2142136 ], [ 82.3396668, 23.2100177 ], [ 82.3429128, 23.2102382 ], [ 82.3461935, 23.2144044 ], [ 82.3507483, 23.2230979 ], [ 82.3566955, 23.2255324 ], [ 82.3581229, 23.2230166 ], [ 82.3676891, 23.2270885 ], [ 82.3643189, 23.2309756 ], [ 82.3591851, 23.2294147 ], [ 82.3582223, 23.2306796 ], [ 82.355699, 23.2297892 ], [ 82.3552934, 23.2316007 ], [ 82.3593124, 23.2374419 ], [ 82.374673, 23.2372649 ], [ 82.3809839, 23.2409103 ], [ 82.3921706, 23.2429144 ], [ 82.3987078, 23.2458125 ], [ 82.4065806, 23.2458462 ], [ 82.4088335, 23.2494489 ], [ 82.4125968, 23.2497124 ], [ 82.4148943, 23.2485727 ], [ 82.4172788, 23.2450105 ], [ 82.4214653, 23.2443217 ], [ 82.4272117, 23.2415246 ], [ 82.4306944, 23.2362287 ], [ 82.4259114, 23.2292886 ], [ 82.4245574, 23.2257867 ], [ 82.4285137, 23.2252851 ], [ 82.4304065, 23.2231893 ], [ 82.4285121, 23.2213137 ], [ 82.427938, 23.2231901 ], [ 82.4257904, 23.2231257 ], [ 82.4236933, 23.2219068 ], [ 82.4233708, 23.2190582 ], [ 82.4203943, 23.216745 ], [ 82.4255145, 23.2080402 ], [ 82.4280482, 23.2000265 ], [ 82.4356087, 23.1989248 ], [ 82.4489464, 23.1934943 ], [ 82.455893, 23.1930657 ], [ 82.4641398, 23.1900044 ], [ 82.4653189, 23.1854452 ], [ 82.4683863, 23.1837186 ], [ 82.4733938, 23.182405 ], [ 82.4769019, 23.1828438 ], [ 82.478365, 23.1812363 ], [ 82.480783, 23.1813292 ], [ 82.4841577, 23.177483 ], [ 82.4849271, 23.1691505 ], [ 82.491931, 23.1630512 ], [ 82.4954126, 23.1627633 ], [ 82.4969229, 23.1581794 ], [ 82.4987754, 23.1577409 ], [ 82.5027059, 23.1547014 ], [ 82.5140524, 23.1513575 ], [ 82.5199585, 23.1526808 ], [ 82.5320364, 23.1515974 ], [ 82.552227, 23.1458279 ], [ 82.5734869, 23.1437706 ], [ 82.5875473, 23.1451109 ], [ 82.6077064, 23.1433987 ], [ 82.5966303, 23.1353787 ], [ 82.5949709, 23.1334189 ], [ 82.5861793, 23.1312544 ], [ 82.5820981, 23.1313663 ], [ 82.5767978, 23.1277167 ], [ 82.5781188, 23.1190801 ], [ 82.5804334, 23.1167149 ], [ 82.58105, 23.1117352 ], [ 82.5834329, 23.1085709 ], [ 82.583185, 23.1053923 ], [ 82.5866815, 23.0986885 ], [ 82.5839998, 23.0899019 ], [ 82.5846789, 23.0873782 ], [ 82.5837137, 23.0837931 ], [ 82.5743047, 23.0845579 ], [ 82.5698468, 23.0785787 ], [ 82.5689843, 23.0753232 ], [ 82.572919, 23.071085 ], [ 82.5864575, 23.0621674 ], [ 82.5858338, 23.0593453 ], [ 82.5799986, 23.0584002 ], [ 82.5774735, 23.051767 ], [ 82.578874, 23.0509303 ], [ 82.5848362, 23.0502159 ], [ 82.5872226, 23.0479229 ], [ 82.5879751, 23.043345 ], [ 82.5900738, 23.0397696 ], [ 82.595197, 23.0360819 ], [ 82.5957778, 23.0349442 ], [ 82.59552, 23.0313413 ], [ 82.5942674, 23.0262888 ], [ 82.5948877, 23.0227402 ], [ 82.5972926, 23.0220769 ], [ 82.6000628, 23.0246148 ], [ 82.6035211, 23.0254145 ], [ 82.6054381, 23.0251889 ], [ 82.6059505, 23.0240512 ], [ 82.6057219, 23.0195588 ], [ 82.6007091, 23.010474 ], [ 82.5980096, 23.0006018 ], [ 82.5965478, 22.9991472 ], [ 82.5926553, 22.9975787 ], [ 82.5896935, 22.9972646 ], [ 82.5869005, 22.9983613 ], [ 82.5837271, 22.9980078 ], [ 82.5815886, 22.9963816 ], [ 82.5819288, 22.9907388 ], [ 82.5847009, 22.9871529 ], [ 82.5868178, 22.9818241 ], [ 82.5855493, 22.9794726 ], [ 82.5856665, 22.9778788 ], [ 82.581003, 22.9739635 ], [ 82.5748141, 22.9654434 ], [ 82.5715591, 22.9670745 ], [ 82.5699869, 22.9707336 ], [ 82.5667787, 22.9748106 ], [ 82.5614625, 22.9765983 ], [ 82.5284759, 22.9754346 ], [ 82.5205666, 22.9727851 ], [ 82.5139979, 22.9694805 ], [ 82.5069748, 22.9689518 ], [ 82.4881332, 22.9705278 ], [ 82.4823226, 22.9667106 ], [ 82.4710993, 22.9687234 ], [ 82.4553813, 22.9668174 ], [ 82.4512773, 22.9687212 ], [ 82.4368147, 22.9712253 ], [ 82.4319406, 22.9730991 ], [ 82.4226085, 22.9743958 ], [ 82.4161296, 22.9743522 ], [ 82.411608, 22.9766116 ], [ 82.4121216, 22.9780972 ], [ 82.4103937, 22.9868195 ], [ 82.4106827, 22.9890628 ], [ 82.405134, 22.9908765 ], [ 82.4043961, 22.9938027 ], [ 82.4009961, 22.9950216 ], [ 82.4000341, 22.9967452 ], [ 82.3929132, 22.9993016 ], [ 82.3877802, 22.9992874 ], [ 82.3836742, 23.0004169 ], [ 82.3813003, 22.9990204 ], [ 82.3758793, 22.9977853 ], [ 82.3619256, 22.9986614 ], [ 82.349578, 22.99126 ], [ 82.3448306, 22.9919129 ], [ 82.3387053, 22.9866679 ], [ 82.3328686, 22.9831899 ], [ 82.3332861, 22.9816151 ], [ 82.3298891, 22.9756582 ], [ 82.3304039, 22.9737101 ], [ 82.3263344, 22.9670086 ], [ 82.3170339, 22.9669758 ], [ 82.3056809, 22.9686356 ], [ 82.301193, 22.9646816 ], [ 82.2959053, 22.9621963 ], [ 82.2886901, 22.9615389 ], [ 82.2834019, 22.9598864 ], [ 82.2809659, 22.9580724 ], [ 82.2777628, 22.9532115 ], [ 82.2729224, 22.9508016 ], [ 82.2601714, 22.9407192 ], [ 82.2587628, 22.9380141 ], [ 82.2482145, 22.9390822 ], [ 82.2416302, 22.9389058 ], [ 82.2408681, 22.9382501 ], [ 82.2259247, 22.9411073 ], [ 82.2222989, 22.9409618 ], [ 82.210662, 22.9483902 ], [ 82.1998056, 22.9510608 ], [ 82.1983367, 22.9524431 ], [ 82.197167, 22.9559795 ], [ 82.194084, 22.9588257 ], [ 82.1797615, 22.9693131 ], [ 82.1770451, 22.9700908 ], [ 82.1779731, 22.9741408 ], [ 82.1765064, 22.9807098 ], [ 82.1762948, 22.9865654 ], [ 82.1736721, 22.98762 ], [ 82.1736466, 22.9885551 ], [ 82.1806592, 22.9956607 ], [ 82.1826398, 23.0097869 ], [ 82.1848316, 23.0140189 ], [ 82.182747, 23.0208214 ], [ 82.1823393, 23.0257474 ], [ 82.1800579, 23.0351528 ], [ 82.1752136, 23.0411796 ], [ 82.1754948, 23.0431526 ], [ 82.1742929, 23.0450447 ], [ 82.1703686, 23.0467096 ], [ 82.1676119, 23.0458052 ], [ 82.166112, 23.0466905 ], [ 82.1583153, 23.0546048 ], [ 82.1578563, 23.0630027 ], [ 82.1490722, 23.0745143 ], [ 82.1478579, 23.0785689 ], [ 82.1442471, 23.0801044 ], [ 82.1396363, 23.0873288 ], [ 82.1357911, 23.0910043 ], [ 82.1325214, 23.0925712 ], [ 82.128749, 23.0958852 ], [ 82.1247469, 23.1019939 ], [ 82.1222495, 23.1038014 ], [ 82.1267784, 23.1051391 ], [ 82.1299592, 23.1082962 ], [ 82.1379064, 23.1120005 ], [ 82.138064, 23.1158285 ], [ 82.136449, 23.1220766 ], [ 82.1366358, 23.1254364 ], [ 82.1372679, 23.1286437 ], [ 82.1406974, 23.1329326 ], [ 82.1462078, 23.135584 ], [ 82.156873, 23.1384669 ], [ 82.1613598, 23.1431148 ], [ 82.1622629, 23.1572819 ], [ 82.1609191, 23.1620522 ], [ 82.1569448, 23.1619075 ], [ 82.1541598, 23.1632017 ], [ 82.1479778, 23.1638494 ], [ 82.1451646, 23.1634103 ], [ 82.1456405, 23.1646554 ], [ 82.1443524, 23.1656481 ], [ 82.1485446, 23.1711323 ], [ 82.1493875, 23.1757401 ], [ 82.1490508, 23.1773749 ], [ 82.1446352, 23.1795423 ], [ 82.1436449, 23.1871071 ], [ 82.1482455, 23.1889502 ], [ 82.1439837, 23.195139 ], [ 82.1492523, 23.1973767 ], [ 82.1488799, 23.1992166 ], [ 82.1497581, 23.2037282 ], [ 82.1527364, 23.2091246 ], [ 82.1536058, 23.2127391 ], [ 82.1511117, 23.2163098 ], [ 82.1476211, 23.2189744 ], [ 82.1484476, 23.2197391 ], [ 82.1484069, 23.2211041 ], [ 82.1452745, 23.2267153 ], [ 82.1485709, 23.2275271 ], [ 82.1530752, 23.2304727 ], [ 82.1597846, 23.2463252 ], [ 82.1627608, 23.2450929 ], [ 82.1671789, 23.2458852 ], [ 82.1662779, 23.24736 ], [ 82.166513, 23.2500759 ], [ 82.1696371, 23.2517358 ], [ 82.1682894, 23.2551542 ], [ 82.1722881, 23.2583995 ], [ 82.1742402, 23.2643364 ], [ 82.1743543, 23.2687026 ], [ 82.1853338, 23.2738957 ], [ 82.1887989, 23.273497 ], [ 82.1933809, 23.2779651 ], [ 82.194743, 23.2843941 ], [ 82.1922131, 23.2884905 ], [ 82.1937594, 23.2917137 ], [ 82.193815, 23.2952174 ], [ 82.1945831, 23.2964091 ], [ 82.1967149, 23.2972841 ], [ 82.197323, 23.3006566 ], [ 82.1960291, 23.303714 ], [ 82.1974095, 23.3068785 ], [ 82.1947851, 23.308591 ], [ 82.1974359, 23.3105222 ], [ 82.1993882, 23.3134291 ], [ 82.192076, 23.3267748 ], [ 82.1828106, 23.3273745 ], [ 82.1637288, 23.3346724 ], [ 82.1620784, 23.3428408 ], [ 82.1538304, 23.3503558 ], [ 82.1457483, 23.3611799 ], [ 82.1409065, 23.3618126 ], [ 82.1322104, 23.3584856 ], [ 82.1237446, 23.3537178 ], [ 82.1194312, 23.3539841 ], [ 82.1171374, 23.3554605 ], [ 82.1123247, 23.3598128 ], [ 82.1116496, 23.3617768 ], [ 82.1101137, 23.3631719 ], [ 82.1118008, 23.3661294 ], [ 82.1128903, 23.3794898 ], [ 82.1142939, 23.3823796 ], [ 82.1137655, 23.3841586 ], [ 82.1114025, 23.3877615 ], [ 82.105243, 23.3925559 ], [ 82.104944, 23.3969807 ], [ 82.1034126, 23.3982357 ], [ 82.1005899, 23.3976528 ], [ 82.0966916, 23.394022 ], [ 82.0934827, 23.3928565 ], [ 82.0920394, 23.3936419 ], [ 82.093012, 23.3974709 ], [ 82.0914806, 23.3982833 ], [ 82.0860066, 23.3969907 ], [ 82.0821723, 23.3934679 ], [ 82.078493, 23.3952007 ], [ 82.0770401, 23.3949429 ], [ 82.0711173, 23.3912115 ], [ 82.0691899, 23.3911973 ], [ 82.0660338, 23.3931873 ], [ 82.0640624, 23.3929382 ], [ 82.0629184, 23.3913981 ], [ 82.0619862, 23.3867968 ], [ 82.0587617, 23.378754 ], [ 82.0560039, 23.3767843 ], [ 82.044473, 23.3800523 ], [ 82.041737, 23.382638 ], [ 82.0387548, 23.3877295 ], [ 82.0368463, 23.3887398 ], [ 82.0354575, 23.3880256 ], [ 82.0334502, 23.3833062 ], [ 82.0323111, 23.382416 ], [ 82.0290566, 23.3846491 ], [ 82.0233031, 23.385842 ], [ 82.021898, 23.387322 ], [ 82.0209329, 23.3892313 ], [ 82.0211608, 23.3917734 ], [ 82.024523, 23.396363 ], [ 82.0290699, 23.4002037 ], [ 82.0278644, 23.4029482 ], [ 82.023796, 23.4067609 ], [ 82.0238484, 23.4086708 ], [ 82.0256872, 23.4096879 ], [ 82.0306347, 23.408237 ], [ 82.0327519, 23.4099902 ], [ 82.0257774, 23.4199869 ], [ 82.0254753, 23.4248811 ], [ 82.0233177, 23.4245546 ], [ 82.0195338, 23.4203124 ], [ 82.0118213, 23.4159229 ], [ 82.0095544, 23.4119931 ], [ 82.0024017, 23.4169588 ], [ 82.0012096, 23.4203397 ], [ 81.9996867, 23.4215576 ], [ 81.9905576, 23.4184912 ], [ 81.9884261, 23.4145334 ], [ 81.9853343, 23.414495 ], [ 81.9825357, 23.4201629 ], [ 81.9767411, 23.4237967 ], [ 81.9776967, 23.4257283 ], [ 81.9802657, 23.4262548 ], [ 81.9838984, 23.4292772 ], [ 81.9816883, 23.4309356 ], [ 81.9817736, 23.4336624 ], [ 81.9836475, 23.4335392 ], [ 81.9838196, 23.434573 ], [ 81.9807589, 23.4374329 ], [ 81.9801789, 23.4402053 ], [ 81.9777876, 23.4419677 ], [ 81.9804045, 23.4470404 ], [ 81.9790108, 23.448143 ], [ 81.975992, 23.4486235 ], [ 81.9754205, 23.4499196 ], [ 81.9768753, 23.4518148 ], [ 81.9735545, 23.4543994 ], [ 81.9703648, 23.4555752 ], [ 81.969042, 23.460348 ], [ 81.9647195, 23.4657005 ], [ 81.9578335, 23.4653206 ], [ 81.9567824, 23.4670774 ], [ 81.9549796, 23.4679992 ], [ 81.9544782, 23.4723288 ], [ 81.9550345, 23.485395 ], [ 81.957911, 23.5007021 ], [ 81.9526639, 23.5000535 ], [ 81.9478157, 23.5011031 ], [ 81.942343, 23.5056905 ], [ 81.9376288, 23.5137429 ], [ 81.9378544, 23.5163077 ], [ 81.9351674, 23.5182779 ], [ 81.9247978, 23.5313288 ], [ 81.9200475, 23.5344817 ], [ 81.9159562, 23.5353299 ], [ 81.9078733, 23.5353345 ], [ 81.9044417, 23.529549 ], [ 81.8968504, 23.5246467 ], [ 81.8936762, 23.5244632 ], [ 81.8912115, 23.5218629 ], [ 81.8825286, 23.5167543 ], [ 81.8812559, 23.5150683 ], [ 81.8756047, 23.5127123 ], [ 81.8691158, 23.5129268 ], [ 81.8636867, 23.5175725 ], [ 81.8521757, 23.5152891 ], [ 81.8502595, 23.5135502 ], [ 81.8439785, 23.5144009 ], [ 81.8396482, 23.5108898 ], [ 81.8364251, 23.5109078 ], [ 81.8206893, 23.515242 ], [ 81.8175775, 23.5221168 ], [ 81.8195867, 23.5297156 ], [ 81.816977, 23.5408704 ], [ 81.8090694, 23.5493413 ], [ 81.8019055, 23.5484036 ], [ 81.7978159, 23.5494535 ], [ 81.7838348, 23.5493647 ], [ 81.7716447, 23.5505385 ], [ 81.7582619, 23.5498714 ], [ 81.7555945, 23.5584685 ], [ 81.7561641, 23.5606552 ], [ 81.7550844, 23.5616426 ], [ 81.7555807, 23.563111 ], [ 81.7548242, 23.5651912 ], [ 81.7526544, 23.5679517 ], [ 81.7496331, 23.5679493 ], [ 81.7466371, 23.5697971 ], [ 81.7445139, 23.5670719 ], [ 81.7423777, 23.5661525 ], [ 81.7376113, 23.565068 ], [ 81.7363636, 23.5664639 ], [ 81.7305407, 23.5609557 ], [ 81.7280199, 23.5564879 ], [ 81.7252336, 23.5568689 ], [ 81.7243079, 23.5502647 ], [ 81.7215241, 23.5472054 ], [ 81.7225251, 23.5432997 ], [ 81.720683, 23.5420232 ], [ 81.7153886, 23.5407261 ], [ 81.7155095, 23.5385049 ], [ 81.7145039, 23.5359727 ], [ 81.7110805, 23.5348776 ], [ 81.7099676, 23.5326028 ], [ 81.7069555, 23.5314533 ], [ 81.7059356, 23.5290836 ], [ 81.7019983, 23.5280111 ], [ 81.7014495, 23.5272754 ], [ 81.7020354, 23.5245212 ], [ 81.6996447, 23.5220168 ], [ 81.6903356, 23.5283731 ], [ 81.6800537, 23.529253 ], [ 81.6681177, 23.5329453 ], [ 81.6589114, 23.5289972 ], [ 81.658852, 23.5268347 ], [ 81.6623737, 23.5141432 ], [ 81.6595126, 23.5114457 ], [ 81.6579142, 23.5072746 ], [ 81.6581651, 23.5049075 ], [ 81.6545884, 23.5019367 ], [ 81.6536996, 23.4980623 ], [ 81.6514709, 23.4989733 ], [ 81.6501541, 23.498471 ], [ 81.6484901, 23.4997462 ], [ 81.643423, 23.4984948 ], [ 81.6421817, 23.4989468 ], [ 81.6422191, 23.49689 ], [ 81.6401613, 23.4954404 ], [ 81.637276, 23.4903645 ], [ 81.6340586, 23.4899603 ], [ 81.6316831, 23.4903063 ], [ 81.6296097, 23.4920884 ], [ 81.6270488, 23.4913216 ], [ 81.6254564, 23.4932683 ], [ 81.6253732, 23.4967582 ], [ 81.6242225, 23.4968485 ], [ 81.6222224, 23.4987086 ], [ 81.621023, 23.5019002 ], [ 81.6186134, 23.5045783 ], [ 81.6157133, 23.5060229 ], [ 81.6119911, 23.5106843 ], [ 81.6112926, 23.5133118 ], [ 81.6117178, 23.5164684 ], [ 81.6149762, 23.518414 ], [ 81.6153745, 23.5194561 ], [ 81.6137476, 23.5216808 ], [ 81.6147066, 23.5248265 ], [ 81.6136754, 23.5275848 ], [ 81.6162705, 23.5284349 ], [ 81.6163274, 23.530752 ], [ 81.6144878, 23.5313945 ], [ 81.6132342, 23.5334319 ], [ 81.613467, 23.5392179 ], [ 81.6125407, 23.5409591 ], [ 81.6140854, 23.5456692 ], [ 81.610036, 23.5556434 ], [ 81.6053278, 23.5540597 ], [ 81.5992918, 23.5545785 ], [ 81.5840212, 23.553576 ], [ 81.5829737, 23.5553351 ], [ 81.5766845, 23.5853445 ], [ 81.5849731, 23.5945513 ], [ 81.5867335, 23.5945117 ], [ 81.5897039, 23.596026 ], [ 81.592996, 23.5960131 ], [ 81.5944854, 23.5952189 ], [ 81.5951716, 23.5931242 ], [ 81.596808, 23.5923616 ], [ 81.5981107, 23.5942309 ], [ 81.6035924, 23.5933603 ], [ 81.6083438, 23.5965933 ], [ 81.611969, 23.5952529 ], [ 81.6110962, 23.6032662 ], [ 81.6076951, 23.6126834 ], [ 81.6065141, 23.6138706 ], [ 81.6104527, 23.6196994 ], [ 81.6141958, 23.6224355 ], [ 81.6179386, 23.6359028 ], [ 81.6203295, 23.6514285 ], [ 81.6195208, 23.6528822 ], [ 81.6193343, 23.6583945 ], [ 81.6177315, 23.6607105 ], [ 81.6145652, 23.6629179 ], [ 81.6445455, 23.6571833 ], [ 81.6551724, 23.6631363 ], [ 81.6563019, 23.6721382 ], [ 81.6542151, 23.6778044 ], [ 81.6555493, 23.6820162 ], [ 81.6567654, 23.6833839 ], [ 81.6606237, 23.6846607 ], [ 81.6659573, 23.6849979 ], [ 81.67718, 23.689613 ], [ 81.6840781, 23.6909196 ], [ 81.6850188, 23.7002057 ], [ 81.6889589, 23.7069489 ], [ 81.6914583, 23.7142569 ], [ 81.6959093, 23.7213201 ], [ 81.6920065, 23.7220849 ], [ 81.6895263, 23.7237744 ], [ 81.6878748, 23.7261 ], [ 81.6860588, 23.7330351 ], [ 81.6804455, 23.7369152 ], [ 81.6784653, 23.7393718 ], [ 81.6791728, 23.7423377 ], [ 81.6835531, 23.7442051 ], [ 81.6867621, 23.7475039 ], [ 81.6818492, 23.7533029 ], [ 81.6766843, 23.7568486 ], [ 81.6701234, 23.7581046 ], [ 81.664322, 23.7614749 ], [ 81.6520322, 23.7653663 ], [ 81.6446617, 23.7701261 ], [ 81.6439895, 23.7730646 ], [ 81.6444466, 23.7748198 ], [ 81.6479999, 23.7796607 ], [ 81.6494736, 23.7833575 ], [ 81.6514467, 23.7990553 ], [ 81.6480465, 23.8058998 ], [ 81.6466495, 23.8115011 ], [ 81.6453136, 23.8129846 ], [ 81.6413175, 23.8147415 ], [ 81.6416235, 23.8205782 ], [ 81.6374616, 23.8276737 ], [ 81.635836, 23.8345131 ], [ 81.6344208, 23.835687 ], [ 81.6324188, 23.8359344 ], [ 81.6224134, 23.835377 ], [ 81.6167477, 23.8334485 ], [ 81.6132298, 23.8344775 ], [ 81.611321, 23.8370097 ], [ 81.6122006, 23.8431451 ], [ 81.6077208, 23.8463941 ], [ 81.6031818, 23.8537101 ], [ 81.6039526, 23.8597251 ], [ 81.6049343, 23.8614884 ], [ 81.6069897, 23.8623363 ], [ 81.6142598, 23.8616994 ], [ 81.6165877, 23.8631923 ], [ 81.6222071, 23.8702386 ], [ 81.6213655, 23.8716118 ], [ 81.604235, 23.8817518 ], [ 81.6037451, 23.8847108 ], [ 81.6071594, 23.8869605 ], [ 81.6115681, 23.8922874 ], [ 81.6104727, 23.8987669 ], [ 81.6083585, 23.9014851 ], [ 81.6090176, 23.9032048 ], [ 81.610245, 23.904098 ], [ 81.6122841, 23.9038509 ], [ 81.6142449, 23.9051938 ], [ 81.6210139, 23.906711 ], [ 81.6272465, 23.9067053 ], [ 81.6311581, 23.9057201 ], [ 81.6332217, 23.9062257 ], [ 81.6368782, 23.90795 ], [ 81.6384685, 23.9108282 ], [ 81.6469003, 23.9139699 ], [ 81.6577825, 23.9163433 ], [ 81.6591909, 23.917551 ], [ 81.6610845, 23.9229212 ], [ 81.6630194, 23.9245889 ], [ 81.6671048, 23.9253673 ], [ 81.6685823, 23.9249623 ], [ 81.6717181, 23.9195547 ], [ 81.671578, 23.9149391 ], [ 81.6723101, 23.9133879 ], [ 81.6793675, 23.9114063 ], [ 81.6825603, 23.9113981 ], [ 81.6875443, 23.9064783 ], [ 81.6888496, 23.9029024 ], [ 81.6887159, 23.8908729 ], [ 81.690437, 23.8847631 ], [ 81.6941969, 23.8843119 ], [ 81.7026467, 23.8861924 ], [ 81.7073101, 23.8823592 ], [ 81.707303, 23.8804529 ], [ 81.7038355, 23.8759271 ], [ 81.7077041, 23.8741942 ], [ 81.7097417, 23.8712488 ], [ 81.7096715, 23.8691505 ], [ 81.7072825, 23.8650544 ], [ 81.7074906, 23.8611325 ], [ 81.7090599, 23.8604722 ], [ 81.717313, 23.8623321 ], [ 81.7201972, 23.8622108 ], [ 81.7240238, 23.8596969 ], [ 81.7283007, 23.8594415 ], [ 81.7319778, 23.8566779 ], [ 81.7296859, 23.8489412 ], [ 81.7259118, 23.8461454 ], [ 81.7250441, 23.8446287 ], [ 81.7246636, 23.8409413 ], [ 81.7254739, 23.8398241 ], [ 81.7284632, 23.8390241 ], [ 81.7322303, 23.8408591 ], [ 81.7344437, 23.8396041 ], [ 81.7373552, 23.8391808 ], [ 81.7396161, 23.8359483 ], [ 81.7428548, 23.833769 ], [ 81.7511151, 23.8324432 ], [ 81.7545078, 23.8307473 ], [ 81.7621228, 23.8236064 ], [ 81.773157, 23.8163992 ], [ 81.7783588, 23.8142919 ], [ 81.7824549, 23.8137841 ], [ 81.7911185, 23.8093468 ], [ 81.793125, 23.8099122 ], [ 81.7945943, 23.8143823 ], [ 81.7959042, 23.8148886 ], [ 81.806092, 23.8131012 ], [ 81.8087416, 23.8134184 ], [ 81.8149957, 23.8064499 ], [ 81.8192644, 23.8077477 ], [ 81.822816, 23.8077218 ], [ 81.8253821, 23.8103863 ], [ 81.8273839, 23.8106036 ], [ 81.8275055, 23.813809 ], [ 81.8291587, 23.8150283 ], [ 81.836877, 23.8161951 ], [ 81.8365325, 23.8199828 ], [ 81.8382005, 23.8211027 ], [ 81.846685, 23.8218223 ], [ 81.8504141, 23.8236965 ], [ 81.8563373, 23.8228531 ], [ 81.8630704, 23.8244568 ], [ 81.8662774, 23.8286854 ], [ 81.8677123, 23.834145 ], [ 81.8881575, 23.8355482 ], [ 81.8922316, 23.8405183 ], [ 81.8987494, 23.840725 ], [ 81.9019993, 23.8448643 ], [ 81.9045515, 23.8447193 ], [ 81.9060929, 23.8460643 ], [ 81.9062853, 23.8499242 ], [ 81.9086563, 23.8510793 ], [ 81.9101984, 23.8541895 ], [ 81.9104397, 23.8572231 ], [ 81.9157612, 23.8589283 ], [ 81.9203978, 23.8673193 ], [ 81.9202861, 23.8704389 ], [ 81.9218129, 23.8709124 ], [ 81.931307, 23.870548 ], [ 81.9396461, 23.8677503 ], [ 81.9404648, 23.865592 ], [ 81.9382305, 23.8640942 ], [ 81.9384849, 23.862347 ], [ 81.9469179, 23.8618918 ], [ 81.9472804, 23.8607133 ], [ 81.9459004, 23.8594815 ], [ 81.9460817, 23.8587727 ], [ 81.9499289, 23.8566491 ], [ 81.9541701, 23.8571164 ], [ 81.9555569, 23.8534138 ], [ 81.9577993, 23.852284 ], [ 81.9594294, 23.8529332 ], [ 81.9602655, 23.8555285 ], [ 81.9635873, 23.8536081 ], [ 81.9654049, 23.8559094 ], [ 81.9703341, 23.8572291 ], [ 81.9772102, 23.8562405 ], [ 81.9795183, 23.8574985 ], [ 81.9817103, 23.8608874 ], [ 81.9859916, 23.8619181 ], [ 81.9890705, 23.8604317 ], [ 82.0009268, 23.8621758 ], [ 82.0028331, 23.8612182 ], [ 82.0088132, 23.8610785 ], [ 82.0122333, 23.856599 ], [ 82.0169222, 23.8538232 ], [ 82.0174491, 23.8509561 ], [ 82.0204666, 23.8490714 ], [ 82.0347498, 23.8464089 ], [ 82.0405428, 23.842764 ], [ 82.0441805, 23.8416489 ], [ 82.044685, 23.8409495 ], [ 82.044051, 23.838835 ], [ 82.0412672, 23.836876 ], [ 82.0408667, 23.8329225 ], [ 82.0387565, 23.8331336 ], [ 82.0393169, 23.8285412 ], [ 82.038416, 23.8268405 ], [ 82.0409797, 23.825246 ], [ 82.0433244, 23.8257014 ], [ 82.045888, 23.8241383 ], [ 82.0492406, 23.8242165 ], [ 82.049737, 23.8225737 ], [ 82.0524402, 23.8216452 ], [ 82.0523642, 23.8200179 ], [ 82.053581, 23.8183752 ], [ 82.0569118, 23.8193358 ], [ 82.0617256, 23.8191626 ], [ 82.0668649, 23.8173736 ], [ 82.0690127, 23.8181686 ], [ 82.0723268, 23.817038 ], [ 82.0776379, 23.8186409 ], [ 82.0832728, 23.8154175 ], [ 82.0860021, 23.816481 ], [ 82.0872836, 23.8156244 ], [ 82.0904716, 23.8155322 ], [ 82.0941774, 23.8166833 ], [ 82.0954356, 23.815526 ], [ 82.1045152, 23.8171784 ], [ 82.10665, 23.8186754 ], [ 82.1116685, 23.8169562 ], [ 82.1165857, 23.8170088 ], [ 82.1211195, 23.8193884 ], [ 82.1233731, 23.8220459 ], [ 82.12785, 23.8205036 ], [ 82.1292855, 23.819035 ], [ 82.1353234, 23.8176315 ], [ 82.1371051, 23.8182497 ], [ 82.1390594, 23.8167465 ], [ 82.1417219, 23.8168898 ], [ 82.1420596, 23.815549 ], [ 82.1443642, 23.8162265 ], [ 82.1458881, 23.8154383 ], [ 82.1487641, 23.8168918 ], [ 82.1522843, 23.8171661 ], [ 82.1638338, 23.820682 ], [ 82.1652302, 23.8194657 ], [ 82.1714624, 23.8182401 ], [ 82.1785615, 23.8216146 ], [ 82.1796857, 23.833153 ], [ 82.1808519, 23.8362802 ], [ 82.1862174, 23.8386665 ], [ 82.187431, 23.8414753 ], [ 82.188873, 23.8425876 ], [ 82.1971443, 23.8416488 ], [ 82.1992412, 23.8434905 ], [ 82.2012772, 23.848636 ], [ 82.2050744, 23.8488468 ], [ 82.2112282, 23.8516175 ], [ 82.2121509, 23.8482253 ], [ 82.2153137, 23.8429192 ], [ 82.2153195, 23.8410187 ], [ 82.2119677, 23.8358467 ], [ 82.208106, 23.8349287 ], [ 82.2059701, 23.8301607 ], [ 82.2063125, 23.8274112 ], [ 82.2075318, 23.8261005 ], [ 82.2255089, 23.8200838 ], [ 82.2260904, 23.8109411 ], [ 82.2277133, 23.8072353 ], [ 82.2298151, 23.8059632 ], [ 82.2347014, 23.8049811 ], [ 82.2380149, 23.8056156 ], [ 82.2433132, 23.8085185 ], [ 82.2501293, 23.8156841 ], [ 82.2555891, 23.8175349 ], [ 82.2606107, 23.8212405 ], [ 82.2721067, 23.8170817 ], [ 82.2816411, 23.8169839 ], [ 82.2918131, 23.8098207 ], [ 82.2976144, 23.8072279 ] ] ] } },
{ "type": "Feature", "properties": { "dtname": "Kabirdham", "stname": "CHHATTISGARH", "dist_lgd": 382, "year_stat": "2011_c" }, "geometry": { "type": "Polygon", "coordinates": [ [ [ 81.3382353, 22.5203599 ], [ 81.3506005, 22.5175916 ], [ 81.3538844, 22.5142312 ], [ 81.3543086, 22.5112568 ], [ 81.360593, 22.5120367 ], [ 81.3613552, 22.5150043 ], [ 81.3706256, 22.5148826 ], [ 81.3724087, 22.5147232 ], [ 81.3758197, 22.5110535 ], [ 81.3820553, 22.5098183 ], [ 81.381948, 22.508235 ], [ 81.3848236, 22.5046645 ], [ 81.3861922, 22.4985505 ], [ 81.3840633, 22.4897594 ], [ 81.3915009, 22.4777076 ], [ 81.3912523, 22.4710928 ], [ 81.3886528, 22.4682078 ], [ 81.3896971, 22.4666318 ], [ 81.3900611, 22.4633086 ], [ 81.3884335, 22.4610601 ], [ 81.3881078, 22.4592134 ], [ 81.3904538, 22.4558222 ], [ 81.3900599, 22.4522642 ], [ 81.3929838, 22.4490445 ], [ 81.3933816, 22.4453194 ], [ 81.3950422, 22.4411561 ], [ 81.3964118, 22.4400813 ], [ 81.3997, 22.4397105 ], [ 81.4067044, 22.440951 ], [ 81.4087595, 22.4425987 ], [ 81.4131653, 22.4437355 ], [ 81.4152593, 22.4451438 ], [ 81.420389, 22.4461854 ], [ 81.4241109, 22.4491373 ], [ 81.4286996, 22.4572588 ], [ 81.4267089, 22.4601086 ], [ 81.4267094, 22.4614541 ], [ 81.4238201, 22.4648099 ], [ 81.4227391, 22.4714567 ], [ 81.4259965, 22.4778312 ], [ 81.4278386, 22.4798128 ], [ 81.4322063, 22.4792063 ], [ 81.4344809, 22.4811199 ], [ 81.4392137, 22.482125 ], [ 81.4415254, 22.479907 ], [ 81.4429314, 22.4737973 ], [ 81.4410162, 22.4717843 ], [ 81.4446967, 22.4675203 ], [ 81.4473678, 22.4658756 ], [ 81.4552774, 22.4668787 ], [ 81.4589274, 22.4692925 ], [ 81.4586759, 22.4712071 ], [ 81.4573013, 22.4716774 ], [ 81.4558911, 22.4694973 ], [ 81.4541959, 22.4700354 ], [ 81.4528589, 22.4683925 ], [ 81.4490302, 22.4675184 ], [ 81.4466168, 22.4697636 ], [ 81.4477008, 22.4708061 ], [ 81.4501933, 22.4712429 ], [ 81.4508823, 22.4785889 ], [ 81.4498721, 22.4791267 ], [ 81.4464015, 22.4761753 ], [ 81.4425405, 22.4791977 ], [ 81.4472367, 22.4846546 ], [ 81.4510811, 22.4866034 ], [ 81.4439747, 22.49072 ], [ 81.4426062, 22.4943509 ], [ 81.4468915, 22.4934279 ], [ 81.4494243, 22.4957566 ], [ 81.4525731, 22.4958093 ], [ 81.4563312, 22.4909039 ], [ 81.4588376, 22.4894712 ], [ 81.461987, 22.4909009 ], [ 81.4630088, 22.4930676 ], [ 81.4727955, 22.4937393 ], [ 81.4784325, 22.4922611 ], [ 81.4699408, 22.4838285 ], [ 81.4718022, 22.4766822 ], [ 81.4722602, 22.4696573 ], [ 81.475688, 22.45576 ], [ 81.4913223, 22.4478313 ], [ 81.4919634, 22.4413 ], [ 81.4863401, 22.4378743 ], [ 81.4869722, 22.4341825 ], [ 81.4848415, 22.430755 ], [ 81.48818, 22.4227456 ], [ 81.493628, 22.420453 ], [ 81.4965289, 22.4116419 ], [ 81.4986361, 22.4074383 ], [ 81.5004276, 22.4057486 ], [ 81.5002467, 22.4015763 ], [ 81.5016443, 22.3999732 ], [ 81.5122486, 22.3990684 ], [ 81.5137729, 22.3982071 ], [ 81.516398, 22.3946028 ], [ 81.5161371, 22.3929274 ], [ 81.5170121, 22.3915508 ], [ 81.5129386, 22.3849628 ], [ 81.5122293, 22.3811685 ], [ 81.5139428, 22.3800032 ], [ 81.516945, 22.3816449 ], [ 81.5182689, 22.3798435 ], [ 81.5236206, 22.3780228 ], [ 81.5243764, 22.3734989 ], [ 81.52884, 22.3706299 ], [ 81.5295656, 22.3673115 ], [ 81.5328495, 22.3640488 ], [ 81.5329095, 22.3613171 ], [ 81.5343466, 22.3610695 ], [ 81.5337163, 22.3598817 ], [ 81.5348731, 22.357575 ], [ 81.5365578, 22.3572418 ], [ 81.5350732, 22.3558638 ], [ 81.5375686, 22.3555085 ], [ 81.5368466, 22.3533407 ], [ 81.5391325, 22.3540688 ], [ 81.5387842, 22.3521994 ], [ 81.540541, 22.3529227 ], [ 81.5414106, 22.3517582 ], [ 81.5430458, 22.3528382 ], [ 81.5450182, 22.3500352 ], [ 81.544553, 22.3486036 ], [ 81.5468343, 22.3486137 ], [ 81.5502148, 22.3448811 ], [ 81.5532333, 22.3460339 ], [ 81.5533165, 22.3447922 ], [ 81.5546168, 22.3453391 ], [ 81.5553532, 22.3437958 ], [ 81.5560631, 22.3398873 ], [ 81.5554041, 22.3377609 ], [ 81.5505971, 22.3299542 ], [ 81.5429025, 22.3197452 ], [ 81.5410585, 22.3151247 ], [ 81.5268678, 22.3115382 ], [ 81.5243057, 22.3104078 ], [ 81.525833, 22.3094642 ], [ 81.5238747, 22.3079355 ], [ 81.5244613, 22.3067253 ], [ 81.5274815, 22.3062217 ], [ 81.5288311, 22.3050789 ], [ 81.5313729, 22.2932894 ], [ 81.5388661, 22.2851606 ], [ 81.5373846, 22.2829067 ], [ 81.536621, 22.2827443 ], [ 81.5351607, 22.2843057 ], [ 81.5335125, 22.2835912 ], [ 81.5339563, 22.2780919 ], [ 81.53157, 22.2754708 ], [ 81.5314649, 22.2743858 ], [ 81.5329398, 22.2741236 ], [ 81.5361065, 22.2763281 ], [ 81.5381921, 22.272995 ], [ 81.5421553, 22.2722342 ], [ 81.545394, 22.2727062 ], [ 81.5479168, 22.269261 ], [ 81.5506116, 22.2686634 ], [ 81.5517456, 22.2669098 ], [ 81.5507843, 22.2617906 ], [ 81.5511854, 22.2605606 ], [ 81.548944, 22.2591906 ], [ 81.5514925, 22.2572348 ], [ 81.5519654, 22.2542729 ], [ 81.5511591, 22.24985 ], [ 81.549176, 22.2466028 ], [ 81.5523623, 22.2410529 ], [ 81.5483864, 22.2368261 ], [ 81.5490858, 22.2324354 ], [ 81.5481966, 22.231123 ], [ 81.5457405, 22.231424 ], [ 81.5449914, 22.234296 ], [ 81.5431441, 22.2331652 ], [ 81.5387713, 22.2218604 ], [ 81.5365029, 22.2191473 ], [ 81.5366157, 22.214284 ], [ 81.5331384, 22.2127133 ], [ 81.5370409, 22.2088378 ], [ 81.5385968, 22.2032227 ], [ 81.5381511, 22.201868 ], [ 81.5353518, 22.2007888 ], [ 81.5328945, 22.1933374 ], [ 81.5324438, 22.1860504 ], [ 81.5274339, 22.1683784 ], [ 81.5288616, 22.1617568 ], [ 81.5254385, 22.1561489 ], [ 81.517901, 22.1565007 ], [ 81.5156689, 22.1541338 ], [ 81.5157506, 22.148601 ], [ 81.5147892, 22.145527 ], [ 81.5136354, 22.1325155 ], [ 81.5148599, 22.1272638 ], [ 81.5152185, 22.1203318 ], [ 81.5138914, 22.1106619 ], [ 81.5163799, 22.1019294 ], [ 81.517383, 22.0862478 ], [ 81.520657, 22.084949 ], [ 81.5209874, 22.0841686 ], [ 81.5205573, 22.0826526 ], [ 81.5182998, 22.0817997 ], [ 81.5159732, 22.0738525 ], [ 81.5129319, 22.068537 ], [ 81.5083464, 22.0561901 ], [ 81.5112911, 22.0534719 ], [ 81.5082513, 22.0503024 ], [ 81.5062283, 22.0444592 ], [ 81.5047191, 22.0326081 ], [ 81.5110604, 22.0318555 ], [ 81.5108428, 22.0242321 ], [ 81.5119105, 22.0193649 ], [ 81.5084685, 22.0156288 ], [ 81.5014866, 22.0048953 ], [ 81.5012479, 22.0071925 ], [ 81.5032103, 22.0100578 ], [ 81.5017185, 22.0106857 ], [ 81.5028163, 22.0129835 ], [ 81.4999721, 22.0137588 ], [ 81.4983139, 22.0119373 ], [ 81.4852445, 22.018876 ], [ 81.483331, 22.0180735 ], [ 81.4829522, 22.0167236 ], [ 81.4808902, 22.0179577 ], [ 81.4780116, 22.0151961 ], [ 81.4723862, 22.0150437 ], [ 81.4724322, 22.0141519 ], [ 81.469753, 22.0122118 ], [ 81.470758, 22.0089826 ], [ 81.4737693, 22.0079648 ], [ 81.4746049, 22.0049389 ], [ 81.4766426, 22.0037727 ], [ 81.4764917, 22.0004756 ], [ 81.4798087, 21.9994927 ], [ 81.4778021, 21.9975477 ], [ 81.4781235, 21.9960217 ], [ 81.479171, 21.9954468 ], [ 81.4828169, 21.9977407 ], [ 81.4849439, 21.9975638 ], [ 81.4858664, 21.9966131 ], [ 81.4836052, 21.9941978 ], [ 81.4792644, 21.9935023 ], [ 81.4791568, 21.9919942 ], [ 81.4780181, 21.9907712 ], [ 81.4768319, 21.9908306 ], [ 81.4721595, 21.9836719 ], [ 81.4676441, 21.9788384 ], [ 81.4711757, 21.97512 ], [ 81.4721928, 21.9756207 ], [ 81.4737415, 21.9750237 ], [ 81.4733715, 21.9719217 ], [ 81.4769925, 21.9717524 ], [ 81.4773732, 21.9703913 ], [ 81.4790196, 21.9698637 ], [ 81.4789503, 21.9677775 ], [ 81.4770403, 21.9640941 ], [ 81.4740728, 21.9640823 ], [ 81.4735439, 21.9623532 ], [ 81.4714779, 21.9609299 ], [ 81.4663641, 21.9610072 ], [ 81.4654521, 21.9579507 ], [ 81.4592944, 21.9572812 ], [ 81.4580933, 21.9562026 ], [ 81.458116, 21.9549278 ], [ 81.4554782, 21.9540771 ], [ 81.4511246, 21.9505299 ], [ 81.4522999, 21.9487051 ], [ 81.4518006, 21.9473913 ], [ 81.4540897, 21.9468213 ], [ 81.4541418, 21.9447125 ], [ 81.4524467, 21.9427581 ], [ 81.4515079, 21.9428849 ], [ 81.4502413, 21.9369431 ], [ 81.4531017, 21.9368514 ], [ 81.4550022, 21.9340599 ], [ 81.4568407, 21.9330068 ], [ 81.4599962, 21.9328382 ], [ 81.4625703, 21.9317621 ], [ 81.4616599, 21.9307782 ], [ 81.4593273, 21.9311678 ], [ 81.4547048, 21.9301676 ], [ 81.4534887, 21.9278201 ], [ 81.4519588, 21.9267145 ], [ 81.4524998, 21.92489 ], [ 81.4517343, 21.9233054 ], [ 81.452013, 21.919574 ], [ 81.4546822, 21.9156894 ], [ 81.454836, 21.9138605 ], [ 81.4527215, 21.9143266 ], [ 81.4522609, 21.9126787 ], [ 81.4498505, 21.9116412 ], [ 81.4455686, 21.9124828 ], [ 81.4451419, 21.9114311 ], [ 81.4457607, 21.9102071 ], [ 81.4414827, 21.9096986 ], [ 81.4388736, 21.9077534 ], [ 81.4389942, 21.9068548 ], [ 81.4428837, 21.9048122 ], [ 81.4494204, 21.9036082 ], [ 81.4499134, 21.9025604 ], [ 81.4473441, 21.9021218 ], [ 81.44458, 21.9002484 ], [ 81.4385613, 21.9004404 ], [ 81.4372051, 21.8982456 ], [ 81.4308978, 21.9006643 ], [ 81.4299881, 21.9004613 ], [ 81.4288062, 21.8984697 ], [ 81.426223, 21.8990306 ], [ 81.4236068, 21.9009871 ], [ 81.4225841, 21.9058296 ], [ 81.4199522, 21.9061961 ], [ 81.4216158, 21.9101201 ], [ 81.4200295, 21.9140737 ], [ 81.4159174, 21.9155065 ], [ 81.4123062, 21.9127293 ], [ 81.4115351, 21.9095494 ], [ 81.4108722, 21.9093327 ], [ 81.4105859, 21.9078738 ], [ 81.4112871, 21.9072233 ], [ 81.4093497, 21.9033978 ], [ 81.4093039, 21.8989667 ], [ 81.4081357, 21.8949513 ], [ 81.409702, 21.8924125 ], [ 81.4076534, 21.8881986 ], [ 81.4042866, 21.8889625 ], [ 81.403701, 21.8883527 ], [ 81.4011375, 21.8896629 ], [ 81.3984312, 21.8851193 ], [ 81.3955094, 21.8853364 ], [ 81.3948365, 21.8843789 ], [ 81.3932982, 21.8843247 ], [ 81.3915411, 21.8818993 ], [ 81.3899958, 21.8762622 ], [ 81.3910155, 21.8736786 ], [ 81.3906615, 21.8713659 ], [ 81.3923782, 21.8701509 ], [ 81.392595, 21.8679963 ], [ 81.3941178, 21.8660584 ], [ 81.3948173, 21.8615144 ], [ 81.3945459, 21.8602542 ], [ 81.3926303, 21.8596808 ], [ 81.3937327, 21.858705 ], [ 81.3939691, 21.8571151 ], [ 81.3954007, 21.8571692 ], [ 81.3950855, 21.8552812 ], [ 81.3963191, 21.8557554 ], [ 81.3975711, 21.8543189 ], [ 81.397841, 21.8520695 ], [ 81.4004428, 21.8517169 ], [ 81.4003734, 21.8482028 ], [ 81.4013787, 21.8465269 ], [ 81.399966, 21.8454295 ], [ 81.4006621, 21.8448875 ], [ 81.3982773, 21.8435101 ], [ 81.4020584, 21.842001 ], [ 81.4007807, 21.8398512 ], [ 81.4013538, 21.8348239 ], [ 81.3993741, 21.8307636 ], [ 81.3954762, 21.8298832 ], [ 81.3931653, 21.8310759 ], [ 81.3857961, 21.832264 ], [ 81.3819815, 21.8346851 ], [ 81.3774602, 21.8351186 ], [ 81.3745684, 21.8349017 ], [ 81.3739485, 21.8319568 ], [ 81.3637791, 21.8316261 ], [ 81.3636488, 21.8327733 ], [ 81.3615065, 21.8327956 ], [ 81.3609703, 21.8357901 ], [ 81.3549158, 21.8358841 ], [ 81.3546452, 21.8375868 ], [ 81.3428941, 21.8408904 ], [ 81.3430537, 21.8430766 ], [ 81.3358528, 21.8450844 ], [ 81.3340053, 21.8485437 ], [ 81.3323561, 21.8491168 ], [ 81.3271919, 21.8385729 ], [ 81.319944, 21.8312484 ], [ 81.3218787, 21.8277352 ], [ 81.3226141, 21.82344 ], [ 81.3208788, 21.8199209 ], [ 81.3217249, 21.8196321 ], [ 81.3216381, 21.8182681 ], [ 81.3227939, 21.8168367 ], [ 81.3265074, 21.8158354 ], [ 81.3287026, 21.8133746 ], [ 81.3314688, 21.8046222 ], [ 81.3309613, 21.802305 ], [ 81.3293562, 21.8020335 ], [ 81.3267115, 21.8036269 ], [ 81.3263684, 21.8031389 ], [ 81.326591, 21.8006143 ], [ 81.3283266, 21.8001361 ], [ 81.3282784, 21.7989527 ], [ 81.3299752, 21.7986914 ], [ 81.3295066, 21.794843 ], [ 81.3316877, 21.7926917 ], [ 81.3317541, 21.7915362 ], [ 81.3302834, 21.7916897 ], [ 81.3294847, 21.7902682 ], [ 81.3291633, 21.7873695 ], [ 81.3324735, 21.786944 ], [ 81.3336215, 21.7857666 ], [ 81.3346018, 21.7863894 ], [ 81.3350506, 21.7835438 ], [ 81.3340715, 21.7826538 ], [ 81.3350518, 21.7818308 ], [ 81.3353706, 21.7793866 ], [ 81.3374543, 21.7792948 ], [ 81.3361462, 21.776681 ], [ 81.3369456, 21.7735308 ], [ 81.3387083, 21.773933 ], [ 81.3413789, 21.7731827 ], [ 81.3438198, 21.7739284 ], [ 81.3427082, 21.767928 ], [ 81.3406173, 21.7677525 ], [ 81.3408921, 21.7699957 ], [ 81.3392725, 21.7686096 ], [ 81.3386823, 21.7695175 ], [ 81.3373481, 21.7692904 ], [ 81.3353955, 21.7666296 ], [ 81.3305428, 21.7675901 ], [ 81.3288947, 21.7666771 ], [ 81.3261929, 21.7667981 ], [ 81.3230564, 21.7643716 ], [ 81.3210076, 21.7610511 ], [ 81.319606, 21.7606124 ], [ 81.3161359, 21.7607058 ], [ 81.309867, 21.7627083 ], [ 81.3108588, 21.7580567 ], [ 81.3102499, 21.7577719 ], [ 81.3058198, 21.763478 ], [ 81.3047552, 21.7629589 ], [ 81.3039793, 21.7638041 ], [ 81.3013852, 21.7634782 ], [ 81.3020763, 21.7647049 ], [ 81.3010504, 21.76643 ], [ 81.2994118, 21.7667769 ], [ 81.2972411, 21.7686637 ], [ 81.2954898, 21.7683579 ], [ 81.2944425, 21.7691634 ], [ 81.2904561, 21.7660174 ], [ 81.2894605, 21.7659898 ], [ 81.2873985, 21.7611151 ], [ 81.2798484, 21.7631698 ], [ 81.2795539, 21.762465 ], [ 81.2776787, 21.7624095 ], [ 81.2760565, 21.7587545 ], [ 81.2738186, 21.7592362 ], [ 81.271804, 21.7578482 ], [ 81.2699143, 21.7579145 ], [ 81.2695191, 21.7558321 ], [ 81.2625644, 21.7561972 ], [ 81.2617716, 21.7504262 ], [ 81.2596516, 21.7490283 ], [ 81.2567711, 21.7490586 ], [ 81.2547117, 21.7463701 ], [ 81.2531128, 21.7476725 ], [ 81.2462481, 21.7482271 ], [ 81.243851, 21.751619 ], [ 81.2402621, 21.7516123 ], [ 81.237047, 21.7530545 ], [ 81.2339587, 21.753023 ], [ 81.2261261, 21.7568799 ], [ 81.2246963, 21.755823 ], [ 81.2229565, 21.7558972 ], [ 81.2236428, 21.7540065 ], [ 81.223333, 21.7508135 ], [ 81.22446, 21.7486705 ], [ 81.2240075, 21.7450937 ], [ 81.225388, 21.7433407 ], [ 81.2254825, 21.7408384 ], [ 81.2233272, 21.7351262 ], [ 81.2244743, 21.7317744 ], [ 81.2234852, 21.7277733 ], [ 81.2259566, 21.725112 ], [ 81.2250382, 21.7246246 ], [ 81.2252485, 21.7219688 ], [ 81.2296936, 21.7221022 ], [ 81.2303971, 21.7198435 ], [ 81.2329683, 21.7208177 ], [ 81.2333815, 21.7183426 ], [ 81.2315232, 21.715051 ], [ 81.2325709, 21.7143505 ], [ 81.231633, 21.7136012 ], [ 81.2322401, 21.7118124 ], [ 81.2313446, 21.7100063 ], [ 81.228779, 21.709705 ], [ 81.2267483, 21.7079492 ], [ 81.2251352, 21.7083203 ], [ 81.2220279, 21.7072377 ], [ 81.2178662, 21.7046879 ], [ 81.2149972, 21.7053394 ], [ 81.2121651, 21.7102228 ], [ 81.207036, 21.7122435 ], [ 81.2036965, 21.7107091 ], [ 81.2030591, 21.7111926 ], [ 81.2039728, 21.7120278 ], [ 81.2034756, 21.7125157 ], [ 81.2005074, 21.709974 ], [ 81.1971248, 21.7087284 ], [ 81.1974035, 21.7064295 ], [ 81.1966239, 21.703747 ], [ 81.1925474, 21.7049585 ], [ 81.1917671, 21.7085764 ], [ 81.1857105, 21.7114366 ], [ 81.1851259, 21.7113149 ], [ 81.1864339, 21.7093363 ], [ 81.1833881, 21.7052813 ], [ 81.1804652, 21.7048212 ], [ 81.1798182, 21.7054672 ], [ 81.173031, 21.7062089 ], [ 81.1723589, 21.7048857 ], [ 81.170962, 21.7052486 ], [ 81.1713144, 21.7074187 ], [ 81.1688665, 21.7077437 ], [ 81.1688272, 21.7091135 ], [ 81.1626367, 21.7112276 ], [ 81.1584692, 21.7150601 ], [ 81.1578936, 21.7140652 ], [ 81.1541828, 21.7152222 ], [ 81.151853, 21.7112522 ], [ 81.1306471, 21.7164186 ], [ 81.1309428, 21.7152754 ], [ 81.1298382, 21.7150519 ], [ 81.1309588, 21.7121475 ], [ 81.1291952, 21.7099794 ], [ 81.129929, 21.7063077 ], [ 81.1266291, 21.7041619 ], [ 81.1244072, 21.7067675 ], [ 81.124079, 21.7095992 ], [ 81.1229147, 21.7101951 ], [ 81.1222627, 21.7124261 ], [ 81.1191711, 21.7164449 ], [ 81.1172339, 21.7186439 ], [ 81.1090058, 21.7240118 ], [ 81.105087, 21.732497 ], [ 81.1024534, 21.7344518 ], [ 81.0996994, 21.7331816 ], [ 81.0964816, 21.7300506 ], [ 81.0875566, 21.7333168 ], [ 81.0828503, 21.7326689 ], [ 81.0787479, 21.733236 ], [ 81.078647, 21.7309325 ], [ 81.0778886, 21.7301057 ], [ 81.0784832, 21.7286201 ], [ 81.0729961, 21.7311244 ], [ 81.0682435, 21.7322323 ], [ 81.0643463, 21.7262322 ], [ 81.0634382, 21.72536 ], [ 81.0597368, 21.7255429 ], [ 81.0608923, 21.7243151 ], [ 81.0599262, 21.7237907 ], [ 81.0504789, 21.7268557 ], [ 81.0405832, 21.7275532 ], [ 81.0406789, 21.7293689 ], [ 81.0447193, 21.7370092 ], [ 81.0417566, 21.7383935 ], [ 81.0341118, 21.7388438 ], [ 81.0274804, 21.7415031 ], [ 81.0118227, 21.7365888 ], [ 81.0069885, 21.7330118 ], [ 81.0023786, 21.7273934 ], [ 80.9983725, 21.7281825 ], [ 80.9945411, 21.7304578 ], [ 80.9890203, 21.7357648 ], [ 80.9858865, 21.737054 ], [ 80.9808516, 21.7428079 ], [ 80.9762245, 21.7457135 ], [ 80.9733917, 21.7576057 ], [ 80.9719403, 21.7600142 ], [ 80.9637753, 21.764294 ], [ 80.9529636, 21.7675462 ], [ 80.95493, 21.782887 ], [ 80.9541501, 21.7865913 ], [ 80.9514675, 21.7896473 ], [ 80.9480454, 21.7959522 ], [ 80.9463111, 21.80024 ], [ 80.9457656, 21.8046995 ], [ 80.9424504, 21.8080516 ], [ 80.9384008, 21.808059 ], [ 80.9362243, 21.8089626 ], [ 80.9351513, 21.8106604 ], [ 80.9320695, 21.8127524 ], [ 80.9325529, 21.8165147 ], [ 80.9313107, 21.8179782 ], [ 80.931945, 21.8201546 ], [ 80.9301671, 21.8244449 ], [ 80.9248719, 21.825693 ], [ 80.9227687, 21.8273824 ], [ 80.9192572, 21.8263629 ], [ 80.9186675, 21.8271442 ], [ 80.9168153, 21.8273253 ], [ 80.9148028, 21.8254474 ], [ 80.9104066, 21.8251188 ], [ 80.9091635, 21.8238908 ], [ 80.9082641, 21.8244509 ], [ 80.9057732, 21.8233903 ], [ 80.9053529, 21.8255443 ], [ 80.9031381, 21.8264658 ], [ 80.8995737, 21.8258974 ], [ 80.8981717, 21.8286251 ], [ 80.8972865, 21.827433 ], [ 80.8956664, 21.8284674 ], [ 80.8942349, 21.8283411 ], [ 80.8931272, 21.8269821 ], [ 80.8913959, 21.8278809 ], [ 80.8864775, 21.8280393 ], [ 80.884688, 21.8273485 ], [ 80.8818635, 21.8245941 ], [ 80.8800112, 21.8249329 ], [ 80.8773561, 21.8239757 ], [ 80.8765679, 21.8244272 ], [ 80.8771337, 21.8252671 ], [ 80.8762148, 21.8262515 ], [ 80.8748172, 21.8266038 ], [ 80.8736903, 21.8254432 ], [ 80.8717585, 21.828171 ], [ 80.8677757, 21.8292313 ], [ 80.8681029, 21.8310215 ], [ 80.8610123, 21.8307477 ], [ 80.8589491, 21.831988 ], [ 80.8576207, 21.8318505 ], [ 80.8554176, 21.8343167 ], [ 80.8529394, 21.833576 ], [ 80.8503751, 21.8342121 ], [ 80.8501013, 21.8351015 ], [ 80.8462629, 21.8354777 ], [ 80.8462067, 21.8328059 ], [ 80.8447158, 21.8317443 ], [ 80.8433221, 21.832897 ], [ 80.8424731, 21.8355318 ], [ 80.8411776, 21.8356214 ], [ 80.83985, 21.8373144 ], [ 80.8384726, 21.8364649 ], [ 80.8386256, 21.8383085 ], [ 80.8402705, 21.8380776 ], [ 80.8406969, 21.8386743 ], [ 80.8389057, 21.8400212 ], [ 80.8412674, 21.8397816 ], [ 80.8412003, 21.8427481 ], [ 80.8396884, 21.8437282 ], [ 80.8393703, 21.8478431 ], [ 80.8409854, 21.8483017 ], [ 80.8418608, 21.8505836 ], [ 80.8445958, 21.8511674 ], [ 80.8465394, 21.8528149 ], [ 80.8509432, 21.8521025 ], [ 80.8525635, 21.8548581 ], [ 80.8513722, 21.8544655 ], [ 80.8515019, 21.8558833 ], [ 80.8502411, 21.8558821 ], [ 80.8503547, 21.8581984 ], [ 80.8492888, 21.8591724 ], [ 80.8464999, 21.8599735 ], [ 80.8469471, 21.8613591 ], [ 80.8483953, 21.8614131 ], [ 80.8486469, 21.8621934 ], [ 80.8469012, 21.8633429 ], [ 80.8456623, 21.8623928 ], [ 80.8454356, 21.8642607 ], [ 80.8432642, 21.865555 ], [ 80.8457581, 21.8697488 ], [ 80.849092, 21.8711333 ], [ 80.8527157, 21.8704809 ], [ 80.8533097, 21.8727643 ], [ 80.8495648, 21.8734393 ], [ 80.8504473, 21.8749394 ], [ 80.8499117, 21.8762465 ], [ 80.846213, 21.8738745 ], [ 80.842952, 21.8760736 ], [ 80.8429957, 21.8767821 ], [ 80.8450365, 21.8776693 ], [ 80.844293, 21.8801246 ], [ 80.8427935, 21.8806444 ], [ 80.8432626, 21.8823916 ], [ 80.8413237, 21.8821503 ], [ 80.8399674, 21.8842839 ], [ 80.8378264, 21.8842776 ], [ 80.8349854, 21.8855938 ], [ 80.8331796, 21.8890595 ], [ 80.8339398, 21.8910498 ], [ 80.8320989, 21.890238 ], [ 80.8320604, 21.8921999 ], [ 80.8334043, 21.8930229 ], [ 80.8331338, 21.8946013 ], [ 80.8348066, 21.8960594 ], [ 80.8331789, 21.8986316 ], [ 80.8343331, 21.90061 ], [ 80.8333902, 21.9021251 ], [ 80.8361353, 21.9069989 ], [ 80.8355598, 21.907824 ], [ 80.8333412, 21.9066675 ], [ 80.8321202, 21.9079674 ], [ 80.8350024, 21.9083375 ], [ 80.8344179, 21.9102662 ], [ 80.8360319, 21.9117076 ], [ 80.8362304, 21.914607 ], [ 80.8381526, 21.9157191 ], [ 80.8378742, 21.9178174 ], [ 80.8398108, 21.919453 ], [ 80.8392491, 21.9230458 ], [ 80.8461003, 21.9262442 ], [ 80.846659, 21.9278825 ], [ 80.8456633, 21.9289158 ], [ 80.8456208, 21.9304271 ], [ 80.8476516, 21.9307419 ], [ 80.8476965, 21.9325331 ], [ 80.845807, 21.9339702 ], [ 80.8457142, 21.9398477 ], [ 80.8422341, 21.9401676 ], [ 80.8413868, 21.9411744 ], [ 80.8427998, 21.9424604 ], [ 80.8451829, 21.9416142 ], [ 80.8458907, 21.9420778 ], [ 80.8456998, 21.9428314 ], [ 80.8439069, 21.9429072 ], [ 80.8420431, 21.9441451 ], [ 80.8419328, 21.9450941 ], [ 80.8433136, 21.9451562 ], [ 80.8430362, 21.9461193 ], [ 80.8375267, 21.9469831 ], [ 80.8376795, 21.948838 ], [ 80.8364714, 21.9497434 ], [ 80.8340382, 21.9457516 ], [ 80.8312868, 21.9472879 ], [ 80.8334952, 21.9493096 ], [ 80.8331807, 21.9501061 ], [ 80.8289824, 21.9483831 ], [ 80.8274655, 21.9512676 ], [ 80.8291228, 21.9524275 ], [ 80.8291298, 21.9535478 ], [ 80.8281738, 21.9543031 ], [ 80.8260232, 21.9528358 ], [ 80.8257178, 21.9540941 ], [ 80.827501, 21.9561739 ], [ 80.8254944, 21.9584206 ], [ 80.8274324, 21.9580601 ], [ 80.8288071, 21.9587102 ], [ 80.8291765, 21.9576706 ], [ 80.8311902, 21.9577911 ], [ 80.8360568, 21.9545349 ], [ 80.8369566, 21.954894 ], [ 80.837163, 21.9568757 ], [ 80.8384918, 21.95797 ], [ 80.840875, 21.9555838 ], [ 80.8474691, 21.9557241 ], [ 80.8511006, 21.9573954 ], [ 80.852673, 21.9573074 ], [ 80.8591404, 21.9707775 ], [ 80.8627715, 21.9863238 ], [ 80.865745, 21.9942591 ], [ 80.8757764, 22.0110439 ], [ 80.8769486, 22.0339059 ], [ 80.8757911, 22.0385343 ], [ 80.8809157, 22.0430994 ], [ 80.8858033, 22.049624 ], [ 80.8819915, 22.0529657 ], [ 80.8826942, 22.0590345 ], [ 80.8861093, 22.0591472 ], [ 80.8872523, 22.0574673 ], [ 80.8890058, 22.0571014 ], [ 80.8929545, 22.063084 ], [ 80.8968107, 22.0643434 ], [ 80.8981483, 22.0679736 ], [ 80.8995064, 22.0774153 ], [ 80.9079341, 22.109573 ], [ 80.9108616, 22.1117398 ], [ 80.9146854, 22.1131883 ], [ 80.9219517, 22.1199505 ], [ 80.9256253, 22.1203603 ], [ 80.9475775, 22.1182659 ], [ 80.9569792, 22.110418 ], [ 80.9607645, 22.1035706 ], [ 80.9610095, 22.1000349 ], [ 80.9665485, 22.0935251 ], [ 80.9676069, 22.0892529 ], [ 80.9718804, 22.0823507 ], [ 80.9720278, 22.0782732 ], [ 80.9700628, 22.0740208 ], [ 80.9690247, 22.0647466 ], [ 80.9690982, 22.0587274 ], [ 80.9700419, 22.0574083 ], [ 80.9734562, 22.0562729 ], [ 80.9774766, 22.0561666 ], [ 80.980537, 22.0547061 ], [ 80.9819674, 22.0502348 ], [ 80.9835355, 22.0485992 ], [ 80.9858463, 22.0489995 ], [ 80.9896651, 22.051381 ], [ 80.9943909, 22.0492418 ], [ 80.9949678, 22.0498194 ], [ 80.9942402, 22.0543535 ], [ 80.9948784, 22.0586066 ], [ 80.9983119, 22.0575971 ], [ 81.0025081, 22.0582422 ], [ 81.0052665, 22.0615451 ], [ 81.0091052, 22.0708993 ], [ 81.0066989, 22.0750022 ], [ 81.0045815, 22.0753619 ], [ 81.0021459, 22.0794692 ], [ 81.0014496, 22.0834965 ], [ 81.0061177, 22.0921922 ], [ 81.0113334, 22.0955689 ], [ 81.0066588, 22.0999456 ], [ 81.0031642, 22.1010629 ], [ 81.0016843, 22.1035589 ], [ 80.991565, 22.1115348 ], [ 80.9904764, 22.113554 ], [ 80.9843421, 22.1145561 ], [ 80.9831785, 22.1137712 ], [ 80.9821391, 22.1106337 ], [ 80.9809612, 22.1102145 ], [ 80.9796543, 22.1122157 ], [ 80.9797392, 22.1156338 ], [ 80.9783404, 22.1179196 ], [ 80.9783419, 22.1199651 ], [ 80.9800018, 22.1233099 ], [ 80.9826012, 22.1256969 ], [ 80.9889521, 22.1282528 ], [ 80.9948736, 22.1330214 ], [ 80.9973356, 22.1329248 ], [ 80.9990605, 22.1313164 ], [ 81.0067728, 22.131897 ], [ 81.0136778, 22.1336719 ], [ 81.021913, 22.132729 ], [ 81.0215809, 22.136269 ], [ 81.0237773, 22.1486742 ], [ 81.0222148, 22.1577312 ], [ 81.0244662, 22.1614579 ], [ 81.0263073, 22.1628407 ], [ 81.0267509, 22.1663901 ], [ 81.0229699, 22.1726597 ], [ 81.0171617, 22.1796097 ], [ 81.0166578, 22.1855291 ], [ 81.0224343, 22.1894748 ], [ 81.025529, 22.1873996 ], [ 81.0306637, 22.1874027 ], [ 81.0290069, 22.192495 ], [ 81.0316398, 22.1996535 ], [ 81.0303719, 22.2031748 ], [ 81.0248296, 22.2098678 ], [ 81.0217584, 22.2121191 ], [ 81.0195238, 22.217342 ], [ 81.0194627, 22.2211845 ], [ 81.0223452, 22.2254625 ], [ 81.0236374, 22.2292788 ], [ 81.0270471, 22.2289151 ], [ 81.0377369, 22.2337973 ], [ 81.048398, 22.2438318 ], [ 81.0500614, 22.2445505 ], [ 81.0595983, 22.2442909 ], [ 81.0726098, 22.2483748 ], [ 81.0760355, 22.2446462 ], [ 81.077706, 22.2390386 ], [ 81.079549, 22.2393777 ], [ 81.0810861, 22.2407056 ], [ 81.0824093, 22.2438306 ], [ 81.0888887, 22.2466859 ], [ 81.0915269, 22.2490028 ], [ 81.0973103, 22.268984 ], [ 81.1018545, 22.2783044 ], [ 81.107991, 22.2845048 ], [ 81.1158944, 22.2883028 ], [ 81.1187182, 22.2912605 ], [ 81.1181357, 22.2963944 ], [ 81.1192175, 22.3017406 ], [ 81.1189358, 22.3092226 ], [ 81.1135481, 22.3241275 ], [ 81.1143293, 22.3274327 ], [ 81.1212109, 22.3425955 ], [ 81.1185994, 22.3473591 ], [ 81.1131236, 22.3532739 ], [ 81.111812, 22.3631804 ], [ 81.1096949, 22.3679259 ], [ 81.1086651, 22.3738228 ], [ 81.1036631, 22.3833676 ], [ 81.1059785, 22.387689 ], [ 81.1083367, 22.4009552 ], [ 81.1085155, 22.4080081 ], [ 81.1103356, 22.4174362 ], [ 81.1091453, 22.4216353 ], [ 81.108824, 22.4287559 ], [ 81.1100569, 22.4355289 ], [ 81.1111641, 22.4375745 ], [ 81.1205285, 22.4458018 ], [ 81.1270083, 22.4492289 ], [ 81.1410278, 22.4542265 ], [ 81.1496986, 22.4531282 ], [ 81.153872, 22.4540869 ], [ 81.1564272, 22.4563735 ], [ 81.1565735, 22.4588117 ], [ 81.1628154, 22.4745505 ], [ 81.1672424, 22.4779675 ], [ 81.1722064, 22.4877551 ], [ 81.186973, 22.4888428 ], [ 81.193519, 22.4909532 ], [ 81.1976665, 22.4895666 ], [ 81.1988128, 22.4862008 ], [ 81.1999201, 22.4852025 ], [ 81.1998226, 22.4766889 ], [ 81.2009479, 22.4723606 ], [ 81.2003876, 22.4694621 ], [ 81.201446, 22.4682018 ], [ 81.1994617, 22.4630331 ], [ 81.2061153, 22.4608351 ], [ 81.2073775, 22.4592541 ], [ 81.2077402, 22.4565945 ], [ 81.223725, 22.4534879 ], [ 81.2333036, 22.4524433 ], [ 81.2483148, 22.458808 ], [ 81.251463, 22.4615195 ], [ 81.2568545, 22.4682784 ], [ 81.2619331, 22.4721696 ], [ 81.2615973, 22.4788971 ], [ 81.2597799, 22.4851314 ], [ 81.2621298, 22.493265 ], [ 81.2690678, 22.4943218 ], [ 81.2732863, 22.4931866 ], [ 81.2812693, 22.5029542 ], [ 81.2868819, 22.4991226 ], [ 81.2917842, 22.4942944 ], [ 81.2999496, 22.4902933 ], [ 81.3026622, 22.4878021 ], [ 81.3038444, 22.4848542 ], [ 81.3072907, 22.4819072 ], [ 81.313728, 22.4829212 ], [ 81.3151787, 22.4877666 ], [ 81.3204853, 22.4859579 ], [ 81.3227969, 22.4891599 ], [ 81.322252, 22.4911826 ], [ 81.3181256, 22.4939174 ], [ 81.3208899, 22.4952278 ], [ 81.3182029, 22.5018579 ], [ 81.3198466, 22.5032319 ], [ 81.3199266, 22.5070519 ], [ 81.3172514, 22.5141267 ], [ 81.3180096, 22.5165172 ], [ 81.3233828, 22.5189259 ], [ 81.3228708, 22.5230207 ], [ 81.3265267, 22.5261441 ], [ 81.3347446, 22.5242353 ], [ 81.3382353, 22.5203599 ] ] ] } },
{ "type": "Feature", "properties": { "dtname": "Mungeli", "stname": "CHHATTISGARH", "dist_lgd": 647, "year_stat": "update2014" }, "geometry": { "type": "Polygon", "coordinates": [ [ [ 81.7337282, 22.6683452 ], [ 81.735942, 22.6624559 ], [ 81.7367387, 22.6549963 ], [ 81.7347506, 22.6509386 ], [ 81.7349673, 22.6482158 ], [ 81.7316774, 22.6462539 ], [ 81.7327063, 22.6432281 ], [ 81.7314894, 22.6421227 ], [ 81.7282682, 22.6342504 ], [ 81.7294594, 22.6335498 ], [ 81.7312349, 22.6338082 ], [ 81.7315257, 22.6325009 ], [ 81.7331012, 22.6319805 ], [ 81.735129, 22.6253825 ], [ 81.7348516, 22.618935 ], [ 81.7387882, 22.6156182 ], [ 81.7372049, 22.6123458 ], [ 81.7407457, 22.6125825 ], [ 81.7408869, 22.6070875 ], [ 81.7467176, 22.6068935 ], [ 81.7489293, 22.6076056 ], [ 81.7506076, 22.6069432 ], [ 81.7502662, 22.5972037 ], [ 81.7487902, 22.5947824 ], [ 81.7467393, 22.5935255 ], [ 81.7468531, 22.5913493 ], [ 81.748108, 22.5909756 ], [ 81.7497499, 22.5927874 ], [ 81.7539211, 22.5938156 ], [ 81.7543458, 22.5918608 ], [ 81.7552405, 22.5918434 ], [ 81.7616916, 22.5937128 ], [ 81.7664984, 22.5966104 ], [ 81.7723694, 22.594334 ], [ 81.7745031, 22.5956674 ], [ 81.7780923, 22.5948478 ], [ 81.7830402, 22.5983274 ], [ 81.78857, 22.5969849 ], [ 81.7888526, 22.5961046 ], [ 81.7853624, 22.5941657 ], [ 81.7831732, 22.5883263 ], [ 81.7837182, 22.5877216 ], [ 81.7872038, 22.5888252 ], [ 81.78823, 22.588451 ], [ 81.7881589, 22.5855613 ], [ 81.7863334, 22.5812663 ], [ 81.7882351, 22.580414 ], [ 81.7925525, 22.5806014 ], [ 81.7903141, 22.5755929 ], [ 81.7900775, 22.5729739 ], [ 81.7955478, 22.5717621 ], [ 81.7952906, 22.5709176 ], [ 81.7935695, 22.5707425 ], [ 81.7925852, 22.5692159 ], [ 81.7965004, 22.5642634 ], [ 81.7989929, 22.5629132 ], [ 81.800464, 22.5632804 ], [ 81.8026832, 22.5698009 ], [ 81.8094556, 22.570351 ], [ 81.8134365, 22.5742435 ], [ 81.8195187, 22.5735659 ], [ 81.8245823, 22.5743373 ], [ 81.8259815, 22.5776221 ], [ 81.8281083, 22.5770513 ], [ 81.8274556, 22.573499 ], [ 81.8281129, 22.5704687 ], [ 81.8325753, 22.5710788 ], [ 81.8369125, 22.5705431 ], [ 81.8358884, 22.5678335 ], [ 81.83218, 22.5641472 ], [ 81.8347915, 22.55973 ], [ 81.8366889, 22.5434469 ], [ 81.8352731, 22.5388137 ], [ 81.8320247, 22.533804 ], [ 81.8365715, 22.5179258 ], [ 81.8393074, 22.5135103 ], [ 81.8406592, 22.508086 ], [ 81.8473958, 22.5043586 ], [ 81.8517362, 22.503141 ], [ 81.8574176, 22.5031891 ], [ 81.8589973, 22.5025497 ], [ 81.8603148, 22.5008637 ], [ 81.8600457, 22.4999262 ], [ 81.8653992, 22.4934102 ], [ 81.8726341, 22.4903032 ], [ 81.87649, 22.4875101 ], [ 81.8826896, 22.485223 ], [ 81.889094, 22.4853928 ], [ 81.9008265, 22.4824822 ], [ 81.9021988, 22.4814642 ], [ 81.9053805, 22.4746899 ], [ 81.9039733, 22.4720511 ], [ 81.9047926, 22.4677954 ], [ 81.9078007, 22.4669691 ], [ 81.9109618, 22.4617169 ], [ 81.9100568, 22.4606307 ], [ 81.9066203, 22.4603175 ], [ 81.9033603, 22.4573809 ], [ 81.8992354, 22.4563434 ], [ 81.8980544, 22.4553205 ], [ 81.8986444, 22.4542751 ], [ 81.9017821, 22.4526798 ], [ 81.903211, 22.4502033 ], [ 81.9030005, 22.4489244 ], [ 81.9008493, 22.449 ], [ 81.9006631, 22.4462529 ], [ 81.9016099, 22.4426211 ], [ 81.9054515, 22.4395113 ], [ 81.9092299, 22.4387961 ], [ 81.9149375, 22.4322123 ], [ 81.9156915, 22.426548 ], [ 81.9219081, 22.4218277 ], [ 81.9247656, 22.4122385 ], [ 81.9351396, 22.4107506 ], [ 81.9472751, 22.4046042 ], [ 81.9489637, 22.4011317 ], [ 81.9517231, 22.3982869 ], [ 81.952699, 22.3930074 ], [ 81.9585536, 22.3877725 ], [ 81.9581558, 22.3861315 ], [ 81.9600308, 22.3834419 ], [ 81.9593714, 22.381359 ], [ 81.9601893, 22.3791402 ], [ 81.9661684, 22.3747255 ], [ 81.9654974, 22.373322 ], [ 81.96653, 22.3722343 ], [ 81.9649979, 22.3708806 ], [ 81.9660594, 22.3685478 ], [ 81.9719677, 22.3663262 ], [ 81.9747021, 22.3629348 ], [ 81.9751, 22.3606068 ], [ 81.9763984, 22.3599701 ], [ 81.9719838, 22.3572395 ], [ 81.9703678, 22.3547482 ], [ 81.9638201, 22.3547234 ], [ 81.963001, 22.3524335 ], [ 81.964521, 22.3510277 ], [ 81.962406, 22.3495787 ], [ 81.9618634, 22.3470416 ], [ 81.9594684, 22.3455911 ], [ 81.9586286, 22.3410347 ], [ 81.9560387, 22.3407579 ], [ 81.954307, 22.3421472 ], [ 81.9538328, 22.3438827 ], [ 81.9548108, 22.3460003 ], [ 81.9507208, 22.3478479 ], [ 81.9428672, 22.3559927 ], [ 81.9307751, 22.3616029 ], [ 81.9289999, 22.3615287 ], [ 81.9251328, 22.3595295 ], [ 81.9246985, 22.357142 ], [ 81.9259618, 22.356969 ], [ 81.9249658, 22.3560514 ], [ 81.9261352, 22.3549088 ], [ 81.9248007, 22.3544404 ], [ 81.9280707, 22.3515036 ], [ 81.927294, 22.3507116 ], [ 81.928015, 22.3465647 ], [ 81.9271136, 22.3448271 ], [ 81.9292523, 22.3427995 ], [ 81.9294422, 22.3410161 ], [ 81.9352339, 22.3387862 ], [ 81.9356481, 22.3317123 ], [ 81.9337326, 22.3273496 ], [ 81.9344511, 22.3238522 ], [ 81.9306126, 22.3255775 ], [ 81.9296796, 22.3226415 ], [ 81.9305728, 22.3185324 ], [ 81.9297215, 22.3152866 ], [ 81.930363, 22.3140413 ], [ 81.9319329, 22.3141301 ], [ 81.9324359, 22.3118953 ], [ 81.933482, 22.3116035 ], [ 81.9339678, 22.3101486 ], [ 81.9358425, 22.3109984 ], [ 81.9362678, 22.3101354 ], [ 81.9383631, 22.3102461 ], [ 81.9389389, 22.3091033 ], [ 81.9274652, 22.301293 ], [ 81.926734, 22.2962368 ], [ 81.9292598, 22.2941971 ], [ 81.9246623, 22.2922352 ], [ 81.9159765, 22.2922616 ], [ 81.9153305, 22.2929388 ], [ 81.9141212, 22.2965682 ], [ 81.9138031, 22.3116923 ], [ 81.9075643, 22.3119679 ], [ 81.9040371, 22.3109568 ], [ 81.9005994, 22.3085259 ], [ 81.8982149, 22.30492 ], [ 81.8971833, 22.304633 ], [ 81.8963658, 22.3070087 ], [ 81.8948095, 22.3068147 ], [ 81.8945674, 22.3090132 ], [ 81.8930025, 22.3097766 ], [ 81.8928039, 22.3124888 ], [ 81.8901391, 22.3159802 ], [ 81.887608, 22.3164664 ], [ 81.8868223, 22.3176412 ], [ 81.8859407, 22.316968 ], [ 81.8842738, 22.3172194 ], [ 81.8821785, 22.3189819 ], [ 81.8825203, 22.3197171 ], [ 81.8756684, 22.3217762 ], [ 81.873258, 22.3217563 ], [ 81.8696106, 22.3189161 ], [ 81.8664751, 22.3179031 ], [ 81.8645682, 22.3131252 ], [ 81.863429, 22.3121215 ], [ 81.8566038, 22.3103334 ], [ 81.8529447, 22.3062912 ], [ 81.8516968, 22.3011574 ], [ 81.851715, 22.2956092 ], [ 81.8546305, 22.2943855 ], [ 81.8613034, 22.2934507 ], [ 81.8625347, 22.2924638 ], [ 81.862551, 22.2910645 ], [ 81.8579194, 22.2888978 ], [ 81.8412174, 22.2887549 ], [ 81.8350551, 22.2868786 ], [ 81.8333999, 22.2829453 ], [ 81.8299104, 22.2827939 ], [ 81.8256236, 22.2809053 ], [ 81.8228819, 22.2699374 ], [ 81.8137224, 22.2757155 ], [ 81.8123969, 22.2776709 ], [ 81.820015, 22.2819131 ], [ 81.8228787, 22.2846117 ], [ 81.8239121, 22.2859962 ], [ 81.8242792, 22.2930852 ], [ 81.8150063, 22.2909456 ], [ 81.8087898, 22.2868358 ], [ 81.8061925, 22.2840226 ], [ 81.8047416, 22.287758 ], [ 81.8038287, 22.2879908 ], [ 81.7853591, 22.2872993 ], [ 81.7833515, 22.28873 ], [ 81.7816847, 22.293389 ], [ 81.7843502, 22.292748 ], [ 81.7879279, 22.2955645 ], [ 81.7804606, 22.3012146 ], [ 81.7769617, 22.306321 ], [ 81.7744936, 22.3070474 ], [ 81.7674874, 22.3023616 ], [ 81.7670457, 22.2917971 ], [ 81.7638767, 22.2903454 ], [ 81.7595094, 22.2931444 ], [ 81.759922, 22.2954672 ], [ 81.7572264, 22.2988866 ], [ 81.7567275, 22.3035334 ], [ 81.7559038, 22.3035915 ], [ 81.755402, 22.3048887 ], [ 81.7495182, 22.30731 ], [ 81.7437373, 22.3125606 ], [ 81.7390895, 22.278324 ], [ 81.7410779, 22.2773428 ], [ 81.7427584, 22.2738647 ], [ 81.7420937, 22.2678869 ], [ 81.7337022, 22.2694054 ], [ 81.7327183, 22.2643804 ], [ 81.7307044, 22.2634245 ], [ 81.7311288, 22.2602047 ], [ 81.7340055, 22.2540032 ], [ 81.7310396, 22.2506161 ], [ 81.7323467, 22.2491685 ], [ 81.7374981, 22.2507755 ], [ 81.7389471, 22.2485716 ], [ 81.7430058, 22.2499214 ], [ 81.7455833, 22.2478381 ], [ 81.7494739, 22.2469781 ], [ 81.7554838, 22.2487924 ], [ 81.7566949, 22.2470518 ], [ 81.7567522, 22.24432 ], [ 81.7599132, 22.2402316 ], [ 81.7617094, 22.2399938 ], [ 81.7643047, 22.2424884 ], [ 81.7666146, 22.2416362 ], [ 81.7670922, 22.240134 ], [ 81.76573, 22.2353467 ], [ 81.767252, 22.2341355 ], [ 81.7712636, 22.2338584 ], [ 81.7719996, 22.2324653 ], [ 81.7718582, 22.228016 ], [ 81.7734357, 22.2257974 ], [ 81.775287, 22.2251839 ], [ 81.7798091, 22.2261768 ], [ 81.7832382, 22.2235707 ], [ 81.7869574, 22.2246826 ], [ 81.788985, 22.2226166 ], [ 81.7952369, 22.2230477 ], [ 81.7991031, 22.2210377 ], [ 81.801397, 22.2224731 ], [ 81.8028591, 22.2220467 ], [ 81.8039483, 22.218897 ], [ 81.8102751, 22.2125395 ], [ 81.8092873, 22.2089195 ], [ 81.8097561, 22.2066103 ], [ 81.8143011, 22.2042388 ], [ 81.815291, 22.2029757 ], [ 81.8155665, 22.2014733 ], [ 81.813442, 22.1993553 ], [ 81.8130278, 22.197827 ], [ 81.8159261, 22.1921669 ], [ 81.8155174, 22.1848206 ], [ 81.8167457, 22.1826697 ], [ 81.8218475, 22.1782076 ], [ 81.8223988, 22.1735296 ], [ 81.8283749, 22.1699557 ], [ 81.8309957, 22.1656709 ], [ 81.8355138, 22.16475 ], [ 81.8373514, 22.1635609 ], [ 81.8438074, 22.1561293 ], [ 81.8459003, 22.1523662 ], [ 81.8538129, 22.1499429 ], [ 81.8580495, 22.1418772 ], [ 81.8594692, 22.1334028 ], [ 81.8605498, 22.1325492 ], [ 81.86412, 22.1338713 ], [ 81.8665191, 22.1313274 ], [ 81.8676497, 22.12263 ], [ 81.8685853, 22.1210478 ], [ 81.8710757, 22.1205015 ], [ 81.8763311, 22.1256579 ], [ 81.8786169, 22.1260676 ], [ 81.8853246, 22.1143971 ], [ 81.8926284, 22.1089934 ], [ 81.8926098, 22.1070299 ], [ 81.8900095, 22.103547 ], [ 81.8904012, 22.1007226 ], [ 81.8950105, 22.0991854 ], [ 81.8963655, 22.1006023 ], [ 81.8959264, 22.1023781 ], [ 81.8967929, 22.1062638 ], [ 81.8985324, 22.1069978 ], [ 81.9036356, 22.1069457 ], [ 81.9057948, 22.1009352 ], [ 81.9029272, 22.0981284 ], [ 81.9026155, 22.0957722 ], [ 81.9055713, 22.0936146 ], [ 81.9085907, 22.0878088 ], [ 81.9116843, 22.0869715 ], [ 81.9126617, 22.0854103 ], [ 81.912039, 22.0843348 ], [ 81.9078281, 22.083021 ], [ 81.9076259, 22.0794867 ], [ 81.9106962, 22.0777209 ], [ 81.9135877, 22.0747322 ], [ 81.9184586, 22.0752861 ], [ 81.9229976, 22.0728091 ], [ 81.9246806, 22.0698035 ], [ 81.9229603, 22.065683 ], [ 81.9233808, 22.0642657 ], [ 81.9288169, 22.0636151 ], [ 81.9291662, 22.0676616 ], [ 81.9306489, 22.0678831 ], [ 81.9322044, 22.0668581 ], [ 81.9342458, 22.0630079 ], [ 81.9317182, 22.0587232 ], [ 81.9317914, 22.0558499 ], [ 81.9340974, 22.0555076 ], [ 81.9368075, 22.0583067 ], [ 81.9402938, 22.0565901 ], [ 81.9424058, 22.0530457 ], [ 81.9406103, 22.048858 ], [ 81.9411953, 22.0474064 ], [ 81.9436037, 22.0472006 ], [ 81.9474673, 22.050904 ], [ 81.9493886, 22.0501006 ], [ 81.9512354, 22.0469581 ], [ 81.9517466, 22.0446699 ], [ 81.9500247, 22.0407531 ], [ 81.950389, 22.0376113 ], [ 81.9519751, 22.0356727 ], [ 81.9551586, 22.0343564 ], [ 81.9562371, 22.0322899 ], [ 81.9504909, 22.0218688 ], [ 81.9503245, 22.0187101 ], [ 81.9525677, 22.0162752 ], [ 81.9579288, 22.0159994 ], [ 81.9620136, 22.0148297 ], [ 81.9631657, 22.0138729 ], [ 81.964225, 22.0107478 ], [ 81.9639856, 22.0082892 ], [ 81.9630198, 22.0072885 ], [ 81.9545667, 22.0072929 ], [ 81.9534936, 22.005384 ], [ 81.9545645, 22.003417 ], [ 81.9607172, 22.0000945 ], [ 81.9640385, 21.9996157 ], [ 81.9663822, 22.0006465 ], [ 81.9707498, 22.0049015 ], [ 81.9732564, 22.0049854 ], [ 81.981885, 21.9988534 ], [ 81.9834395, 21.9937231 ], [ 81.9853778, 21.9916852 ], [ 81.9884385, 21.9910375 ], [ 81.9924925, 21.9932483 ], [ 82.0008798, 21.9919717 ], [ 82.0021746, 21.9895883 ], [ 82.0021944, 21.9850001 ], [ 82.0086787, 21.9809502 ], [ 82.0081593, 21.9745111 ], [ 82.0116026, 21.9698625 ], [ 82.0121773, 21.9660848 ], [ 82.009535, 21.9625765 ], [ 82.0014259, 21.9581121 ], [ 81.9971767, 21.950219 ], [ 81.9919359, 21.9467837 ], [ 81.9925637, 21.9425192 ], [ 81.9909279, 21.9386926 ], [ 81.9919868, 21.9372888 ], [ 81.9949356, 21.9358935 ], [ 81.9967405, 21.9327377 ], [ 82.0012896, 21.9284248 ], [ 82.0028822, 21.9165816 ], [ 82.0090199, 21.9147844 ], [ 82.0172414, 21.9152234 ], [ 82.0205569, 21.9142502 ], [ 82.0219468, 21.9129325 ], [ 82.0241508, 21.9095788 ], [ 82.0245799, 21.9050138 ], [ 82.027825, 21.9005182 ], [ 82.0284041, 21.8955153 ], [ 82.0326089, 21.8878864 ], [ 82.0370001, 21.8832919 ], [ 82.0331887, 21.8815016 ], [ 82.030501, 21.878005 ], [ 82.0284772, 21.8732264 ], [ 82.0283815, 21.8641907 ], [ 82.0254768, 21.8604681 ], [ 82.0218409, 21.8579372 ], [ 82.0148662, 21.857007 ], [ 82.0055568, 21.8542866 ], [ 81.9887366, 21.8538419 ], [ 81.9750325, 21.8524187 ], [ 81.9613552, 21.8483616 ], [ 81.9529252, 21.8441982 ], [ 81.9511631, 21.8420953 ], [ 81.9510036, 21.8397182 ], [ 81.9521745, 21.8354786 ], [ 81.9485925, 21.8242508 ], [ 81.9445462, 21.8192757 ], [ 81.9371066, 21.8139059 ], [ 81.9284123, 21.8213421 ], [ 81.9231831, 21.8243212 ], [ 81.9210967, 21.8305076 ], [ 81.9217798, 21.8308899 ], [ 81.9215411, 21.8332892 ], [ 81.902944, 21.8371957 ], [ 81.894309, 21.8401916 ], [ 81.8994511, 21.852025 ], [ 81.9006995, 21.8679446 ], [ 81.9002014, 21.8689562 ], [ 81.8962246, 21.8676698 ], [ 81.8949154, 21.8700214 ], [ 81.8979971, 21.8802165 ], [ 81.9007247, 21.8834037 ], [ 81.8964171, 21.8864439 ], [ 81.8885713, 21.8892488 ], [ 81.88796, 21.8910214 ], [ 81.8858269, 21.8928538 ], [ 81.8754953, 21.8913756 ], [ 81.8750934, 21.8861445 ], [ 81.8696073, 21.8821114 ], [ 81.8614271, 21.8839307 ], [ 81.8606945, 21.8882383 ], [ 81.8576799, 21.8889855 ], [ 81.8587464, 21.8974367 ], [ 81.8530039, 21.8974227 ], [ 81.8424496, 21.8949901 ], [ 81.8400493, 21.8935775 ], [ 81.8396617, 21.8925171 ], [ 81.8378928, 21.8926589 ], [ 81.8404105, 21.8875684 ], [ 81.8421303, 21.8862767 ], [ 81.8416578, 21.8806562 ], [ 81.8359827, 21.8783419 ], [ 81.8335062, 21.8799455 ], [ 81.831304, 21.8787606 ], [ 81.8208421, 21.8801371 ], [ 81.8206218, 21.8820204 ], [ 81.8164051, 21.8837649 ], [ 81.816289, 21.8885831 ], [ 81.818171, 21.8911683 ], [ 81.8177499, 21.8929957 ], [ 81.818723, 21.897672 ], [ 81.8229311, 21.8998863 ], [ 81.822644, 21.9036618 ], [ 81.8237416, 21.9038352 ], [ 81.8240675, 21.9053806 ], [ 81.8246114, 21.9132805 ], [ 81.8224148, 21.9174146 ], [ 81.8204051, 21.917944 ], [ 81.820139, 21.9189237 ], [ 81.8116831, 21.9212375 ], [ 81.8115247, 21.9219153 ], [ 81.806017, 21.9220067 ], [ 81.8057831, 21.9226335 ], [ 81.8034266, 21.9228809 ], [ 81.803467, 21.9248806 ], [ 81.7958315, 21.9292009 ], [ 81.7952315, 21.9302503 ], [ 81.7962497, 21.9364516 ], [ 81.7978421, 21.9428732 ], [ 81.8001586, 21.947317 ], [ 81.798148, 21.9472004 ], [ 81.7966352, 21.9481633 ], [ 81.7944698, 21.9470715 ], [ 81.7867056, 21.9471501 ], [ 81.7863036, 21.9465996 ], [ 81.7867843, 21.9500982 ], [ 81.7729599, 21.9540245 ], [ 81.7728552, 21.9514532 ], [ 81.7710426, 21.9494624 ], [ 81.7683473, 21.9479461 ], [ 81.7630826, 21.9473518 ], [ 81.7585478, 21.9525576 ], [ 81.7559867, 21.9538573 ], [ 81.7549905, 21.9576513 ], [ 81.7554927, 21.9585778 ], [ 81.754261, 21.9585124 ], [ 81.752801, 21.9599409 ], [ 81.7517529, 21.9571182 ], [ 81.7464874, 21.95268 ], [ 81.7446315, 21.9490895 ], [ 81.7423118, 21.949406 ], [ 81.7414986, 21.9479109 ], [ 81.739142, 21.9465744 ], [ 81.7297148, 21.9469252 ], [ 81.7292313, 21.9436572 ], [ 81.7278078, 21.9437073 ], [ 81.7216355, 21.9464265 ], [ 81.7210868, 21.9506979 ], [ 81.7156782, 21.9519604 ], [ 81.7152363, 21.9534957 ], [ 81.7097271, 21.9536357 ], [ 81.7058519, 21.9523788 ], [ 81.7058497, 21.9572316 ], [ 81.7067039, 21.957182 ], [ 81.7067719, 21.9588741 ], [ 81.7056541, 21.9588549 ], [ 81.7056229, 21.9597111 ], [ 81.6864686, 21.9622473 ], [ 81.6862566, 21.9598562 ], [ 81.683202, 21.9588318 ], [ 81.6677922, 21.962654 ], [ 81.662824, 21.9655977 ], [ 81.6630245, 21.9662766 ], [ 81.6591166, 21.9682272 ], [ 81.6581779, 21.9680109 ], [ 81.6578617, 21.9688671 ], [ 81.6578304, 21.9701266 ], [ 81.6586953, 21.9703036 ], [ 81.6580099, 21.9741107 ], [ 81.6587639, 21.9779462 ], [ 81.6631636, 21.9812139 ], [ 81.6632595, 21.9846284 ], [ 81.6596912, 21.9855528 ], [ 81.659284, 21.9864697 ], [ 81.657955, 21.9867849 ], [ 81.6574595, 21.9881233 ], [ 81.655276, 21.9877793 ], [ 81.6551363, 21.9890597 ], [ 81.6508501, 21.9901145 ], [ 81.6500695, 21.9895439 ], [ 81.6477279, 21.990607 ], [ 81.6477542, 21.9923988 ], [ 81.646119, 21.9909034 ], [ 81.644579, 21.9911299 ], [ 81.6402152, 21.9890141 ], [ 81.6352191, 21.9897722 ], [ 81.6329358, 21.9910636 ], [ 81.6326509, 21.9890365 ], [ 81.6315327, 21.9877377 ], [ 81.6266821, 21.9857306 ], [ 81.6243088, 21.9864982 ], [ 81.6236654, 21.987679 ], [ 81.6157162, 21.9883676 ], [ 81.6162836, 21.9943083 ], [ 81.6157349, 21.9962763 ], [ 81.6162834, 21.9963157 ], [ 81.6168765, 22.0020214 ], [ 81.6147712, 22.0018175 ], [ 81.6109611, 22.0042176 ], [ 81.6117217, 22.0082729 ], [ 81.6091647, 22.0096219 ], [ 81.6111256, 22.0134687 ], [ 81.6060436, 22.0151085 ], [ 81.6071919, 22.0167466 ], [ 81.6036997, 22.0174217 ], [ 81.5967097, 22.0180677 ], [ 81.596117, 22.0169184 ], [ 81.5899017, 22.0189983 ], [ 81.5889374, 22.0186785 ], [ 81.5887336, 22.0177078 ], [ 81.584875, 22.0181937 ], [ 81.5847839, 22.0232854 ], [ 81.5812635, 22.0243728 ], [ 81.5805307, 22.0244673 ], [ 81.5800671, 22.0231984 ], [ 81.5773384, 22.0242494 ], [ 81.5740355, 22.0211205 ], [ 81.5729967, 22.0188686 ], [ 81.5734798, 22.0165655 ], [ 81.5832943, 22.0146379 ], [ 81.5844357, 22.0161963 ], [ 81.5861621, 22.015987 ], [ 81.5912751, 22.0107703 ], [ 81.5913262, 22.0067095 ], [ 81.5890269, 22.0065252 ], [ 81.5883954, 22.0032398 ], [ 81.5898311, 22.002656 ], [ 81.5887956, 21.9979092 ], [ 81.5911233, 21.9956452 ], [ 81.5916244, 21.9931937 ], [ 81.5898004, 21.9878985 ], [ 81.5877222, 21.9889116 ], [ 81.5841937, 21.9881615 ], [ 81.5798564, 21.9820212 ], [ 81.5771979, 21.9833981 ], [ 81.576479, 21.9884568 ], [ 81.5734302, 21.9896662 ], [ 81.5729054, 21.9920192 ], [ 81.573794, 21.9942945 ], [ 81.5721419, 21.996529 ], [ 81.5714034, 21.9968141 ], [ 81.5672213, 21.9945002 ], [ 81.557842, 21.9952439 ], [ 81.5580733, 21.9969857 ], [ 81.5592063, 21.9979506 ], [ 81.5568537, 22.000907 ], [ 81.5573586, 22.0017691 ], [ 81.5530992, 22.0020225 ], [ 81.5506737, 22.003479 ], [ 81.5496205, 22.0028534 ], [ 81.5474421, 22.0038659 ], [ 81.5475164, 22.005165 ], [ 81.5444277, 22.0052709 ], [ 81.5401453, 22.0069821 ], [ 81.5329215, 22.0066852 ], [ 81.5317314, 22.0054372 ], [ 81.5334064, 22.006111 ], [ 81.5325651, 22.0042524 ], [ 81.5282892, 22.005366 ], [ 81.526863, 22.0038949 ], [ 81.5252209, 22.0042834 ], [ 81.5230656, 22.0063272 ], [ 81.5224726, 22.0057219 ], [ 81.5203256, 22.0067633 ], [ 81.5198093, 22.0057774 ], [ 81.5181843, 22.0057003 ], [ 81.5117375, 21.9985946 ], [ 81.5076838, 22.0017105 ], [ 81.5074851, 22.0027356 ], [ 81.5034939, 22.0022941 ], [ 81.5009829, 22.0034066 ], [ 81.5084685, 22.0156288 ], [ 81.5119105, 22.0193649 ], [ 81.5108428, 22.0242321 ], [ 81.5110604, 22.0318555 ], [ 81.5047191, 22.0326081 ], [ 81.5055974, 22.0417369 ], [ 81.5082513, 22.0503024 ], [ 81.5111158, 22.0526225 ], [ 81.5112911, 22.0534719 ], [ 81.5083464, 22.0561901 ], [ 81.5107019, 22.0632151 ], [ 81.5159732, 22.0738525 ], [ 81.5182998, 22.0817997 ], [ 81.5205573, 22.0826526 ], [ 81.5209874, 22.0841686 ], [ 81.520657, 22.084949 ], [ 81.517383, 22.0862478 ], [ 81.5163799, 22.1019294 ], [ 81.5138914, 22.1106619 ], [ 81.5152185, 22.1203318 ], [ 81.5148599, 22.1272638 ], [ 81.5136354, 22.1325155 ], [ 81.5147892, 22.145527 ], [ 81.5157506, 22.148601 ], [ 81.5156689, 22.1541338 ], [ 81.517901, 22.1565007 ], [ 81.5254385, 22.1561489 ], [ 81.5288616, 22.1617568 ], [ 81.5274339, 22.1683784 ], [ 81.5324438, 22.1860504 ], [ 81.5328945, 22.1933374 ], [ 81.5353518, 22.2007888 ], [ 81.5381511, 22.201868 ], [ 81.5385968, 22.2032227 ], [ 81.5370409, 22.2088378 ], [ 81.5331384, 22.2127133 ], [ 81.5366157, 22.214284 ], [ 81.5365029, 22.2191473 ], [ 81.5387713, 22.2218604 ], [ 81.5431441, 22.2331652 ], [ 81.5449914, 22.234296 ], [ 81.5457405, 22.231424 ], [ 81.5481966, 22.231123 ], [ 81.5490858, 22.2324354 ], [ 81.5483864, 22.2368261 ], [ 81.5523623, 22.2410529 ], [ 81.549176, 22.2466028 ], [ 81.5511591, 22.24985 ], [ 81.5519654, 22.2542729 ], [ 81.5514925, 22.2572348 ], [ 81.548944, 22.2591906 ], [ 81.5511854, 22.2605606 ], [ 81.5507843, 22.2617906 ], [ 81.5517456, 22.2669098 ], [ 81.5506116, 22.2686634 ], [ 81.5479168, 22.269261 ], [ 81.545394, 22.2727062 ], [ 81.5421553, 22.2722342 ], [ 81.5381921, 22.272995 ], [ 81.5361065, 22.2763281 ], [ 81.5329398, 22.2741236 ], [ 81.5314649, 22.2743858 ], [ 81.53157, 22.2754708 ], [ 81.5339563, 22.2780919 ], [ 81.5335125, 22.2835912 ], [ 81.5351607, 22.2843057 ], [ 81.536621, 22.2827443 ], [ 81.5373846, 22.2829067 ], [ 81.5388661, 22.2851606 ], [ 81.5313729, 22.2932894 ], [ 81.5288311, 22.3050789 ], [ 81.5274815, 22.3062217 ], [ 81.5244613, 22.3067253 ], [ 81.5238747, 22.3079355 ], [ 81.525833, 22.3094642 ], [ 81.5243057, 22.3104078 ], [ 81.5268678, 22.3115382 ], [ 81.5410585, 22.3151247 ], [ 81.5429025, 22.3197452 ], [ 81.554197, 22.3353595 ], [ 81.5560631, 22.3398873 ], [ 81.5546168, 22.3453391 ], [ 81.553535, 22.3445937 ], [ 81.5532868, 22.3460023 ], [ 81.5521606, 22.3460334 ], [ 81.5509914, 22.3449085 ], [ 81.5499041, 22.3449804 ], [ 81.5468343, 22.3486137 ], [ 81.5444462, 22.3487119 ], [ 81.5450182, 22.3500352 ], [ 81.5432303, 22.3527299 ], [ 81.5414106, 22.3517582 ], [ 81.540541, 22.3529227 ], [ 81.5387842, 22.3521994 ], [ 81.5391325, 22.3540688 ], [ 81.5368466, 22.3533407 ], [ 81.5375686, 22.3555085 ], [ 81.5350732, 22.3558638 ], [ 81.5365578, 22.3572418 ], [ 81.5348731, 22.357575 ], [ 81.5337163, 22.3598817 ], [ 81.5343466, 22.3610695 ], [ 81.5329095, 22.3613171 ], [ 81.5328495, 22.3640488 ], [ 81.5295656, 22.3673115 ], [ 81.52884, 22.3706299 ], [ 81.5243764, 22.3734989 ], [ 81.5236206, 22.3780228 ], [ 81.5182689, 22.3798435 ], [ 81.516945, 22.3816449 ], [ 81.5139428, 22.3800032 ], [ 81.5122293, 22.3811685 ], [ 81.5129386, 22.3849628 ], [ 81.5170121, 22.3915508 ], [ 81.5161371, 22.3929274 ], [ 81.5164612, 22.3944538 ], [ 81.5137729, 22.3982071 ], [ 81.5122486, 22.3990684 ], [ 81.5016443, 22.3999732 ], [ 81.5002467, 22.4015763 ], [ 81.5004276, 22.4057486 ], [ 81.4986361, 22.4074383 ], [ 81.4965289, 22.4116419 ], [ 81.493628, 22.420453 ], [ 81.48818, 22.4227456 ], [ 81.4848415, 22.430755 ], [ 81.4869722, 22.4341825 ], [ 81.4863401, 22.4378743 ], [ 81.4919634, 22.4413 ], [ 81.4913223, 22.4478313 ], [ 81.475688, 22.45576 ], [ 81.4722602, 22.4696573 ], [ 81.4718022, 22.4766822 ], [ 81.4699408, 22.4838285 ], [ 81.4784325, 22.4922611 ], [ 81.4826116, 22.4884276 ], [ 81.4847101, 22.4878301 ], [ 81.4870103, 22.4902352 ], [ 81.4863135, 22.4937575 ], [ 81.4876857, 22.4961406 ], [ 81.48868, 22.5017886 ], [ 81.4893807, 22.5031664 ], [ 81.4944216, 22.5050091 ], [ 81.4954768, 22.5087692 ], [ 81.4974356, 22.5116416 ], [ 81.4955299, 22.514262 ], [ 81.4969577, 22.5197495 ], [ 81.4997859, 22.5205068 ], [ 81.5093118, 22.526063 ], [ 81.5104914, 22.5219551 ], [ 81.5182449, 22.5198021 ], [ 81.5234409, 22.5321726 ], [ 81.5232155, 22.5346424 ], [ 81.5213379, 22.5365962 ], [ 81.5222305, 22.5390125 ], [ 81.5326716, 22.5385266 ], [ 81.5409818, 22.5330406 ], [ 81.544484, 22.528333 ], [ 81.5460835, 22.5275797 ], [ 81.5472014, 22.5275035 ], [ 81.5529589, 22.5310461 ], [ 81.558952, 22.5307868 ], [ 81.5625329, 22.5334431 ], [ 81.5656149, 22.5324284 ], [ 81.5700331, 22.5322719 ], [ 81.5630333, 22.5339626 ], [ 81.5627525, 22.5423608 ], [ 81.5628328, 22.5474991 ], [ 81.5650972, 22.5494551 ], [ 81.5695494, 22.55073 ], [ 81.5725149, 22.5499995 ], [ 81.5752331, 22.5477924 ], [ 81.5862346, 22.5439168 ], [ 81.589282, 22.5451411 ], [ 81.5918291, 22.5452184 ], [ 81.5943477, 22.5422299 ], [ 81.5963369, 22.536532 ], [ 81.5999777, 22.5352593 ], [ 81.604989, 22.5346098 ], [ 81.6132127, 22.5386653 ], [ 81.6154196, 22.5369225 ], [ 81.6219425, 22.5380155 ], [ 81.6286893, 22.544418 ], [ 81.6240422, 22.5558822 ], [ 81.6278778, 22.5604515 ], [ 81.6290252, 22.5633593 ], [ 81.635185, 22.5652825 ], [ 81.6357975, 22.5648399 ], [ 81.6362492, 22.5600538 ], [ 81.6387384, 22.5610966 ], [ 81.6427683, 22.5597145 ], [ 81.6438575, 22.5612767 ], [ 81.6492881, 22.5632807 ], [ 81.6534592, 22.5630181 ], [ 81.6599315, 22.5694555 ], [ 81.6561789, 22.5722919 ], [ 81.6565441, 22.5743191 ], [ 81.6555623, 22.5758183 ], [ 81.6551739, 22.578812 ], [ 81.6578349, 22.5844419 ], [ 81.6556759, 22.584185 ], [ 81.651839, 22.5808535 ], [ 81.6497143, 22.5814543 ], [ 81.6489564, 22.5849628 ], [ 81.6454847, 22.584444 ], [ 81.6449794, 22.5868642 ], [ 81.6494337, 22.5889451 ], [ 81.6464927, 22.5934065 ], [ 81.6464394, 22.5950455 ], [ 81.6480348, 22.5977002 ], [ 81.646859, 22.6034166 ], [ 81.6457115, 22.6048707 ], [ 81.6472545, 22.6132642 ], [ 81.6492149, 22.6159866 ], [ 81.6527413, 22.6185597 ], [ 81.6608975, 22.6192894 ], [ 81.6624414, 22.6268114 ], [ 81.6690432, 22.6319615 ], [ 81.6720541, 22.6325566 ], [ 81.6757629, 22.639116 ], [ 81.6801759, 22.6422255 ], [ 81.6846487, 22.6478182 ], [ 81.6887692, 22.6484668 ], [ 81.6988854, 22.6447645 ], [ 81.7139481, 22.6486489 ], [ 81.7227249, 22.6570645 ], [ 81.7246376, 22.6649828 ], [ 81.7239389, 22.6676427 ], [ 81.7243644, 22.6706992 ], [ 81.7264224, 22.6740781 ], [ 81.7288665, 22.6729223 ], [ 81.7337282, 22.6683452 ] ] ] } },
{ "type": "Feature", "properties": { "dtname": "Janjgir-Champa", "stname": "CHHATTISGARH", "dist_lgd": 379, "year_stat": "2011_c" }, "geometry": { "type": "MultiPolygon", "coordinates": [ [ [ [ 81.5806067, 22.0244917 ], [ 81.5847839, 22.0232854 ], [ 81.584875, 22.0181937 ], [ 81.5887336, 22.0177078 ], [ 81.5889374, 22.0186785 ], [ 81.5899017, 22.0189983 ], [ 81.596117, 22.0169184 ], [ 81.5967097, 22.0180677 ], [ 81.6036997, 22.0174217 ], [ 81.6071919, 22.0167466 ], [ 81.6060436, 22.0151085 ], [ 81.6111256, 22.0134687 ], [ 81.6091647, 22.0096219 ], [ 81.6117217, 22.0082729 ], [ 81.6109611, 22.0042176 ], [ 81.6147712, 22.0018175 ], [ 81.6168765, 22.0020214 ], [ 81.6162834, 21.9963157 ], [ 81.6157349, 21.9962763 ], [ 81.6162836, 21.9943083 ], [ 81.6157162, 21.9883676 ], [ 81.6236654, 21.987679 ], [ 81.6243088, 21.9864982 ], [ 81.6266821, 21.9857306 ], [ 81.6315327, 21.9877377 ], [ 81.6326509, 21.9890365 ], [ 81.6329358, 21.9910636 ], [ 81.6352191, 21.9897722 ], [ 81.6402152, 21.9890141 ], [ 81.644579, 21.9911299 ], [ 81.646119, 21.9909034 ], [ 81.6477542, 21.9923988 ], [ 81.6477279, 21.990607 ], [ 81.6500695, 21.9895439 ], [ 81.6508501, 21.9901145 ], [ 81.6551363, 21.9890597 ], [ 81.655276, 21.9877793 ], [ 81.6574595, 21.9881233 ], [ 81.657955, 21.9867849 ], [ 81.659284, 21.9864697 ], [ 81.6596912, 21.9855528 ], [ 81.6632595, 21.9846284 ], [ 81.6631636, 21.9812139 ], [ 81.6587639, 21.9779462 ], [ 81.6580099, 21.9741107 ], [ 81.6586953, 21.9703036 ], [ 81.6578304, 21.9701266 ], [ 81.6578617, 21.9688671 ], [ 81.6581779, 21.9680109 ], [ 81.6591166, 21.9682272 ], [ 81.6630245, 21.9662766 ], [ 81.662824, 21.9655977 ], [ 81.6677922, 21.962654 ], [ 81.683202, 21.9588318 ], [ 81.6862566, 21.9598562 ], [ 81.6864686, 21.9622473 ], [ 81.7056229, 21.9597111 ], [ 81.7056541, 21.9588549 ], [ 81.7067719, 21.9588741 ], [ 81.7067039, 21.957182 ], [ 81.7058497, 21.9572316 ], [ 81.7058519, 21.9523788 ], [ 81.7097271, 21.9536357 ], [ 81.7152363, 21.9534957 ], [ 81.7156782, 21.9519604 ], [ 81.7210868, 21.9506979 ], [ 81.7216355, 21.9464265 ], [ 81.7278078, 21.9437073 ], [ 81.7292313, 21.9436572 ], [ 81.7297148, 21.9469252 ], [ 81.739142, 21.9465744 ], [ 81.7414986, 21.9479109 ], [ 81.7423118, 21.949406 ], [ 81.7446315, 21.9490895 ], [ 81.7464874, 21.95268 ], [ 81.7517529, 21.9571182 ], [ 81.752801, 21.9599409 ], [ 81.754261, 21.9585124 ], [ 81.7554927, 21.9585778 ], [ 81.7549905, 21.9576513 ], [ 81.7559867, 21.9538573 ], [ 81.7585478, 21.9525576 ], [ 81.7630826, 21.9473518 ], [ 81.7683473, 21.9479461 ], [ 81.7710426, 21.9494624 ], [ 81.7728552, 21.9514532 ], [ 81.7729599, 21.9540245 ], [ 81.7867843, 21.9500982 ], [ 81.7863036, 21.9465996 ], [ 81.7867056, 21.9471501 ], [ 81.7944698, 21.9470715 ], [ 81.7966352, 21.9481633 ], [ 81.798148, 21.9472004 ], [ 81.8001586, 21.947317 ], [ 81.7978421, 21.9428732 ], [ 81.7962497, 21.9364516 ], [ 81.7952315, 21.9302503 ], [ 81.7958315, 21.9292009 ], [ 81.803467, 21.9248806 ], [ 81.8034266, 21.9228809 ], [ 81.8057831, 21.9226335 ], [ 81.806017, 21.9220067 ], [ 81.8115247, 21.9219153 ], [ 81.8116831, 21.9212375 ], [ 81.820139, 21.9189237 ], [ 81.8204051, 21.917944 ], [ 81.8224148, 21.9174146 ], [ 81.8246114, 21.9132805 ], [ 81.8240675, 21.9053806 ], [ 81.8237416, 21.9038352 ], [ 81.822644, 21.9036618 ], [ 81.8229311, 21.8998863 ], [ 81.818723, 21.897672 ], [ 81.8177499, 21.8929957 ], [ 81.818171, 21.8911683 ], [ 81.816289, 21.8885831 ], [ 81.8164051, 21.8837649 ], [ 81.8206218, 21.8820204 ], [ 81.8208421, 21.8801371 ], [ 81.831304, 21.8787606 ], [ 81.8335062, 21.8799455 ], [ 81.8359827, 21.8783419 ], [ 81.8416578, 21.8806562 ], [ 81.8421303, 21.8862767 ], [ 81.8404105, 21.8875684 ], [ 81.8378928, 21.8926589 ], [ 81.8396617, 21.8925171 ], [ 81.8400493, 21.8935775 ], [ 81.8424496, 21.8949901 ], [ 81.8530039, 21.8974227 ], [ 81.8587464, 21.8974367 ], [ 81.8576799, 21.8889855 ], [ 81.8606945, 21.8882383 ], [ 81.8614271, 21.8839307 ], [ 81.8696073, 21.8821114 ], [ 81.8750934, 21.8861445 ], [ 81.8754953, 21.8913756 ], [ 81.8858269, 21.8928538 ], [ 81.88796, 21.8910214 ], [ 81.8885713, 21.8892488 ], [ 81.8964171, 21.8864439 ], [ 81.9007247, 21.8834037 ], [ 81.8979971, 21.8802165 ], [ 81.8949154, 21.8700214 ], [ 81.8962246, 21.8676698 ], [ 81.9002014, 21.8689562 ], [ 81.9006995, 21.8679446 ], [ 81.8994511, 21.852025 ], [ 81.894309, 21.8401916 ], [ 81.902944, 21.8371957 ], [ 81.9215411, 21.8332892 ], [ 81.9217798, 21.8308899 ], [ 81.9210967, 21.8305076 ], [ 81.9231831, 21.8243212 ], [ 81.9284123, 21.8213421 ], [ 81.9371066, 21.8139059 ], [ 81.9267984, 21.8069744 ], [ 81.9172785, 21.7986992 ], [ 81.9114998, 21.7952162 ], [ 81.9018761, 21.7846641 ], [ 81.8958136, 21.7793726 ], [ 81.8794838, 21.7745436 ], [ 81.8713857, 21.7703244 ], [ 81.8585728, 21.7684843 ], [ 81.850717, 21.7604845 ], [ 81.8482077, 21.75909 ], [ 81.8423784, 21.7579271 ], [ 81.8290471, 21.7606727 ], [ 81.8220796, 21.7592874 ], [ 81.8152004, 21.7605438 ], [ 81.8125072, 21.7622802 ], [ 81.8088002, 21.7665471 ], [ 81.8076124, 21.7701131 ], [ 81.8053282, 21.7723745 ], [ 81.8004358, 21.7717269 ], [ 81.7956934, 21.7699902 ], [ 81.7893544, 21.7669183 ], [ 81.7840469, 21.7627762 ], [ 81.781066, 21.7633028 ], [ 81.7728533, 21.7694248 ], [ 81.7683415, 21.7674283 ], [ 81.7664018, 21.7689211 ], [ 81.7659487, 21.7730614 ], [ 81.759085, 21.7764454 ], [ 81.7556405, 21.7794118 ], [ 81.754692, 21.7958351 ], [ 81.7491852, 21.8002701 ], [ 81.7482857, 21.8036628 ], [ 81.7458472, 21.8031723 ], [ 81.7469226, 21.7968262 ], [ 81.7462905, 21.795457 ], [ 81.7441829, 21.7935185 ], [ 81.7425532, 21.7931977 ], [ 81.7357801, 21.7966547 ], [ 81.7317148, 21.8015187 ], [ 81.7282729, 21.8013821 ], [ 81.723701, 21.8049134 ], [ 81.7174791, 21.8081172 ], [ 81.7167025, 21.8123651 ], [ 81.7147996, 21.8137935 ], [ 81.7095189, 21.8138535 ], [ 81.7072414, 21.8154342 ], [ 81.7042106, 21.81545 ], [ 81.7000349, 21.811184 ], [ 81.6961508, 21.8095433 ], [ 81.69485, 21.8100577 ], [ 81.6915764, 21.8139754 ], [ 81.6891176, 21.8149988 ], [ 81.6785233, 21.8160871 ], [ 81.6750472, 21.8137718 ], [ 81.6697249, 21.817032 ], [ 81.6670758, 21.817708 ], [ 81.6534225, 21.8156465 ], [ 81.649356, 21.8165754 ], [ 81.6400947, 21.8220374 ], [ 81.6347521, 21.8231947 ], [ 81.6318466, 21.8277659 ], [ 81.6277194, 21.831516 ], [ 81.621364, 21.8328098 ], [ 81.615176, 21.8302733 ], [ 81.6086076, 21.8305601 ], [ 81.6033083, 21.8321976 ], [ 81.5988349, 21.8346022 ], [ 81.5926583, 21.8341147 ], [ 81.5900968, 21.8352217 ], [ 81.584442, 21.8412857 ], [ 81.5787188, 21.8460083 ], [ 81.5816373, 21.8509636 ], [ 81.5813775, 21.852389 ], [ 81.5685732, 21.8607226 ], [ 81.5629622, 21.8675953 ], [ 81.5614969, 21.8722828 ], [ 81.5641292, 21.8747811 ], [ 81.5638333, 21.8754787 ], [ 81.5603647, 21.8765564 ], [ 81.5562394, 21.8735683 ], [ 81.5532172, 21.8752411 ], [ 81.5534724, 21.8768169 ], [ 81.5557523, 21.8780999 ], [ 81.5549357, 21.8805077 ], [ 81.5561592, 21.8810633 ], [ 81.5581572, 21.8842312 ], [ 81.5573877, 21.8849022 ], [ 81.5554229, 21.8845436 ], [ 81.5526318, 21.885772 ], [ 81.5523748, 21.8869111 ], [ 81.5491011, 21.8873552 ], [ 81.5485689, 21.8880868 ], [ 81.5491521, 21.8916798 ], [ 81.5538272, 21.8933187 ], [ 81.5542093, 21.8981676 ], [ 81.5521196, 21.8962314 ], [ 81.5401274, 21.8948102 ], [ 81.5377973, 21.8975361 ], [ 81.5356476, 21.8980267 ], [ 81.5355757, 21.9037459 ], [ 81.5334462, 21.9085017 ], [ 81.5317421, 21.9092359 ], [ 81.5304937, 21.9085317 ], [ 81.5301144, 21.9114583 ], [ 81.5284362, 21.9144256 ], [ 81.5289846, 21.9179079 ], [ 81.5284348, 21.9214153 ], [ 81.5272235, 21.9213724 ], [ 81.5275329, 21.9225825 ], [ 81.5248955, 21.9235742 ], [ 81.5250839, 21.9245374 ], [ 81.5217936, 21.926032 ], [ 81.5180932, 21.9227053 ], [ 81.5107632, 21.9247366 ], [ 81.5085497, 21.9197128 ], [ 81.5070837, 21.9206373 ], [ 81.5059971, 21.9185802 ], [ 81.5046445, 21.91909 ], [ 81.5049548, 21.9229747 ], [ 81.5038531, 21.9268889 ], [ 81.5081846, 21.9370839 ], [ 81.5142109, 21.937865 ], [ 81.5144432, 21.9396198 ], [ 81.5156557, 21.940003 ], [ 81.5193034, 21.9404932 ], [ 81.519771, 21.9395307 ], [ 81.5207232, 21.9395019 ], [ 81.5216079, 21.9405944 ], [ 81.5214647, 21.9444749 ], [ 81.5252689, 21.9451709 ], [ 81.5254496, 21.943065 ], [ 81.5286989, 21.943096 ], [ 81.529459, 21.9422902 ], [ 81.5289035, 21.9401088 ], [ 81.5312432, 21.9398616 ], [ 81.5313533, 21.9383041 ], [ 81.5338143, 21.9381993 ], [ 81.5341782, 21.9400792 ], [ 81.5359967, 21.9405875 ], [ 81.5361547, 21.9394845 ], [ 81.5373762, 21.9386579 ], [ 81.5377929, 21.9421177 ], [ 81.5384784, 21.9422544 ], [ 81.5404207, 21.9401913 ], [ 81.5430844, 21.9420557 ], [ 81.5441037, 21.9444079 ], [ 81.5496255, 21.9442874 ], [ 81.5502355, 21.9489026 ], [ 81.5457786, 21.9508799 ], [ 81.5413829, 21.9515234 ], [ 81.541585, 21.9541713 ], [ 81.5401821, 21.9541218 ], [ 81.5401976, 21.9525253 ], [ 81.5384532, 21.9525111 ], [ 81.5384665, 21.9565657 ], [ 81.5335166, 21.9603067 ], [ 81.5333487, 21.9722936 ], [ 81.5342518, 21.9734657 ], [ 81.5350719, 21.9733935 ], [ 81.5351582, 21.9749252 ], [ 81.5365642, 21.9752301 ], [ 81.5365074, 21.9762204 ], [ 81.5380535, 21.9747361 ], [ 81.5399627, 21.9771111 ], [ 81.5435605, 21.9787517 ], [ 81.5434959, 21.9808583 ], [ 81.5446667, 21.9815168 ], [ 81.547844, 21.981165 ], [ 81.5504173, 21.9847144 ], [ 81.5537675, 21.9845204 ], [ 81.5554307, 21.9891965 ], [ 81.5521048, 21.9885603 ], [ 81.5523786, 21.9914628 ], [ 81.5513847, 21.992766 ], [ 81.5520497, 21.9940363 ], [ 81.549067, 21.9963976 ], [ 81.5498628, 21.9971557 ], [ 81.5492207, 21.9978327 ], [ 81.5499128, 21.9984961 ], [ 81.549482, 21.9996818 ], [ 81.5504512, 22.0006297 ], [ 81.5530992, 22.0020225 ], [ 81.5573586, 22.0017691 ], [ 81.5568537, 22.000907 ], [ 81.5592063, 21.9979506 ], [ 81.5580733, 21.9969857 ], [ 81.557842, 21.9952439 ], [ 81.5672213, 21.9945002 ], [ 81.5717515, 21.9967945 ], [ 81.573794, 21.9942945 ], [ 81.5729054, 21.9920192 ], [ 81.5734302, 21.9896662 ], [ 81.576479, 21.9884568 ], [ 81.5771979, 21.9833981 ], [ 81.5798564, 21.9820212 ], [ 81.5841937, 21.9881615 ], [ 81.5877222, 21.9889116 ], [ 81.5898004, 21.9878985 ], [ 81.5916243, 21.9934496 ], [ 81.5911233, 21.9956452 ], [ 81.5887956, 21.9979092 ], [ 81.5898311, 22.002656 ], [ 81.5883954, 22.0032398 ], [ 81.5890269, 22.0065252 ], [ 81.5913262, 22.0067095 ], [ 81.5912751, 22.0107703 ], [ 81.5863598, 22.0159096 ], [ 81.5844357, 22.0161963 ], [ 81.5832943, 22.0146379 ], [ 81.5734798, 22.0165655 ], [ 81.5729967, 22.0188686 ], [ 81.5733981, 22.0203522 ], [ 81.5773384, 22.0242494 ], [ 81.5800671, 22.0231984 ], [ 81.5806067, 22.0244917 ] ] ], [ [ [ 82.6428913, 22.2245647 ], [ 82.6452919, 22.2242574 ], [ 82.6469842, 22.2227219 ], [ 82.6454516, 22.2224376 ], [ 82.6450634, 22.2207896 ], [ 82.6422312, 22.2200855 ], [ 82.6420128, 22.2189612 ], [ 82.643327, 22.2189836 ], [ 82.6452181, 22.2173353 ], [ 82.6425308, 22.2121835 ], [ 82.6450263, 22.2115113 ], [ 82.6461094, 22.2103859 ], [ 82.6453283, 22.2084535 ], [ 82.6473018, 22.2072521 ], [ 82.6477863, 22.2048589 ], [ 82.6491971, 22.2030254 ], [ 82.6487991, 22.2012103 ], [ 82.655305, 22.1947521 ], [ 82.6577768, 22.1901098 ], [ 82.6597061, 22.1882581 ], [ 82.6652527, 22.188031 ], [ 82.6649205, 22.1791718 ], [ 82.6627559, 22.170724 ], [ 82.653466, 22.1643546 ], [ 82.6514977, 22.1637725 ], [ 82.6487485, 22.1606256 ], [ 82.6455619, 22.148755 ], [ 82.6373539, 22.1291678 ], [ 82.6367284, 22.1255013 ], [ 82.6378375, 22.1189042 ], [ 82.6397964, 22.1146536 ], [ 82.6501931, 22.1069909 ], [ 82.6519417, 22.1032608 ], [ 82.6496731, 22.0985606 ], [ 82.6611463, 22.0955963 ], [ 82.6678639, 22.0860715 ], [ 82.6698003, 22.0810633 ], [ 82.6793348, 22.0804147 ], [ 82.6836843, 22.0893583 ], [ 82.6986992, 22.0890632 ], [ 82.7018896, 22.0843882 ], [ 82.7056189, 22.0649969 ], [ 82.7084836, 22.0597937 ], [ 82.7084817, 22.0565922 ], [ 82.7147656, 22.0508948 ], [ 82.7172789, 22.0424178 ], [ 82.722193, 22.0394302 ], [ 82.7405742, 22.0398427 ], [ 82.7410119, 22.0420143 ], [ 82.7398191, 22.052315 ], [ 82.7384201, 22.053481 ], [ 82.7344543, 22.0614354 ], [ 82.7359977, 22.0651461 ], [ 82.7342892, 22.0671657 ], [ 82.7345676, 22.0701277 ], [ 82.7337715, 22.0743727 ], [ 82.7324451, 22.0757238 ], [ 82.7312455, 22.0846787 ], [ 82.7325989, 22.0869401 ], [ 82.7379047, 22.0874558 ], [ 82.7386786, 22.0917675 ], [ 82.7408289, 22.0964531 ], [ 82.7445133, 22.0969945 ], [ 82.7454106, 22.0881041 ], [ 82.7498299, 22.084786 ], [ 82.7515898, 22.0778464 ], [ 82.7569628, 22.0691024 ], [ 82.7591623, 22.0608193 ], [ 82.7651416, 22.0621329 ], [ 82.7654814, 22.0650048 ], [ 82.7670359, 22.0665939 ], [ 82.7727247, 22.0676753 ], [ 82.7712824, 22.0712635 ], [ 82.7736247, 22.0737354 ], [ 82.7753992, 22.0716555 ], [ 82.7813815, 22.0736081 ], [ 82.7826417, 22.0754715 ], [ 82.7847543, 22.0760412 ], [ 82.7857261, 22.0776987 ], [ 82.7873974, 22.0779251 ], [ 82.7873334, 22.0793465 ], [ 82.7926504, 22.0806628 ], [ 82.791848, 22.0824194 ], [ 82.7955524, 22.0829045 ], [ 82.7955437, 22.0843597 ], [ 82.7973544, 22.0848086 ], [ 82.7985007, 22.0862931 ], [ 82.8198513, 22.0844571 ], [ 82.8222529, 22.078755 ], [ 82.8217426, 22.0767311 ], [ 82.8259283, 22.0728628 ], [ 82.8257818, 22.0720907 ], [ 82.8332308, 22.0708899 ], [ 82.8344181, 22.0715453 ], [ 82.8421438, 22.0700379 ], [ 82.8416244, 22.0620094 ], [ 82.8386647, 22.0585005 ], [ 82.8394942, 22.0554766 ], [ 82.8377456, 22.0541578 ], [ 82.8314261, 22.0534723 ], [ 82.8243535, 22.0562108 ], [ 82.8199531, 22.0521593 ], [ 82.8204246, 22.0510949 ], [ 82.8169631, 22.0453048 ], [ 82.8043435, 22.0487556 ], [ 82.801038, 22.048071 ], [ 82.7995213, 22.0498826 ], [ 82.7978475, 22.0498623 ], [ 82.7906936, 22.0468336 ], [ 82.7900801, 22.0444098 ], [ 82.7877169, 22.0428471 ], [ 82.7830518, 22.0420053 ], [ 82.7824162, 22.0404225 ], [ 82.7781695, 22.0398931 ], [ 82.7768315, 22.0383699 ], [ 82.7735379, 22.0372358 ], [ 82.7739384, 22.0330007 ], [ 82.7752083, 22.0316583 ], [ 82.775251, 22.0303507 ], [ 82.7787771, 22.0274455 ], [ 82.7787994, 22.0253767 ], [ 82.7779422, 22.0247516 ], [ 82.7770757, 22.0203595 ], [ 82.7781635, 22.0203601 ], [ 82.7786185, 22.0190284 ], [ 82.7820558, 22.0181178 ], [ 82.7812147, 22.0111876 ], [ 82.7854902, 22.0104326 ], [ 82.7890658, 22.0085666 ], [ 82.7881428, 22.0026086 ], [ 82.7898583, 22.0020044 ], [ 82.7899366, 22.0006587 ], [ 82.7933665, 21.9989083 ], [ 82.794273, 21.9971296 ], [ 82.7909125, 21.9890994 ], [ 82.7851763, 21.9870146 ], [ 82.7854901, 21.9807789 ], [ 82.7811641, 21.9774169 ], [ 82.782266, 21.9727439 ], [ 82.7820121, 21.9687249 ], [ 82.7852084, 21.9667535 ], [ 82.7882328, 21.96876 ], [ 82.7894093, 21.9684671 ], [ 82.789958, 21.9657761 ], [ 82.7880964, 21.9620815 ], [ 82.7895258, 21.9599644 ], [ 82.797814, 21.9672023 ], [ 82.8079429, 21.9639104 ], [ 82.8139119, 21.9634115 ], [ 82.8158892, 21.9580252 ], [ 82.8155614, 21.9547377 ], [ 82.8131277, 21.9520501 ], [ 82.8039332, 21.947278 ], [ 82.8017184, 21.9431408 ], [ 82.8047542, 21.9412998 ], [ 82.8039565, 21.93929 ], [ 82.7958611, 21.9356874 ], [ 82.7915268, 21.9318516 ], [ 82.7911271, 21.9281712 ], [ 82.7941865, 21.927098 ], [ 82.7944338, 21.9262944 ], [ 82.7929396, 21.9239139 ], [ 82.7922161, 21.9197683 ], [ 82.7873115, 21.9156024 ], [ 82.7880206, 21.9113626 ], [ 82.7850018, 21.9099747 ], [ 82.784238, 21.9087823 ], [ 82.785038, 21.9062359 ], [ 82.78859, 21.9059849 ], [ 82.7889775, 21.9053664 ], [ 82.7860525, 21.9012603 ], [ 82.7825254, 21.9007165 ], [ 82.7813605, 21.898869 ], [ 82.7840005, 21.8941652 ], [ 82.7835281, 21.8913337 ], [ 82.7852529, 21.8876634 ], [ 82.7826278, 21.8843024 ], [ 82.7778594, 21.8812426 ], [ 82.7783443, 21.8797934 ], [ 82.7804299, 21.8791399 ], [ 82.7804791, 21.8777942 ], [ 82.7780772, 21.8738371 ], [ 82.7737069, 21.8695222 ], [ 82.7734573, 21.866754 ], [ 82.7744455, 21.8647948 ], [ 82.7738712, 21.8629386 ], [ 82.7664918, 21.8595336 ], [ 82.7650466, 21.858029 ], [ 82.7656569, 21.8505561 ], [ 82.7685177, 21.8476319 ], [ 82.7731087, 21.8467225 ], [ 82.775984, 21.8434595 ], [ 82.7777277, 21.8397126 ], [ 82.7792128, 21.8395419 ], [ 82.7808365, 21.8415839 ], [ 82.7816877, 21.841625 ], [ 82.7803532, 21.8336813 ], [ 82.7810229, 21.8300917 ], [ 82.7824699, 21.8286882 ], [ 82.7869242, 21.8286229 ], [ 82.7864762, 21.8256468 ], [ 82.7775687, 21.8173422 ], [ 82.7797598, 21.8094953 ], [ 82.7832099, 21.805686 ], [ 82.783564, 21.8040425 ], [ 82.7829897, 21.8021412 ], [ 82.7793027, 21.7984904 ], [ 82.7791514, 21.7934509 ], [ 82.7867779, 21.7909444 ], [ 82.7913714, 21.7906036 ], [ 82.7970364, 21.7846502 ], [ 82.8060638, 21.7829157 ], [ 82.8083858, 21.7800808 ], [ 82.8083867, 21.7782068 ], [ 82.8073722, 21.7765311 ], [ 82.8031623, 21.7744928 ], [ 82.8053101, 21.7719514 ], [ 82.8094929, 21.7695553 ], [ 82.8089808, 21.7686565 ], [ 82.8026983, 21.7644318 ], [ 82.7964625, 21.7639458 ], [ 82.7971386, 21.7472755 ], [ 82.798721, 21.7437585 ], [ 82.797504, 21.741744 ], [ 82.7942319, 21.7417559 ], [ 82.7936672, 21.7402971 ], [ 82.7934247, 21.7331712 ], [ 82.7923772, 21.7309806 ], [ 82.7918665, 21.7236895 ], [ 82.7864077, 21.7240596 ], [ 82.7641689, 21.7218606 ], [ 82.7558371, 21.7219814 ], [ 82.7390386, 21.7243575 ], [ 82.6954868, 21.727597 ], [ 82.6890489, 21.7264572 ], [ 82.6841959, 21.7245398 ], [ 82.6751461, 21.7165591 ], [ 82.6659868, 21.710881 ], [ 82.6616807, 21.7094957 ], [ 82.6545969, 21.7112718 ], [ 82.6344277, 21.727341 ], [ 82.6304696, 21.7286236 ], [ 82.6242931, 21.7289851 ], [ 82.6188705, 21.7275806 ], [ 82.6011454, 21.7150118 ], [ 82.5993962, 21.7141311 ], [ 82.5939599, 21.7135205 ], [ 82.5820182, 21.7154732 ], [ 82.5701619, 21.7213446 ], [ 82.5636882, 21.727705 ], [ 82.5557789, 21.733378 ], [ 82.5431528, 21.7369578 ], [ 82.533752, 21.7371922 ], [ 82.5006085, 21.7338969 ], [ 82.4866212, 21.7282497 ], [ 82.480701, 21.7284207 ], [ 82.4712469, 21.7271034 ], [ 82.4690693, 21.7301844 ], [ 82.4584422, 21.7397633 ], [ 82.4520742, 21.7440698 ], [ 82.4473525, 21.7452099 ], [ 82.4436547, 21.7448773 ], [ 82.4396657, 21.7420566 ], [ 82.4377265, 21.7396009 ], [ 82.4328908, 21.7455001 ], [ 82.4225476, 21.747269 ], [ 82.4198463, 21.7497083 ], [ 82.4135611, 21.7617384 ], [ 82.4112606, 21.76406 ], [ 82.4096799, 21.7642003 ], [ 82.4003785, 21.7612578 ], [ 82.3937224, 21.7643474 ], [ 82.3905709, 21.7675448 ], [ 82.3892222, 21.7679198 ], [ 82.3862538, 21.766484 ], [ 82.3849388, 21.7648269 ], [ 82.3863838, 21.7600898 ], [ 82.3834883, 21.7602029 ], [ 82.3811149, 21.7640729 ], [ 82.3794763, 21.7690267 ], [ 82.3794911, 21.7765001 ], [ 82.3787998, 21.7788798 ], [ 82.3752657, 21.7799185 ], [ 82.3745744, 21.7809435 ], [ 82.3713832, 21.7915417 ], [ 82.3713396, 21.7981842 ], [ 82.3631522, 21.8139524 ], [ 82.3614929, 21.8202606 ], [ 82.3579377, 21.8270654 ], [ 82.3571198, 21.8314454 ], [ 82.3573755, 21.8369229 ], [ 82.3559387, 21.8390812 ], [ 82.3496405, 21.8445668 ], [ 82.3497708, 21.846188 ], [ 82.3519226, 21.8499091 ], [ 82.3512546, 21.85293 ], [ 82.3472685, 21.8544873 ], [ 82.3448301, 21.8567627 ], [ 82.3420436, 21.8578866 ], [ 82.3394597, 21.8612863 ], [ 82.3337952, 21.8607205 ], [ 82.326393, 21.8637982 ], [ 82.3242251, 21.8658476 ], [ 82.3227866, 21.8707692 ], [ 82.3217267, 21.8719022 ], [ 82.3153261, 21.8724284 ], [ 82.3131111, 21.8822083 ], [ 82.3142123, 21.8865934 ], [ 82.3110945, 21.8909859 ], [ 82.3083237, 21.8979704 ], [ 82.3094693, 21.9005492 ], [ 82.313935, 21.9016753 ], [ 82.3154682, 21.9033737 ], [ 82.3109086, 21.9064652 ], [ 82.3080012, 21.9047526 ], [ 82.306385, 21.9048784 ], [ 82.3048748, 21.905948 ], [ 82.3040752, 21.908228 ], [ 82.3048244, 21.9099442 ], [ 82.309328, 21.9135044 ], [ 82.3065434, 21.9177569 ], [ 82.3092276, 21.9212666 ], [ 82.3082242, 21.9247838 ], [ 82.3087846, 21.9270237 ], [ 82.3160872, 21.9398236 ], [ 82.3194697, 21.9415497 ], [ 82.3205622, 21.9452348 ], [ 82.3193847, 21.9487791 ], [ 82.3232559, 21.9516567 ], [ 82.3235786, 21.9561769 ], [ 82.3281665, 21.959312 ], [ 82.330145, 21.9635933 ], [ 82.3294233, 21.9649207 ], [ 82.324694, 21.9641968 ], [ 82.3230716, 21.9661019 ], [ 82.3232503, 21.9674295 ], [ 82.3251474, 21.9688841 ], [ 82.3240661, 21.974036 ], [ 82.3250131, 21.9793421 ], [ 82.3214189, 21.9844886 ], [ 82.3210545, 21.9879294 ], [ 82.3245914, 21.9946676 ], [ 82.3207992, 22.0017908 ], [ 82.3217163, 22.0031478 ], [ 82.3264893, 22.0048715 ], [ 82.3294815, 22.0071793 ], [ 82.3312002, 22.012657 ], [ 82.3324097, 22.0205499 ], [ 82.3304694, 22.0264054 ], [ 82.3297549, 22.0391423 ], [ 82.3273968, 22.04343 ], [ 82.3287725, 22.0477419 ], [ 82.3262933, 22.0500471 ], [ 82.3309305, 22.0548041 ], [ 82.3315904, 22.0571614 ], [ 82.3308691, 22.0608708 ], [ 82.3343626, 22.0651473 ], [ 82.3330499, 22.0692445 ], [ 82.336692, 22.0747063 ], [ 82.3348932, 22.0878352 ], [ 82.3372739, 22.095472 ], [ 82.3339359, 22.1003561 ], [ 82.3339517, 22.1059306 ], [ 82.3390892, 22.1089081 ], [ 82.3372299, 22.111482 ], [ 82.3411896, 22.1144814 ], [ 82.341332, 22.1152791 ], [ 82.3393498, 22.1175316 ], [ 82.3411385, 22.1208022 ], [ 82.343117, 22.1208608 ], [ 82.345918, 22.1240994 ], [ 82.3461726, 22.1253885 ], [ 82.344733, 22.1282261 ], [ 82.3466196, 22.1289161 ], [ 82.3487656, 22.1273302 ], [ 82.3503934, 22.1273304 ], [ 82.3541295, 22.1301749 ], [ 82.3548691, 22.1327959 ], [ 82.3582723, 22.1361759 ], [ 82.360328, 22.1361854 ], [ 82.363415, 22.1348826 ], [ 82.3685209, 22.1381767 ], [ 82.3767851, 22.1365434 ], [ 82.3799888, 22.1318815 ], [ 82.3812784, 22.1318026 ], [ 82.3852961, 22.1337707 ], [ 82.3898248, 22.1285324 ], [ 82.393787, 22.1279876 ], [ 82.3995372, 22.1299519 ], [ 82.4025732, 22.1331509 ], [ 82.4057901, 22.132839 ], [ 82.4087982, 22.1346969 ], [ 82.4108665, 22.1335972 ], [ 82.4130159, 22.1339185 ], [ 82.4146262, 22.1380924 ], [ 82.4160475, 22.1391861 ], [ 82.4172315, 22.1393106 ], [ 82.4202785, 22.1377231 ], [ 82.422651, 22.1380809 ], [ 82.4257615, 22.1413374 ], [ 82.4254433, 22.1457004 ], [ 82.4311064, 22.1492173 ], [ 82.4309077, 22.1520114 ], [ 82.4326718, 22.1543883 ], [ 82.4331948, 22.1599271 ], [ 82.4370062, 22.1646935 ], [ 82.444202, 22.1697059 ], [ 82.4462022, 22.1729336 ], [ 82.4500669, 22.1741426 ], [ 82.4516186, 22.1755144 ], [ 82.4544046, 22.1751479 ], [ 82.4553593, 22.1769236 ], [ 82.4578814, 22.1781068 ], [ 82.4586867, 22.1780344 ], [ 82.458686, 22.1771983 ], [ 82.4609112, 22.1780066 ], [ 82.4623956, 22.1802959 ], [ 82.4644721, 22.1803738 ], [ 82.465066, 22.1813408 ], [ 82.4677787, 22.1822474 ], [ 82.4675674, 22.1830964 ], [ 82.469072, 22.1833916 ], [ 82.4713844, 22.1860148 ], [ 82.47282, 22.1883226 ], [ 82.4728678, 22.1904069 ], [ 82.4612519, 22.1943974 ], [ 82.4600021, 22.196928 ], [ 82.456757, 22.1981723 ], [ 82.4595851, 22.2044318 ], [ 82.4575074, 22.2090338 ], [ 82.4578494, 22.2108224 ], [ 82.4608822, 22.2146024 ], [ 82.4643545, 22.2163089 ], [ 82.4648129, 22.2178106 ], [ 82.4662849, 22.2189384 ], [ 82.4658583, 22.2200615 ], [ 82.4686478, 22.2217169 ], [ 82.4708162, 22.2245265 ], [ 82.4733499, 22.2242998 ], [ 82.4767118, 22.2259296 ], [ 82.4775526, 22.2305845 ], [ 82.4794239, 22.23134 ], [ 82.4824176, 22.234279 ], [ 82.4819605, 22.2384754 ], [ 82.4898782, 22.2400074 ], [ 82.4927724, 22.2444906 ], [ 82.490753, 22.2461586 ], [ 82.4925963, 22.2466922 ], [ 82.4962691, 22.2451709 ], [ 82.4963397, 22.2476903 ], [ 82.4996492, 22.2505923 ], [ 82.5026515, 22.249106 ], [ 82.5104807, 22.2531974 ], [ 82.5125394, 22.2506483 ], [ 82.5154427, 22.2504984 ], [ 82.5157189, 22.25182 ], [ 82.5188504, 22.2522178 ], [ 82.5225747, 22.2495807 ], [ 82.5262273, 22.2424576 ], [ 82.526608, 22.2392068 ], [ 82.5329363, 22.2335844 ], [ 82.5359394, 22.2321456 ], [ 82.5360729, 22.2125759 ], [ 82.5396972, 22.2096338 ], [ 82.5447172, 22.2078708 ], [ 82.5472192, 22.208292 ], [ 82.5528668, 22.2114327 ], [ 82.5565784, 22.2177604 ], [ 82.5659077, 22.2207352 ], [ 82.5710142, 22.2210711 ], [ 82.5758818, 22.2252448 ], [ 82.5798143, 22.2274359 ], [ 82.5826215, 22.2305252 ], [ 82.5859948, 22.2387486 ], [ 82.5918035, 22.2469047 ], [ 82.5921544, 22.2506579 ], [ 82.5905602, 22.2569767 ], [ 82.5915336, 22.2608244 ], [ 82.5932071, 22.2634397 ], [ 82.5982189, 22.2616722 ], [ 82.6007854, 22.2598729 ], [ 82.6109836, 22.25844 ], [ 82.6158409, 22.2569755 ], [ 82.6270373, 22.2506613 ], [ 82.633455, 22.2452686 ], [ 82.6379803, 22.243715 ], [ 82.645037, 22.2387293 ], [ 82.644023, 22.2366478 ], [ 82.643881, 22.2272242 ], [ 82.64294, 22.2264883 ], [ 82.6428913, 22.2245647 ] ] ] ] } },
{ "type": "Feature", "properties": { "dtname": "Bilaspur", "stname": "CHHATTISGARH", "dist_lgd": 375, "year_stat": "2011_c" }, "geometry": { "type": "Polygon", "coordinates": [ [ [ 81.9583853, 22.6100997 ], [ 81.9647314, 22.6063063 ], [ 81.971378, 22.6081146 ], [ 81.9752722, 22.6106565 ], [ 81.9876926, 22.589055 ], [ 81.9888011, 22.584991 ], [ 81.9903546, 22.5831659 ], [ 81.9940401, 22.5810213 ], [ 81.9945226, 22.5788179 ], [ 81.9995467, 22.579799 ], [ 82.0040083, 22.5819426 ], [ 82.0131109, 22.5810822 ], [ 82.0156452, 22.5796888 ], [ 82.0242622, 22.5778657 ], [ 82.0328124, 22.5737575 ], [ 82.0410591, 22.5721907 ], [ 82.0472951, 22.5666085 ], [ 82.0561786, 22.5640434 ], [ 82.059941, 22.564817 ], [ 82.060254, 22.5714455 ], [ 82.0753836, 22.5724532 ], [ 82.0802049, 22.5774845 ], [ 82.0902773, 22.58477 ], [ 82.0970257, 22.5869837 ], [ 82.1060058, 22.591735 ], [ 82.1143395, 22.6006803 ], [ 82.1327893, 22.6026987 ], [ 82.1366601, 22.6019128 ], [ 82.1395387, 22.6003955 ], [ 82.1502565, 22.601085 ], [ 82.1500083, 22.5998388 ], [ 82.1439046, 22.5934778 ], [ 82.1484692, 22.585553 ], [ 82.1587359, 22.5755093 ], [ 82.1571491, 22.5681318 ], [ 82.1572981, 22.5608984 ], [ 82.1552098, 22.5485045 ], [ 82.1578142, 22.5395229 ], [ 82.1621056, 22.5338171 ], [ 82.1651713, 22.5264773 ], [ 82.163002, 22.5160864 ], [ 82.1603205, 22.5079324 ], [ 82.1603204, 22.5028855 ], [ 82.1552103, 22.4954922 ], [ 82.1481756, 22.4891405 ], [ 82.147288, 22.4844763 ], [ 82.1435196, 22.4809504 ], [ 82.1432393, 22.4742995 ], [ 82.1423161, 22.4730172 ], [ 82.1441346, 22.4662351 ], [ 82.142067, 22.4628128 ], [ 82.1405386, 22.4579974 ], [ 82.1389378, 22.4568326 ], [ 82.1379757, 22.4543922 ], [ 82.1387602, 22.4536223 ], [ 82.1414003, 22.4536784 ], [ 82.1435762, 22.4509397 ], [ 82.1568117, 22.444772 ], [ 82.1681771, 22.4418953 ], [ 82.1700894, 22.4374653 ], [ 82.1720524, 22.4251899 ], [ 82.1736718, 22.4243406 ], [ 82.1769345, 22.4152954 ], [ 82.1800497, 22.4147864 ], [ 82.1797987, 22.4126643 ], [ 82.1821092, 22.4099385 ], [ 82.1787979, 22.405298 ], [ 82.1743034, 22.4046311 ], [ 82.170646, 22.4020224 ], [ 82.1649275, 22.3995066 ], [ 82.1667536, 22.39274 ], [ 82.1669184, 22.383671 ], [ 82.1571736, 22.3824338 ], [ 82.1534522, 22.3830079 ], [ 82.1521391, 22.3842024 ], [ 82.1494347, 22.3841577 ], [ 82.1534222, 22.378917 ], [ 82.1538564, 22.3772757 ], [ 82.1528093, 22.3656625 ], [ 82.154414, 22.3592776 ], [ 82.1536091, 22.3524167 ], [ 82.1497776, 22.3399404 ], [ 82.1426161, 22.3359142 ], [ 82.1409602, 22.3344954 ], [ 82.141401, 22.3338943 ], [ 82.1449733, 22.3314669 ], [ 82.1468499, 22.3318834 ], [ 82.1478136, 22.3308475 ], [ 82.1498646, 22.3308062 ], [ 82.149489, 22.3299863 ], [ 82.1506515, 22.3293025 ], [ 82.1516478, 22.3293887 ], [ 82.1512015, 22.3305447 ], [ 82.1519635, 22.3309149 ], [ 82.154288, 22.3294695 ], [ 82.1565449, 22.3297039 ], [ 82.1581948, 22.3286018 ], [ 82.1616314, 22.3304298 ], [ 82.1645674, 22.3288487 ], [ 82.1655189, 22.3299999 ], [ 82.1666053, 22.3275297 ], [ 82.1679207, 22.3279945 ], [ 82.1684784, 22.3266397 ], [ 82.169221, 22.3265718 ], [ 82.17067, 22.3274948 ], [ 82.1746365, 22.324387 ], [ 82.176277, 22.324908 ], [ 82.1769841, 22.3273055 ], [ 82.1851877, 22.3250968 ], [ 82.1862737, 22.3225633 ], [ 82.1893129, 22.3198642 ], [ 82.193239, 22.3197159 ], [ 82.1966976, 22.3167094 ], [ 82.1976956, 22.3179303 ], [ 82.2018036, 22.3179149 ], [ 82.2008312, 22.3146214 ], [ 82.2020166, 22.3125348 ], [ 82.2035108, 22.3117687 ], [ 82.2059141, 22.3137272 ], [ 82.2090815, 22.319311 ], [ 82.2106691, 22.32432 ], [ 82.2139112, 22.3283549 ], [ 82.2156486, 22.3394888 ], [ 82.2251248, 22.3317258 ], [ 82.2333949, 22.3283136 ], [ 82.2366921, 22.3304855 ], [ 82.2361294, 22.3339311 ], [ 82.2397972, 22.3350958 ], [ 82.2421919, 22.3352799 ], [ 82.2446093, 22.3342852 ], [ 82.2537547, 22.3353495 ], [ 82.2592486, 22.3349067 ], [ 82.261648, 22.3358019 ], [ 82.2646358, 22.334563 ], [ 82.2679958, 22.3347141 ], [ 82.2686896, 22.3341189 ], [ 82.2702439, 22.3238938 ], [ 82.2721681, 22.318087 ], [ 82.2684961, 22.3078134 ], [ 82.2616219, 22.3019015 ], [ 82.2621047, 22.298278 ], [ 82.2655185, 22.2967911 ], [ 82.268238, 22.2965944 ], [ 82.2736802, 22.291733 ], [ 82.2855577, 22.2886622 ], [ 82.2880648, 22.2867771 ], [ 82.2919028, 22.2882684 ], [ 82.2979272, 22.2891152 ], [ 82.3005372, 22.2940806 ], [ 82.3027221, 22.2964643 ], [ 82.3109942, 22.2990862 ], [ 82.3157815, 22.3113191 ], [ 82.325451, 22.3235865 ], [ 82.3326969, 22.3239134 ], [ 82.3517385, 22.3275661 ], [ 82.3586924, 22.3220744 ], [ 82.3667521, 22.3195606 ], [ 82.3724842, 22.3142254 ], [ 82.3734575, 22.3130845 ], [ 82.3745704, 22.3035649 ], [ 82.3790761, 22.3006455 ], [ 82.3843389, 22.3037324 ], [ 82.3998963, 22.3052793 ], [ 82.4118912, 22.2855242 ], [ 82.4141366, 22.2839795 ], [ 82.4148267, 22.2808588 ], [ 82.397273, 22.2672586 ], [ 82.3966162, 22.2644599 ], [ 82.3974762, 22.2620252 ], [ 82.3966528, 22.2602368 ], [ 82.4086782, 22.257041 ], [ 82.4208708, 22.2492226 ], [ 82.4289733, 22.2465842 ], [ 82.4284165, 22.2432261 ], [ 82.4346186, 22.2349632 ], [ 82.434926, 22.231029 ], [ 82.4363287, 22.2270134 ], [ 82.4424861, 22.2263582 ], [ 82.4430211, 22.2276544 ], [ 82.4441351, 22.2264073 ], [ 82.4521896, 22.2250742 ], [ 82.452177, 22.223868 ], [ 82.4540725, 22.2217889 ], [ 82.4555091, 22.2212936 ], [ 82.4561539, 22.2197099 ], [ 82.4571712, 22.2204561 ], [ 82.4589638, 22.218091 ], [ 82.4598204, 22.2133968 ], [ 82.4578494, 22.2108224 ], [ 82.4575074, 22.2090338 ], [ 82.4595851, 22.2044318 ], [ 82.456757, 22.1981723 ], [ 82.4600021, 22.196928 ], [ 82.4612519, 22.1943974 ], [ 82.4728678, 22.1904069 ], [ 82.47282, 22.1883226 ], [ 82.4695819, 22.1838443 ], [ 82.4675674, 22.1830964 ], [ 82.4677787, 22.1822474 ], [ 82.465066, 22.1813408 ], [ 82.4644721, 22.1803738 ], [ 82.4623956, 22.1802959 ], [ 82.4620134, 22.1787956 ], [ 82.4594488, 22.1772966 ], [ 82.4578814, 22.1781068 ], [ 82.4553593, 22.1769236 ], [ 82.4544046, 22.1751479 ], [ 82.4516186, 22.1755144 ], [ 82.4500669, 22.1741426 ], [ 82.4462022, 22.1729336 ], [ 82.444202, 22.1697059 ], [ 82.4370062, 22.1646935 ], [ 82.4331948, 22.1599271 ], [ 82.4326718, 22.1543883 ], [ 82.4309077, 22.1520114 ], [ 82.4311064, 22.1492173 ], [ 82.4254433, 22.1457004 ], [ 82.4257615, 22.1413374 ], [ 82.422651, 22.1380809 ], [ 82.4202785, 22.1377231 ], [ 82.4172315, 22.1393106 ], [ 82.4160475, 22.1391861 ], [ 82.4146262, 22.1380924 ], [ 82.4130159, 22.1339185 ], [ 82.4108665, 22.1335972 ], [ 82.4087982, 22.1346969 ], [ 82.4057901, 22.132839 ], [ 82.4025732, 22.1331509 ], [ 82.3995372, 22.1299519 ], [ 82.393787, 22.1279876 ], [ 82.3898248, 22.1285324 ], [ 82.3852961, 22.1337707 ], [ 82.3812784, 22.1318026 ], [ 82.3794984, 22.132076 ], [ 82.377526, 22.1359526 ], [ 82.3743672, 22.1374524 ], [ 82.3712214, 22.1371591 ], [ 82.3685209, 22.1381767 ], [ 82.363415, 22.1348826 ], [ 82.360328, 22.1361854 ], [ 82.3582723, 22.1361759 ], [ 82.3548691, 22.1327959 ], [ 82.3541295, 22.1301749 ], [ 82.3503934, 22.1273304 ], [ 82.3487656, 22.1273302 ], [ 82.3466196, 22.1289161 ], [ 82.344733, 22.1282261 ], [ 82.3461726, 22.1253885 ], [ 82.345918, 22.1240994 ], [ 82.343117, 22.1208608 ], [ 82.3411385, 22.1208022 ], [ 82.3393963, 22.1178421 ], [ 82.3413392, 22.1151029 ], [ 82.3372299, 22.111482 ], [ 82.3390892, 22.1089081 ], [ 82.3347789, 22.1069729 ], [ 82.3339162, 22.1055816 ], [ 82.3339359, 22.1003561 ], [ 82.3372739, 22.095472 ], [ 82.3348932, 22.0878352 ], [ 82.3366209, 22.0743108 ], [ 82.3330499, 22.0692445 ], [ 82.3343626, 22.0651473 ], [ 82.3308691, 22.0608708 ], [ 82.3315904, 22.0571614 ], [ 82.3309305, 22.0548041 ], [ 82.3262933, 22.0500471 ], [ 82.3287725, 22.0477419 ], [ 82.3273968, 22.04343 ], [ 82.3290003, 22.0414028 ], [ 82.3301341, 22.0374109 ], [ 82.3304694, 22.0264054 ], [ 82.3323939, 22.019223 ], [ 82.3297478, 22.0074988 ], [ 82.3264893, 22.0048715 ], [ 82.3217163, 22.0031478 ], [ 82.3207992, 22.0017908 ], [ 82.3245914, 21.9946676 ], [ 82.3210545, 21.9879294 ], [ 82.3214189, 21.9844886 ], [ 82.3250131, 21.9793421 ], [ 82.3240661, 21.974036 ], [ 82.3251474, 21.9688841 ], [ 82.3232503, 21.9674295 ], [ 82.3230716, 21.9661019 ], [ 82.324694, 21.9641968 ], [ 82.3294233, 21.9649207 ], [ 82.330145, 21.9635933 ], [ 82.3281665, 21.959312 ], [ 82.3235786, 21.9561769 ], [ 82.3232559, 21.9516567 ], [ 82.3193847, 21.9487791 ], [ 82.3205622, 21.9452348 ], [ 82.3194697, 21.9415497 ], [ 82.3160872, 21.9398236 ], [ 82.3087846, 21.9270237 ], [ 82.3082242, 21.9247838 ], [ 82.3092276, 21.9212666 ], [ 82.3065434, 21.9177569 ], [ 82.309328, 21.9135044 ], [ 82.3041233, 21.908797 ], [ 82.3044631, 21.9065935 ], [ 82.306385, 21.9048784 ], [ 82.3080012, 21.9047526 ], [ 82.3109086, 21.9064652 ], [ 82.3154682, 21.9033737 ], [ 82.313935, 21.9016753 ], [ 82.3094693, 21.9005492 ], [ 82.3083237, 21.8979704 ], [ 82.3110945, 21.8909859 ], [ 82.3142123, 21.8865934 ], [ 82.3131111, 21.8822083 ], [ 82.3153261, 21.8724284 ], [ 82.3217267, 21.8719022 ], [ 82.3227866, 21.8707692 ], [ 82.3242251, 21.8658476 ], [ 82.326393, 21.8637982 ], [ 82.3337952, 21.8607205 ], [ 82.3394597, 21.8612863 ], [ 82.3420436, 21.8578866 ], [ 82.3448301, 21.8567627 ], [ 82.3472685, 21.8544873 ], [ 82.3512546, 21.85293 ], [ 82.3519226, 21.8499091 ], [ 82.3497708, 21.846188 ], [ 82.3496405, 21.8445668 ], [ 82.3559387, 21.8390812 ], [ 82.3573755, 21.8369229 ], [ 82.3571198, 21.8314454 ], [ 82.3579377, 21.8270654 ], [ 82.3614929, 21.8202606 ], [ 82.3631522, 21.8139524 ], [ 82.3713396, 21.7981842 ], [ 82.3713832, 21.7915417 ], [ 82.3745744, 21.7809435 ], [ 82.3752657, 21.7799185 ], [ 82.3787998, 21.7788798 ], [ 82.3794911, 21.7765001 ], [ 82.3794763, 21.7690267 ], [ 82.3827825, 21.7608848 ], [ 82.3848466, 21.7596745 ], [ 82.3863838, 21.7600898 ], [ 82.3849388, 21.7648269 ], [ 82.3862538, 21.766484 ], [ 82.3892222, 21.7679198 ], [ 82.3905709, 21.7675448 ], [ 82.3937224, 21.7643474 ], [ 82.4003785, 21.7612578 ], [ 82.4096799, 21.7642003 ], [ 82.4112606, 21.76406 ], [ 82.4135611, 21.7617384 ], [ 82.4209239, 21.7485023 ], [ 82.4233691, 21.7468489 ], [ 82.4328908, 21.7455001 ], [ 82.4377265, 21.7396009 ], [ 82.4280605, 21.7284325 ], [ 82.4128246, 21.7189132 ], [ 82.392116, 21.7124096 ], [ 82.3790588, 21.7115299 ], [ 82.3574095, 21.7134392 ], [ 82.3218325, 21.7148677 ], [ 82.3121424, 21.7172171 ], [ 82.3028166, 21.7245286 ], [ 82.2973322, 21.7320086 ], [ 82.2935393, 21.7475588 ], [ 82.2910718, 21.7515482 ], [ 82.2888089, 21.7527572 ], [ 82.2855071, 21.7533967 ], [ 82.2482286, 21.7537834 ], [ 82.2242549, 21.7566309 ], [ 82.2051967, 21.7597977 ], [ 82.2005713, 21.7612133 ], [ 82.1946225, 21.7653207 ], [ 82.1905886, 21.7708133 ], [ 82.1872483, 21.7827541 ], [ 82.1824085, 21.7943745 ], [ 82.181648, 21.8028958 ], [ 82.1846925, 21.8100836 ], [ 82.1868654, 21.8252372 ], [ 82.1854376, 21.8340658 ], [ 82.1827364, 21.8396661 ], [ 82.1802563, 21.8426428 ], [ 82.1775386, 21.8443144 ], [ 82.169524, 21.8440549 ], [ 82.1586128, 21.8472094 ], [ 82.1498811, 21.8413091 ], [ 82.144043, 21.8403571 ], [ 82.1314382, 21.8330022 ], [ 82.1264518, 21.8315979 ], [ 82.1228971, 21.8317967 ], [ 82.1189843, 21.8343885 ], [ 82.1141232, 21.8409946 ], [ 82.1096053, 21.8445029 ], [ 82.1038097, 21.8517904 ], [ 82.0991752, 21.8554836 ], [ 82.0791368, 21.8636841 ], [ 82.070166, 21.869493 ], [ 82.0652214, 21.8705614 ], [ 82.0515104, 21.8817908 ], [ 82.0453746, 21.8837613 ], [ 82.0370001, 21.8832919 ], [ 82.0326089, 21.8878864 ], [ 82.0284041, 21.8955153 ], [ 82.027825, 21.9005182 ], [ 82.0245799, 21.9050138 ], [ 82.0241508, 21.9095788 ], [ 82.0219468, 21.9129325 ], [ 82.0205569, 21.9142502 ], [ 82.0172414, 21.9152234 ], [ 82.0090199, 21.9147844 ], [ 82.0028822, 21.9165816 ], [ 82.0012896, 21.9284248 ], [ 81.9967405, 21.9327377 ], [ 81.9949356, 21.9358935 ], [ 81.9919868, 21.9372888 ], [ 81.9909279, 21.9386926 ], [ 81.9925637, 21.9425192 ], [ 81.9919359, 21.9467837 ], [ 81.9971767, 21.950219 ], [ 82.0014259, 21.9581121 ], [ 82.009535, 21.9625765 ], [ 82.0121773, 21.9660848 ], [ 82.0116026, 21.9698625 ], [ 82.0081593, 21.9745111 ], [ 82.0086787, 21.9809502 ], [ 82.0021944, 21.9850001 ], [ 82.0014815, 21.9914672 ], [ 81.9938711, 21.9932473 ], [ 81.9916991, 21.993043 ], [ 81.9884385, 21.9910375 ], [ 81.9853778, 21.9916852 ], [ 81.9834395, 21.9937231 ], [ 81.981885, 21.9988534 ], [ 81.9725064, 22.0051908 ], [ 81.9700725, 22.004458 ], [ 81.9671796, 22.0012839 ], [ 81.9640385, 21.9996157 ], [ 81.9607172, 22.0000945 ], [ 81.9545645, 22.003417 ], [ 81.9534936, 22.005384 ], [ 81.9545667, 22.0072929 ], [ 81.9630198, 22.0072885 ], [ 81.9639856, 22.0082892 ], [ 81.964225, 22.0107478 ], [ 81.9631657, 22.0138729 ], [ 81.9620136, 22.0148297 ], [ 81.9579288, 22.0159994 ], [ 81.9525677, 22.0162752 ], [ 81.9503245, 22.0187101 ], [ 81.9504909, 22.0218688 ], [ 81.9562371, 22.0322899 ], [ 81.9551586, 22.0343564 ], [ 81.9505667, 22.0370905 ], [ 81.9500247, 22.0407531 ], [ 81.9517287, 22.0452675 ], [ 81.9499373, 22.0494174 ], [ 81.9474673, 22.050904 ], [ 81.9436037, 22.0472006 ], [ 81.9411953, 22.0474064 ], [ 81.9406103, 22.048858 ], [ 81.9424058, 22.0530457 ], [ 81.9402938, 22.0565901 ], [ 81.9368075, 22.0583067 ], [ 81.9340974, 22.0555076 ], [ 81.9317914, 22.0558499 ], [ 81.9317182, 22.0587232 ], [ 81.9342458, 22.0630079 ], [ 81.9322044, 22.0668581 ], [ 81.9306489, 22.0678831 ], [ 81.9291662, 22.0676616 ], [ 81.9288169, 22.0636151 ], [ 81.9233808, 22.0642657 ], [ 81.9229603, 22.065683 ], [ 81.9246806, 22.0698035 ], [ 81.9229976, 22.0728091 ], [ 81.9184586, 22.0752861 ], [ 81.9135877, 22.0747322 ], [ 81.9106962, 22.0777209 ], [ 81.9076259, 22.0794867 ], [ 81.9078281, 22.083021 ], [ 81.912039, 22.0843348 ], [ 81.9126617, 22.0854103 ], [ 81.9116843, 22.0869715 ], [ 81.9085907, 22.0878088 ], [ 81.9055713, 22.0936146 ], [ 81.9026155, 22.0957722 ], [ 81.9029272, 22.0981284 ], [ 81.9057948, 22.1009352 ], [ 81.9036356, 22.1069457 ], [ 81.8985324, 22.1069978 ], [ 81.8967929, 22.1062638 ], [ 81.8959264, 22.1023781 ], [ 81.8963655, 22.1006023 ], [ 81.8950105, 22.0991854 ], [ 81.8904012, 22.1007226 ], [ 81.8900095, 22.103547 ], [ 81.8926098, 22.1070299 ], [ 81.8926284, 22.1089934 ], [ 81.8853246, 22.1143971 ], [ 81.8786169, 22.1260676 ], [ 81.8763311, 22.1256579 ], [ 81.8710757, 22.1205015 ], [ 81.8685853, 22.1210478 ], [ 81.8676497, 22.12263 ], [ 81.8665191, 22.1313274 ], [ 81.86412, 22.1338713 ], [ 81.8605498, 22.1325492 ], [ 81.8594692, 22.1334028 ], [ 81.8580495, 22.1418772 ], [ 81.8538129, 22.1499429 ], [ 81.8459003, 22.1523662 ], [ 81.8438074, 22.1561293 ], [ 81.8373514, 22.1635609 ], [ 81.8355138, 22.16475 ], [ 81.8309957, 22.1656709 ], [ 81.8283749, 22.1699557 ], [ 81.8223988, 22.1735296 ], [ 81.8218475, 22.1782076 ], [ 81.8167457, 22.1826697 ], [ 81.8155174, 22.1848206 ], [ 81.8159261, 22.1921669 ], [ 81.8130278, 22.197827 ], [ 81.813442, 22.1993553 ], [ 81.8155665, 22.2014733 ], [ 81.815291, 22.2029757 ], [ 81.8143011, 22.2042388 ], [ 81.8097561, 22.2066103 ], [ 81.8092873, 22.2089195 ], [ 81.8102751, 22.2125395 ], [ 81.8039483, 22.218897 ], [ 81.8028591, 22.2220467 ], [ 81.801397, 22.2224731 ], [ 81.7991031, 22.2210377 ], [ 81.7952369, 22.2230477 ], [ 81.788985, 22.2226166 ], [ 81.7869574, 22.2246826 ], [ 81.7832382, 22.2235707 ], [ 81.7798091, 22.2261768 ], [ 81.775287, 22.2251839 ], [ 81.7734357, 22.2257974 ], [ 81.7718582, 22.228016 ], [ 81.7719996, 22.2324653 ], [ 81.7712636, 22.2338584 ], [ 81.767252, 22.2341355 ], [ 81.76573, 22.2353467 ], [ 81.7670922, 22.240134 ], [ 81.7666146, 22.2416362 ], [ 81.7643047, 22.2424884 ], [ 81.7617094, 22.2399938 ], [ 81.7599132, 22.2402316 ], [ 81.7567522, 22.24432 ], [ 81.7566949, 22.2470518 ], [ 81.7554838, 22.2487924 ], [ 81.7494739, 22.2469781 ], [ 81.7455833, 22.2478381 ], [ 81.7430058, 22.2499214 ], [ 81.7395557, 22.2485294 ], [ 81.7384925, 22.2489479 ], [ 81.7374981, 22.2507755 ], [ 81.7328336, 22.24921 ], [ 81.7310709, 22.2501842 ], [ 81.7340055, 22.2540032 ], [ 81.7311288, 22.2602047 ], [ 81.7307044, 22.2634245 ], [ 81.7327183, 22.2643804 ], [ 81.7337022, 22.2694054 ], [ 81.7420937, 22.2678869 ], [ 81.7427584, 22.2738647 ], [ 81.7410779, 22.2773428 ], [ 81.7390895, 22.278324 ], [ 81.7437373, 22.3125606 ], [ 81.7495182, 22.30731 ], [ 81.755402, 22.3048887 ], [ 81.7559038, 22.3035915 ], [ 81.7567275, 22.3035334 ], [ 81.7572264, 22.2988866 ], [ 81.759922, 22.2954672 ], [ 81.7595094, 22.2931444 ], [ 81.7638767, 22.2903454 ], [ 81.7670457, 22.2917971 ], [ 81.7674874, 22.3023616 ], [ 81.7744936, 22.3070474 ], [ 81.7769617, 22.306321 ], [ 81.7804606, 22.3012146 ], [ 81.7879279, 22.2955645 ], [ 81.7843502, 22.292748 ], [ 81.7816847, 22.293389 ], [ 81.7833515, 22.28873 ], [ 81.7853591, 22.2872993 ], [ 81.8038287, 22.2879908 ], [ 81.8047416, 22.287758 ], [ 81.8061925, 22.2840226 ], [ 81.8087898, 22.2868358 ], [ 81.8150063, 22.2909456 ], [ 81.8242792, 22.2930852 ], [ 81.8239121, 22.2859962 ], [ 81.8228787, 22.2846117 ], [ 81.820015, 22.2819131 ], [ 81.8123969, 22.2776709 ], [ 81.8137224, 22.2757155 ], [ 81.8228819, 22.2699374 ], [ 81.8256236, 22.2809053 ], [ 81.8299104, 22.2827939 ], [ 81.8333999, 22.2829453 ], [ 81.8350551, 22.2868786 ], [ 81.8412174, 22.2887549 ], [ 81.8579194, 22.2888978 ], [ 81.862551, 22.2910645 ], [ 81.8625347, 22.2924638 ], [ 81.8613034, 22.2934507 ], [ 81.8546305, 22.2943855 ], [ 81.851715, 22.2956092 ], [ 81.8516968, 22.3011574 ], [ 81.8529447, 22.3062912 ], [ 81.8566038, 22.3103334 ], [ 81.863429, 22.3121215 ], [ 81.8645682, 22.3131252 ], [ 81.8664751, 22.3179031 ], [ 81.8696106, 22.3189161 ], [ 81.873258, 22.3217563 ], [ 81.8756684, 22.3217762 ], [ 81.8825203, 22.3197171 ], [ 81.8821785, 22.3189819 ], [ 81.8842738, 22.3172194 ], [ 81.8859407, 22.316968 ], [ 81.8868223, 22.3176412 ], [ 81.887608, 22.3164664 ], [ 81.8901391, 22.3159802 ], [ 81.8928039, 22.3124888 ], [ 81.8930025, 22.3097766 ], [ 81.8945674, 22.3090132 ], [ 81.8948095, 22.3068147 ], [ 81.8963658, 22.3070087 ], [ 81.8971833, 22.304633 ], [ 81.8982149, 22.30492 ], [ 81.9005994, 22.3085259 ], [ 81.9040371, 22.3109568 ], [ 81.9075643, 22.3119679 ], [ 81.9138031, 22.3116923 ], [ 81.9141212, 22.2965682 ], [ 81.9153305, 22.2929388 ], [ 81.9159765, 22.2922616 ], [ 81.9246623, 22.2922352 ], [ 81.9292598, 22.2941971 ], [ 81.926734, 22.2962368 ], [ 81.9274652, 22.301293 ], [ 81.9389389, 22.3091033 ], [ 81.9383631, 22.3102461 ], [ 81.9362678, 22.3101354 ], [ 81.9358425, 22.3109984 ], [ 81.9339678, 22.3101486 ], [ 81.933482, 22.3116035 ], [ 81.9324359, 22.3118953 ], [ 81.9319329, 22.3141301 ], [ 81.930363, 22.3140413 ], [ 81.9297215, 22.3152866 ], [ 81.9305728, 22.3185324 ], [ 81.9296796, 22.3226415 ], [ 81.9306126, 22.3255775 ], [ 81.9344511, 22.3238522 ], [ 81.9337326, 22.3273496 ], [ 81.9356481, 22.3317123 ], [ 81.9352339, 22.3387862 ], [ 81.9294422, 22.3410161 ], [ 81.9292523, 22.3427995 ], [ 81.9271136, 22.3448271 ], [ 81.928015, 22.3465647 ], [ 81.927294, 22.3507116 ], [ 81.9280707, 22.3515036 ], [ 81.9248007, 22.3544404 ], [ 81.9261352, 22.3549088 ], [ 81.9249658, 22.3560514 ], [ 81.9259618, 22.356969 ], [ 81.9246985, 22.357142 ], [ 81.9251328, 22.3595295 ], [ 81.9289999, 22.3615287 ], [ 81.9307751, 22.3616029 ], [ 81.9428672, 22.3559927 ], [ 81.9507208, 22.3478479 ], [ 81.9548108, 22.3460003 ], [ 81.9538328, 22.3438827 ], [ 81.954307, 22.3421472 ], [ 81.9560387, 22.3407579 ], [ 81.9586286, 22.3410347 ], [ 81.9594684, 22.3455911 ], [ 81.9618634, 22.3470416 ], [ 81.962406, 22.3495787 ], [ 81.964521, 22.3510277 ], [ 81.963001, 22.3524335 ], [ 81.9638201, 22.3547234 ], [ 81.9703678, 22.3547482 ], [ 81.9719838, 22.3572395 ], [ 81.9763984, 22.3599701 ], [ 81.9751, 22.3606068 ], [ 81.9747021, 22.3629348 ], [ 81.9719677, 22.3663262 ], [ 81.9660594, 22.3685478 ], [ 81.9649979, 22.3708806 ], [ 81.96653, 22.3722343 ], [ 81.9654974, 22.373322 ], [ 81.9661684, 22.3747255 ], [ 81.9601893, 22.3791402 ], [ 81.9593714, 22.381359 ], [ 81.9600308, 22.3834419 ], [ 81.9581558, 22.3861315 ], [ 81.9585536, 22.3877725 ], [ 81.952699, 22.3930074 ], [ 81.9517231, 22.3982869 ], [ 81.9489637, 22.4011317 ], [ 81.9472751, 22.4046042 ], [ 81.9351396, 22.4107506 ], [ 81.9247656, 22.4122385 ], [ 81.9219081, 22.4218277 ], [ 81.9156915, 22.426548 ], [ 81.9149375, 22.4322123 ], [ 81.9092299, 22.4387961 ], [ 81.9054515, 22.4395113 ], [ 81.9016099, 22.4426211 ], [ 81.9006631, 22.4462529 ], [ 81.9008493, 22.449 ], [ 81.9030005, 22.4489244 ], [ 81.903211, 22.4502033 ], [ 81.9017821, 22.4526798 ], [ 81.8986444, 22.4542751 ], [ 81.8980544, 22.4553205 ], [ 81.8992354, 22.4563434 ], [ 81.9033603, 22.4573809 ], [ 81.9066203, 22.4603175 ], [ 81.9100568, 22.4606307 ], [ 81.9109618, 22.4617169 ], [ 81.9078007, 22.4669691 ], [ 81.9047926, 22.4677954 ], [ 81.9039733, 22.4720511 ], [ 81.9053805, 22.4746899 ], [ 81.9021988, 22.4814642 ], [ 81.9008265, 22.4824822 ], [ 81.889094, 22.4853928 ], [ 81.8826896, 22.485223 ], [ 81.87649, 22.4875101 ], [ 81.8726341, 22.4903032 ], [ 81.8653992, 22.4934102 ], [ 81.8600457, 22.4999262 ], [ 81.8603148, 22.5008637 ], [ 81.8589973, 22.5025497 ], [ 81.8574176, 22.5031891 ], [ 81.8517362, 22.503141 ], [ 81.8419685, 22.5070818 ], [ 81.8406592, 22.508086 ], [ 81.8393074, 22.5135103 ], [ 81.8365715, 22.5179258 ], [ 81.8320247, 22.533804 ], [ 81.8352731, 22.5388137 ], [ 81.8366889, 22.5434469 ], [ 81.8347915, 22.55973 ], [ 81.83218, 22.5641472 ], [ 81.8358884, 22.5678335 ], [ 81.8381179, 22.5729866 ], [ 81.832535, 22.5750461 ], [ 81.8378243, 22.5803432 ], [ 81.8477973, 22.5925441 ], [ 81.8543772, 22.6051698 ], [ 81.8566257, 22.6111143 ], [ 81.8714285, 22.6120258 ], [ 81.8797318, 22.6102626 ], [ 81.8852276, 22.6099644 ], [ 81.8922296, 22.6118454 ], [ 81.8957734, 22.6106843 ], [ 81.8988842, 22.6111813 ], [ 81.9009892, 22.6119251 ], [ 81.9026723, 22.6138908 ], [ 81.9057066, 22.6141035 ], [ 81.9224629, 22.6092452 ], [ 81.928802, 22.6133062 ], [ 81.9499192, 22.6158356 ], [ 81.9531476, 22.6149704 ], [ 81.9583853, 22.6100997 ] ] ] } },
{ "type": "Feature", "properties": { "dtname": "Gaurella Pendra Marwahi", "stname": "CHHATTISGARH", "dist_lgd": 734, "year_stat": "2020" }, "geometry": { "type": "Polygon", "coordinates": [ [ [ 82.0729093, 23.1183056 ], [ 82.0748983, 23.1148382 ], [ 82.0804168, 23.112687 ], [ 82.0921561, 23.1123704 ], [ 82.0934992, 23.1090703 ], [ 82.0988097, 23.1084662 ], [ 82.111095, 23.1093482 ], [ 82.1160945, 23.1055973 ], [ 82.1181166, 23.1055497 ], [ 82.1232389, 23.1033214 ], [ 82.128749, 23.0958852 ], [ 82.1325214, 23.0925712 ], [ 82.1357911, 23.0910043 ], [ 82.1396363, 23.0873288 ], [ 82.1442471, 23.0801044 ], [ 82.1478579, 23.0785689 ], [ 82.1490722, 23.0745143 ], [ 82.1578563, 23.0630027 ], [ 82.1583153, 23.0546048 ], [ 82.166112, 23.0466905 ], [ 82.1676119, 23.0458052 ], [ 82.1703686, 23.0467096 ], [ 82.1749586, 23.0444079 ], [ 82.1756556, 23.042473 ], [ 82.1752136, 23.0411796 ], [ 82.1796655, 23.0359137 ], [ 82.1806595, 23.0331547 ], [ 82.182747, 23.0208214 ], [ 82.1848316, 23.0140189 ], [ 82.1826398, 23.0097869 ], [ 82.1806592, 22.9956607 ], [ 82.1736466, 22.9885551 ], [ 82.1736721, 22.98762 ], [ 82.1762948, 22.9865654 ], [ 82.1765064, 22.9807098 ], [ 82.1779731, 22.9741408 ], [ 82.1770451, 22.9700908 ], [ 82.1797615, 22.9693131 ], [ 82.194084, 22.9588257 ], [ 82.197167, 22.9559795 ], [ 82.1983367, 22.9524431 ], [ 82.1998056, 22.9510608 ], [ 82.2098649, 22.9487414 ], [ 82.2158414, 22.9450345 ], [ 82.2137324, 22.9423658 ], [ 82.2121377, 22.9373171 ], [ 82.2120003, 22.9313827 ], [ 82.2082618, 22.9257322 ], [ 82.2058078, 22.9239853 ], [ 82.2003628, 22.9219188 ], [ 82.1978891, 22.917604 ], [ 82.196838, 22.9174136 ], [ 82.1953825, 22.9185475 ], [ 82.1936106, 22.9173595 ], [ 82.1929196, 22.9162049 ], [ 82.1932968, 22.912287 ], [ 82.1926786, 22.9105242 ], [ 82.1882879, 22.9054812 ], [ 82.1841069, 22.9047126 ], [ 82.1813171, 22.9011486 ], [ 82.1785154, 22.9004194 ], [ 82.1770478, 22.8965452 ], [ 82.1741888, 22.894329 ], [ 82.1736247, 22.8906094 ], [ 82.1684246, 22.8875693 ], [ 82.1621843, 22.8866613 ], [ 82.1583586, 22.8850365 ], [ 82.1580776, 22.8801967 ], [ 82.1542171, 22.8721425 ], [ 82.1530052, 22.8648582 ], [ 82.1512029, 22.8632301 ], [ 82.1454245, 22.8644852 ], [ 82.1414244, 22.8628634 ], [ 82.1410954, 22.861985 ], [ 82.1424268, 22.8611137 ], [ 82.1420039, 22.8602534 ], [ 82.1342533, 22.8533359 ], [ 82.1369054, 22.8442071 ], [ 82.1392978, 22.8420893 ], [ 82.1465843, 22.8421146 ], [ 82.1510584, 22.8408963 ], [ 82.1553444, 22.8386763 ], [ 82.1524598, 22.815918 ], [ 82.15857, 22.8156052 ], [ 82.1589348, 22.8149532 ], [ 82.1589655, 22.7875612 ], [ 82.1557864, 22.7868987 ], [ 82.1555874, 22.7781423 ], [ 82.1537372, 22.7742901 ], [ 82.1555837, 22.7669303 ], [ 82.1511708, 22.753315 ], [ 82.1488615, 22.7443128 ], [ 82.148861, 22.7415654 ], [ 82.151713, 22.7363305 ], [ 82.1577217, 22.7331658 ], [ 82.1647156, 22.7280477 ], [ 82.1664109, 22.7246455 ], [ 82.1650354, 22.7157322 ], [ 82.1662573, 22.709703 ], [ 82.1667702, 22.6960345 ], [ 82.1672204, 22.6949991 ], [ 82.1711676, 22.6950976 ], [ 82.1725618, 22.6933861 ], [ 82.1745392, 22.6782331 ], [ 82.1737166, 22.6705517 ], [ 82.1769992, 22.6704565 ], [ 82.1801681, 22.6713733 ], [ 82.1856192, 22.6745027 ], [ 82.197154, 22.6746847 ], [ 82.1967606, 22.669933 ], [ 82.199065, 22.6672864 ], [ 82.2022235, 22.6660144 ], [ 82.2028885, 22.6633907 ], [ 82.2016905, 22.6613144 ], [ 82.2021037, 22.6606324 ], [ 82.2054347, 22.6602482 ], [ 82.2202911, 22.661378 ], [ 82.2253778, 22.660498 ], [ 82.2355073, 22.6572413 ], [ 82.2397546, 22.6539303 ], [ 82.2382488, 22.646398 ], [ 82.2387978, 22.6423882 ], [ 82.237263, 22.6422257 ], [ 82.236723, 22.6413284 ], [ 82.2363339, 22.6369154 ], [ 82.2369926, 22.631118 ], [ 82.2360007, 22.6278093 ], [ 82.2373291, 22.6252178 ], [ 82.239174, 22.6243595 ], [ 82.2378385, 22.6157881 ], [ 82.2383909, 22.6104093 ], [ 82.2329927, 22.5964625 ], [ 82.2333335, 22.5912216 ], [ 82.2230389, 22.5939576 ], [ 82.2189409, 22.5939999 ], [ 82.2124401, 22.5964369 ], [ 82.2083205, 22.5962797 ], [ 82.2014702, 22.5883304 ], [ 82.1970471, 22.5790437 ], [ 82.1844447, 22.5672351 ], [ 82.1833275, 22.5630107 ], [ 82.1812069, 22.5601959 ], [ 82.1749825, 22.5570872 ], [ 82.1661849, 22.5551956 ], [ 82.1676435, 22.5479171 ], [ 82.1622788, 22.547041 ], [ 82.1564267, 22.5441677 ], [ 82.1552103, 22.5504867 ], [ 82.1572981, 22.5608984 ], [ 82.1571491, 22.5681318 ], [ 82.1587359, 22.5755093 ], [ 82.1484692, 22.585553 ], [ 82.1439046, 22.5934778 ], [ 82.1500083, 22.5998388 ], [ 82.1502565, 22.601085 ], [ 82.1395387, 22.6003955 ], [ 82.1366601, 22.6019128 ], [ 82.1327893, 22.6026987 ], [ 82.1143395, 22.6006803 ], [ 82.1060058, 22.591735 ], [ 82.0970257, 22.5869837 ], [ 82.0902773, 22.58477 ], [ 82.0802049, 22.5774845 ], [ 82.0753836, 22.5724532 ], [ 82.060254, 22.5714455 ], [ 82.059941, 22.564817 ], [ 82.0561786, 22.5640434 ], [ 82.0472951, 22.5666085 ], [ 82.0410591, 22.5721907 ], [ 82.0328124, 22.5737575 ], [ 82.0242622, 22.5778657 ], [ 82.0156452, 22.5796888 ], [ 82.0131109, 22.5810822 ], [ 82.0040083, 22.5819426 ], [ 81.9995467, 22.579799 ], [ 81.9945226, 22.5788179 ], [ 81.9940401, 22.5810213 ], [ 81.9903546, 22.5831659 ], [ 81.9888011, 22.584991 ], [ 81.9876926, 22.589055 ], [ 81.9752722, 22.6106565 ], [ 81.971378, 22.6081146 ], [ 81.9647314, 22.6063063 ], [ 81.9563582, 22.6115578 ], [ 81.9531476, 22.6149704 ], [ 81.9499192, 22.6158356 ], [ 81.928802, 22.6133062 ], [ 81.9224629, 22.6092452 ], [ 81.9057066, 22.6141035 ], [ 81.9026723, 22.6138908 ], [ 81.9009892, 22.6119251 ], [ 81.8988842, 22.6111813 ], [ 81.8957734, 22.6106843 ], [ 81.8922296, 22.6118454 ], [ 81.8852276, 22.6099644 ], [ 81.8797318, 22.6102626 ], [ 81.8714285, 22.6120258 ], [ 81.8566257, 22.6111143 ], [ 81.8543772, 22.6051698 ], [ 81.8477973, 22.5925441 ], [ 81.8378243, 22.5803432 ], [ 81.832535, 22.5750461 ], [ 81.8381179, 22.5729866 ], [ 81.8369125, 22.5705431 ], [ 81.8325753, 22.5710788 ], [ 81.8281129, 22.5704687 ], [ 81.8274556, 22.573499 ], [ 81.8281083, 22.5770513 ], [ 81.8259815, 22.5776221 ], [ 81.8245823, 22.5743373 ], [ 81.8195187, 22.5735659 ], [ 81.8134365, 22.5742435 ], [ 81.8094556, 22.570351 ], [ 81.8026832, 22.5698009 ], [ 81.8020488, 22.5664291 ], [ 81.7996944, 22.5629175 ], [ 81.7965004, 22.5642634 ], [ 81.7925852, 22.5692159 ], [ 81.7935695, 22.5707425 ], [ 81.7952906, 22.5709176 ], [ 81.7955478, 22.5717621 ], [ 81.7900775, 22.5729739 ], [ 81.7903141, 22.5755929 ], [ 81.7925525, 22.5806014 ], [ 81.7882351, 22.580414 ], [ 81.7863334, 22.5812663 ], [ 81.7881589, 22.5855613 ], [ 81.78823, 22.588451 ], [ 81.7872038, 22.5888252 ], [ 81.7837182, 22.5877216 ], [ 81.7831732, 22.5883263 ], [ 81.7853624, 22.5941657 ], [ 81.7888526, 22.5961046 ], [ 81.78857, 22.5969849 ], [ 81.7830402, 22.5983274 ], [ 81.7780923, 22.5948478 ], [ 81.7745031, 22.5956674 ], [ 81.7723694, 22.594334 ], [ 81.7664984, 22.5966104 ], [ 81.7616916, 22.5937128 ], [ 81.7552405, 22.5918434 ], [ 81.7543458, 22.5918608 ], [ 81.7539211, 22.5938156 ], [ 81.7497499, 22.5927874 ], [ 81.748108, 22.5909756 ], [ 81.7468531, 22.5913493 ], [ 81.7467393, 22.5935255 ], [ 81.7487902, 22.5947824 ], [ 81.7502662, 22.5972037 ], [ 81.7506076, 22.6069432 ], [ 81.7489293, 22.6076056 ], [ 81.7467176, 22.6068935 ], [ 81.7408869, 22.6070875 ], [ 81.7407457, 22.6125825 ], [ 81.7372049, 22.6123458 ], [ 81.7387882, 22.6156182 ], [ 81.7348516, 22.618935 ], [ 81.735129, 22.6253825 ], [ 81.7331012, 22.6319805 ], [ 81.7315257, 22.6325009 ], [ 81.7312349, 22.6338082 ], [ 81.7294594, 22.6335498 ], [ 81.7282682, 22.6342504 ], [ 81.7314894, 22.6421227 ], [ 81.7327063, 22.6432281 ], [ 81.7316774, 22.6462539 ], [ 81.7349673, 22.6482158 ], [ 81.7347506, 22.6509386 ], [ 81.7367635, 22.6555833 ], [ 81.7345837, 22.6673467 ], [ 81.7288665, 22.6729223 ], [ 81.7264224, 22.6740781 ], [ 81.7278515, 22.6753475 ], [ 81.7296028, 22.6751207 ], [ 81.7394724, 22.6721204 ], [ 81.7393045, 22.6749605 ], [ 81.741858, 22.6740736 ], [ 81.7464022, 22.6629133 ], [ 81.7496951, 22.6603893 ], [ 81.7519398, 22.6547127 ], [ 81.7490127, 22.6517806 ], [ 81.7483512, 22.6494251 ], [ 81.7493855, 22.6462948 ], [ 81.7508631, 22.6449135 ], [ 81.7526278, 22.6444865 ], [ 81.7554009, 22.6457959 ], [ 81.7595899, 22.6503209 ], [ 81.7633659, 22.6572603 ], [ 81.7657009, 22.6591817 ], [ 81.7674331, 22.6629301 ], [ 81.7723707, 22.6682061 ], [ 81.77294, 22.6840356 ], [ 81.7712392, 22.6870847 ], [ 81.7667196, 22.6905045 ], [ 81.7648846, 22.693697 ], [ 81.7611526, 22.6975326 ], [ 81.7606657, 22.7012089 ], [ 81.7569343, 22.7083073 ], [ 81.7559617, 22.7139913 ], [ 81.7534424, 22.7210205 ], [ 81.7543051, 22.7310969 ], [ 81.7557342, 22.7337902 ], [ 81.7632828, 22.7356241 ], [ 81.7699286, 22.7355758 ], [ 81.7690156, 22.7418657 ], [ 81.7700738, 22.7457203 ], [ 81.7730711, 22.7505502 ], [ 81.7765434, 22.7513908 ], [ 81.779282, 22.7508555 ], [ 81.7804812, 22.7519673 ], [ 81.7807221, 22.7545313 ], [ 81.7844101, 22.7574529 ], [ 81.7884803, 22.7635544 ], [ 81.7943917, 22.7664599 ], [ 81.7835867, 22.7793462 ], [ 81.7836973, 22.7839533 ], [ 81.7822199, 22.7852086 ], [ 81.7809755, 22.7899406 ], [ 81.7819268, 22.7960746 ], [ 81.7833514, 22.7966066 ], [ 81.7841304, 22.7986993 ], [ 81.781778, 22.8109454 ], [ 81.777908, 22.8132795 ], [ 81.7776585, 22.8164255 ], [ 81.7694576, 22.8277566 ], [ 81.7613452, 22.8302873 ], [ 81.7678375, 22.8354058 ], [ 81.7731349, 22.8460658 ], [ 81.7740128, 22.8502212 ], [ 81.7765286, 22.8516405 ], [ 81.7772944, 22.8554877 ], [ 81.7749032, 22.8639106 ], [ 81.7774613, 22.8675212 ], [ 81.7756831, 22.8744368 ], [ 81.8175773, 22.8822819 ], [ 81.8274823, 22.8828036 ], [ 81.8339204, 22.8809 ], [ 81.8383746, 22.8827842 ], [ 81.8382384, 22.8852461 ], [ 81.8420717, 22.8877492 ], [ 81.8462604, 22.8867237 ], [ 81.8531913, 22.8908925 ], [ 81.8616266, 22.889261 ], [ 81.8694914, 22.8945079 ], [ 81.8681125, 22.9020931 ], [ 81.8693258, 22.9098024 ], [ 81.8655233, 22.9127379 ], [ 81.866114, 22.9158106 ], [ 81.869124, 22.917334 ], [ 81.8782403, 22.9098086 ], [ 81.8904006, 22.9226551 ], [ 81.8981452, 22.925929 ], [ 81.9046867, 22.9314506 ], [ 81.9127446, 22.9416502 ], [ 81.9189217, 22.9465453 ], [ 81.926669, 22.9502319 ], [ 81.9463076, 22.9567787 ], [ 81.9478057, 22.9675368 ], [ 81.9462081, 22.9739172 ], [ 81.9473338, 22.9777278 ], [ 81.9504814, 22.9829269 ], [ 81.9447601, 22.9891732 ], [ 81.9454406, 22.9958209 ], [ 81.9391373, 23.0046158 ], [ 81.9387988, 23.0066445 ], [ 81.9395511, 23.0095299 ], [ 81.9375999, 23.0127975 ], [ 81.9367308, 23.0161741 ], [ 81.9349684, 23.0175897 ], [ 81.9318837, 23.0182554 ], [ 81.9297687, 23.020612 ], [ 81.9295051, 23.0227345 ], [ 81.9318261, 23.025483 ], [ 81.9273132, 23.0274733 ], [ 81.9256141, 23.0292021 ], [ 81.9215018, 23.040814 ], [ 81.9244882, 23.047112 ], [ 81.929043, 23.0498328 ], [ 81.927429, 23.0525836 ], [ 81.9279128, 23.0544318 ], [ 81.9267841, 23.0575772 ], [ 81.9302682, 23.0590434 ], [ 81.9295492, 23.0616423 ], [ 81.9316217, 23.0622538 ], [ 81.9332233, 23.0614913 ], [ 81.9373989, 23.0618825 ], [ 81.9383125, 23.0631724 ], [ 81.9378138, 23.0652542 ], [ 81.9429442, 23.0647749 ], [ 81.9438992, 23.0673867 ], [ 81.9468543, 23.0691011 ], [ 81.9469435, 23.0709105 ], [ 81.9450636, 23.0725827 ], [ 81.9460371, 23.0762849 ], [ 81.9432602, 23.0772645 ], [ 81.9422512, 23.078965 ], [ 81.9444814, 23.0793658 ], [ 81.9544538, 23.0759162 ], [ 81.9631727, 23.0751939 ], [ 81.9634097, 23.078214 ], [ 81.9678912, 23.0807218 ], [ 81.9694919, 23.0809375 ], [ 81.9709943, 23.0799614 ], [ 81.9727366, 23.0802538 ], [ 81.9762101, 23.0789784 ], [ 81.977173, 23.0810095 ], [ 81.9808587, 23.0826279 ], [ 81.9812666, 23.0801489 ], [ 81.9824105, 23.0826539 ], [ 81.9853337, 23.0826655 ], [ 81.9856486, 23.0858708 ], [ 81.9882743, 23.0861353 ], [ 81.989483, 23.0843104 ], [ 81.9911393, 23.0866118 ], [ 81.9919382, 23.0848188 ], [ 81.9943185, 23.0835528 ], [ 81.9977394, 23.0844108 ], [ 82.0004224, 23.0810457 ], [ 82.002626, 23.0804904 ], [ 82.0044485, 23.0811877 ], [ 82.0056916, 23.0798264 ], [ 82.0078296, 23.079116 ], [ 82.0117413, 23.0800389 ], [ 82.0127644, 23.0821695 ], [ 82.0143751, 23.0813049 ], [ 82.0175528, 23.0824323 ], [ 82.0185716, 23.084102 ], [ 82.0196134, 23.0810416 ], [ 82.0225732, 23.0794371 ], [ 82.0275281, 23.082217 ], [ 82.027957, 23.0818531 ], [ 82.0271541, 23.0810305 ], [ 82.028082, 23.0802434 ], [ 82.0341886, 23.0800474 ], [ 82.0359381, 23.0807793 ], [ 82.0365996, 23.0824335 ], [ 82.0380797, 23.0830044 ], [ 82.0408082, 23.0865778 ], [ 82.0437186, 23.0885118 ], [ 82.0436611, 23.0903519 ], [ 82.0451725, 23.0902676 ], [ 82.047099, 23.0913503 ], [ 82.0471045, 23.0925441 ], [ 82.0490606, 23.0938335 ], [ 82.047851, 23.0964846 ], [ 82.0530404, 23.0995281 ], [ 82.0541428, 23.104301 ], [ 82.0552136, 23.1053062 ], [ 82.0551308, 23.1068502 ], [ 82.0597266, 23.1082077 ], [ 82.0617028, 23.1102595 ], [ 82.0619325, 23.112411 ], [ 82.0647888, 23.1140114 ], [ 82.0642552, 23.1147496 ], [ 82.0664004, 23.1149763 ], [ 82.0670338, 23.1165466 ], [ 82.0700756, 23.116498 ], [ 82.0722247, 23.1183247 ], [ 82.0729093, 23.1183056 ] ] ] } },
{ "type": "Feature", "properties": { "dtname": "Korba", "stname": "CHHATTISGARH", "dist_lgd": 383, "year_stat": "2011_c" }, "geometry": { "type": "Polygon", "coordinates": [ [ [ 82.3836742, 23.0004169 ], [ 82.3929132, 22.9993016 ], [ 82.4000341, 22.9967452 ], [ 82.4009961, 22.9950216 ], [ 82.4043961, 22.9938027 ], [ 82.405134, 22.9908765 ], [ 82.4106827, 22.9890628 ], [ 82.4103937, 22.9868195 ], [ 82.4121216, 22.9780972 ], [ 82.411608, 22.9766116 ], [ 82.4161296, 22.9743522 ], [ 82.4226085, 22.9743958 ], [ 82.4319406, 22.9730991 ], [ 82.4368147, 22.9712253 ], [ 82.4512773, 22.9687212 ], [ 82.4553813, 22.9668174 ], [ 82.4710993, 22.9687234 ], [ 82.4823226, 22.9667106 ], [ 82.4881332, 22.9705278 ], [ 82.5069748, 22.9689518 ], [ 82.5139979, 22.9694805 ], [ 82.5205666, 22.9727851 ], [ 82.5284759, 22.9754346 ], [ 82.5614625, 22.9765983 ], [ 82.5667787, 22.9748106 ], [ 82.5699869, 22.9707336 ], [ 82.5715591, 22.9670745 ], [ 82.5748141, 22.9654434 ], [ 82.5731723, 22.9611309 ], [ 82.5687588, 22.9631236 ], [ 82.5642388, 22.9625237 ], [ 82.5591817, 22.9596301 ], [ 82.5584835, 22.9568878 ], [ 82.5604753, 22.9550938 ], [ 82.5727752, 22.948693 ], [ 82.5716473, 22.9433581 ], [ 82.5719967, 22.9418395 ], [ 82.5758183, 22.9379521 ], [ 82.5759801, 22.936606 ], [ 82.5725921, 22.927849 ], [ 82.5748357, 22.9219483 ], [ 82.5746571, 22.9201202 ], [ 82.5725783, 22.91653 ], [ 82.5730104, 22.9147208 ], [ 82.5746977, 22.9123137 ], [ 82.5799402, 22.9090627 ], [ 82.5893749, 22.9076711 ], [ 82.5927246, 22.9005537 ], [ 82.5930441, 22.898146 ], [ 82.592179, 22.8954847 ], [ 82.5911516, 22.8944487 ], [ 82.5893745, 22.8942372 ], [ 82.5865949, 22.8945744 ], [ 82.5793486, 22.8977828 ], [ 82.5748152, 22.8980109 ], [ 82.5737197, 22.8961316 ], [ 82.5771245, 22.8906418 ], [ 82.5772465, 22.8893184 ], [ 82.5711292, 22.8773659 ], [ 82.5679923, 22.8671331 ], [ 82.5662774, 22.8655773 ], [ 82.5634569, 22.8649487 ], [ 82.5586527, 22.8660603 ], [ 82.5563594, 22.8626406 ], [ 82.555846, 22.8601349 ], [ 82.5567308, 22.8471003 ], [ 82.5626801, 22.8420123 ], [ 82.5622048, 22.841375 ], [ 82.5644928, 22.8396261 ], [ 82.5710496, 22.8296446 ], [ 82.578255, 22.8317186 ], [ 82.5802939, 22.8309242 ], [ 82.5983961, 22.8325721 ], [ 82.6040963, 22.8289882 ], [ 82.6054112, 22.8269567 ], [ 82.6105245, 22.8273635 ], [ 82.6133444, 22.8249434 ], [ 82.6166674, 22.8235133 ], [ 82.6231068, 22.8211638 ], [ 82.6292525, 22.8205441 ], [ 82.6345202, 22.818496 ], [ 82.6359489, 22.8174536 ], [ 82.6389317, 22.8113566 ], [ 82.6476786, 22.8103859 ], [ 82.651397, 22.8089738 ], [ 82.6596711, 22.8098867 ], [ 82.6623993, 22.8130691 ], [ 82.6654851, 22.8139029 ], [ 82.6668569, 22.8154128 ], [ 82.6734572, 22.8166429 ], [ 82.6805532, 22.8243094 ], [ 82.6846254, 22.8256592 ], [ 82.6946807, 22.833208 ], [ 82.7127225, 22.8337872 ], [ 82.728174, 22.8235497 ], [ 82.7359162, 22.8131203 ], [ 82.7377431, 22.8114053 ], [ 82.7484693, 22.8055013 ], [ 82.7588917, 22.7932695 ], [ 82.7679855, 22.7896093 ], [ 82.7684821, 22.7885219 ], [ 82.7645245, 22.7828513 ], [ 82.7647064, 22.7808015 ], [ 82.7735201, 22.772211 ], [ 82.7794714, 22.76778 ], [ 82.7887005, 22.762998 ], [ 82.7962435, 22.7607606 ], [ 82.7994372, 22.7586963 ], [ 82.8320131, 22.7440867 ], [ 82.8385064, 22.7460569 ], [ 82.8587762, 22.7495052 ], [ 82.8635304, 22.7518605 ], [ 82.8692086, 22.7483771 ], [ 82.8748068, 22.7464583 ], [ 82.8774258, 22.7439704 ], [ 82.8806334, 22.7367055 ], [ 82.8870142, 22.7291107 ], [ 82.8890289, 22.7254127 ], [ 82.8940711, 22.7239357 ], [ 82.9027474, 22.7147822 ], [ 82.9129179, 22.7103372 ], [ 82.920917, 22.7050298 ], [ 82.9227992, 22.7018145 ], [ 82.9303687, 22.6952831 ], [ 82.9380265, 22.6815001 ], [ 82.9409785, 22.6783428 ], [ 82.9500069, 22.6745732 ], [ 82.9596318, 22.6683284 ], [ 82.9671274, 22.6657822 ], [ 82.9770131, 22.665433 ], [ 82.9815612, 22.6643961 ], [ 82.9900127, 22.6654513 ], [ 82.9959762, 22.6585929 ], [ 83.0013351, 22.6551767 ], [ 83.0042245, 22.650471 ], [ 83.0097803, 22.6487421 ], [ 83.0130273, 22.6446597 ], [ 83.0137412, 22.6386149 ], [ 83.0204823, 22.6418238 ], [ 83.0248813, 22.6462399 ], [ 83.039447, 22.6521851 ], [ 83.048804, 22.6617779 ], [ 83.0545354, 22.6636145 ], [ 83.0570763, 22.6636116 ], [ 83.0650797, 22.6690639 ], [ 83.0735935, 22.6696333 ], [ 83.0781195, 22.6684398 ], [ 83.0811561, 22.6685036 ], [ 83.0852787, 22.669862 ], [ 83.0923545, 22.6742103 ], [ 83.1146481, 22.6714456 ], [ 83.1158205, 22.6703102 ], [ 83.12296, 22.6564351 ], [ 83.1227827, 22.6472951 ], [ 83.1167527, 22.6440024 ], [ 83.1128962, 22.6432611 ], [ 83.110148, 22.6415317 ], [ 83.107178, 22.641202 ], [ 83.1036767, 22.6364647 ], [ 83.0968507, 22.6351874 ], [ 83.094679, 22.6336225 ], [ 83.0943693, 22.6313168 ], [ 83.0972706, 22.6151843 ], [ 83.0976424, 22.5972477 ], [ 83.0974222, 22.5940467 ], [ 83.0919929, 22.5866784 ], [ 83.0925376, 22.5757495 ], [ 83.0954146, 22.5632388 ], [ 83.10267, 22.5529489 ], [ 83.1068077, 22.5353707 ], [ 83.1032761, 22.5260733 ], [ 83.107348, 22.5184594 ], [ 83.1061039, 22.5123218 ], [ 83.1031169, 22.5046979 ], [ 83.0971122, 22.4995195 ], [ 83.0930988, 22.4978165 ], [ 83.0894366, 22.4916343 ], [ 83.0884122, 22.4882386 ], [ 83.0877062, 22.4749817 ], [ 83.0860658, 22.4689851 ], [ 83.0878836, 22.4659829 ], [ 83.0942193, 22.4623269 ], [ 83.0948804, 22.460426 ], [ 83.0944441, 22.456448 ], [ 83.0906515, 22.4507173 ], [ 83.0890273, 22.4387425 ], [ 83.0903537, 22.4369547 ], [ 83.0935546, 22.4367883 ], [ 83.093488, 22.4305437 ], [ 83.0945524, 22.4272432 ], [ 83.0961214, 22.4255638 ], [ 83.0971753, 22.4255865 ], [ 83.0974181, 22.4262819 ], [ 83.0950477, 22.4277354 ], [ 83.0951689, 22.4285617 ], [ 83.1009436, 22.4286395 ], [ 83.1043582, 22.427055 ], [ 83.1071362, 22.4276017 ], [ 83.1093754, 22.4264325 ], [ 83.1135185, 22.421457 ], [ 83.1128389, 22.417497 ], [ 83.1097892, 22.4168195 ], [ 83.1074389, 22.4142907 ], [ 83.1083722, 22.4074095 ], [ 83.1072903, 22.3989793 ], [ 83.1081846, 22.3917775 ], [ 83.1078988, 22.3858398 ], [ 83.1063794, 22.3836723 ], [ 83.1016892, 22.3834459 ], [ 83.1003009, 22.3820505 ], [ 83.1038855, 22.3724333 ], [ 83.1085224, 22.3678508 ], [ 83.1092119, 22.3662299 ], [ 83.108314, 22.3641527 ], [ 83.1010821, 22.3554779 ], [ 83.0973253, 22.3535358 ], [ 83.090656, 22.3519135 ], [ 83.0864532, 22.3484809 ], [ 83.0792105, 22.3346802 ], [ 83.0791483, 22.3321155 ], [ 83.0829706, 22.32342 ], [ 83.0818569, 22.3151656 ], [ 83.0803589, 22.3102073 ], [ 83.078661, 22.308473 ], [ 83.0707958, 22.305942 ], [ 83.0665945, 22.3033397 ], [ 83.0594732, 22.2882919 ], [ 83.0515234, 22.2832944 ], [ 83.0494386, 22.2804262 ], [ 83.049348, 22.2774461 ], [ 83.052446, 22.2722819 ], [ 83.0545448, 22.2664354 ], [ 83.0611881, 22.2618144 ], [ 83.0533044, 22.2551284 ], [ 83.0462745, 22.2523556 ], [ 83.0422328, 22.2497777 ], [ 83.036391, 22.248437 ], [ 83.0328015, 22.2449378 ], [ 83.0310585, 22.2418853 ], [ 83.0300639, 22.2390337 ], [ 83.0351555, 22.2345443 ], [ 83.04676, 22.226704 ], [ 83.0476491, 22.2199874 ], [ 83.0509966, 22.2123659 ], [ 83.0485212, 22.2039428 ], [ 83.048545, 22.2009246 ], [ 83.0502892, 22.1982989 ], [ 83.0505623, 22.1941359 ], [ 83.0416344, 22.1902607 ], [ 83.0383963, 22.1879726 ], [ 83.0317387, 22.1735138 ], [ 83.0303636, 22.1688163 ], [ 83.0217402, 22.16757 ], [ 83.0139889, 22.1697842 ], [ 83.0066941, 22.1676533 ], [ 83.0031926, 22.164512 ], [ 82.9977115, 22.1648783 ], [ 82.9899223, 22.1641547 ], [ 82.9878992, 22.1659006 ], [ 82.9822205, 22.1670971 ], [ 82.9710658, 22.1659948 ], [ 82.966326, 22.1631188 ], [ 82.9619603, 22.1565582 ], [ 82.961029, 22.152381 ], [ 82.9618012, 22.1485529 ], [ 82.9606561, 22.1439043 ], [ 82.9438134, 22.14735 ], [ 82.9416127, 22.139285 ], [ 82.9367273, 22.128562 ], [ 82.9368422, 22.1221441 ], [ 82.9275725, 22.1259694 ], [ 82.9237085, 22.1265291 ], [ 82.9182264, 22.1306395 ], [ 82.9079485, 22.1347391 ], [ 82.9059729, 22.137324 ], [ 82.901875, 22.1381251 ], [ 82.9004612, 22.1399861 ], [ 82.8920872, 22.1625687 ], [ 82.8865381, 22.1644966 ], [ 82.8855398, 22.1660344 ], [ 82.8689755, 22.1718588 ], [ 82.860743, 22.1716511 ], [ 82.8533655, 22.1635513 ], [ 82.8528124, 22.1584273 ], [ 82.8450684, 22.157095 ], [ 82.840234, 22.1573636 ], [ 82.8343891, 22.1557094 ], [ 82.8309732, 22.1564143 ], [ 82.822509, 22.1540724 ], [ 82.8186674, 22.1514531 ], [ 82.817763, 22.1478195 ], [ 82.8123538, 22.1470492 ], [ 82.803574, 22.14019 ], [ 82.7966127, 22.1412009 ], [ 82.7990881, 22.1356077 ], [ 82.7998943, 22.1316021 ], [ 82.7992752, 22.1305238 ], [ 82.7933486, 22.1282747 ], [ 82.7748405, 22.1264161 ], [ 82.7703618, 22.1251189 ], [ 82.7583348, 22.1174992 ], [ 82.7570862, 22.1158339 ], [ 82.7577744, 22.1141059 ], [ 82.7529383, 22.1108501 ], [ 82.7589469, 22.1014635 ], [ 82.7572078, 22.0982371 ], [ 82.7563571, 22.0973658 ], [ 82.7516065, 22.0965685 ], [ 82.7481632, 22.0971194 ], [ 82.7407222, 22.0964125 ], [ 82.7386786, 22.0917675 ], [ 82.7379047, 22.0874558 ], [ 82.7337087, 22.0873006 ], [ 82.7314157, 22.0854463 ], [ 82.7321071, 22.0772277 ], [ 82.7337715, 22.0743727 ], [ 82.7345676, 22.0701277 ], [ 82.7342892, 22.0671657 ], [ 82.7359977, 22.0651461 ], [ 82.7344543, 22.0614354 ], [ 82.7384201, 22.053481 ], [ 82.7398191, 22.052315 ], [ 82.7410119, 22.0420143 ], [ 82.7405742, 22.0398427 ], [ 82.722193, 22.0394302 ], [ 82.7172789, 22.0424178 ], [ 82.7147656, 22.0508948 ], [ 82.7084817, 22.0565922 ], [ 82.7084836, 22.0597937 ], [ 82.7056189, 22.0649969 ], [ 82.7018896, 22.0843882 ], [ 82.6986992, 22.0890632 ], [ 82.6836843, 22.0893583 ], [ 82.6793348, 22.0804147 ], [ 82.6698003, 22.0810633 ], [ 82.6678639, 22.0860715 ], [ 82.6611463, 22.0955963 ], [ 82.6496731, 22.0985606 ], [ 82.6519417, 22.1032608 ], [ 82.6501931, 22.1069909 ], [ 82.6397964, 22.1146536 ], [ 82.636922, 22.1228507 ], [ 82.6367769, 22.1266483 ], [ 82.6381635, 22.1320893 ], [ 82.6410672, 22.136898 ], [ 82.6423571, 22.1420319 ], [ 82.6455619, 22.148755 ], [ 82.6487485, 22.1606256 ], [ 82.6514977, 22.1637725 ], [ 82.659992, 22.1685301 ], [ 82.6634855, 22.1720528 ], [ 82.6648572, 22.1782055 ], [ 82.6653351, 22.1878865 ], [ 82.6597061, 22.1882581 ], [ 82.6577768, 22.1901098 ], [ 82.655305, 22.1947521 ], [ 82.6487991, 22.2012103 ], [ 82.6491971, 22.2030254 ], [ 82.6477863, 22.2048589 ], [ 82.6473018, 22.2072521 ], [ 82.6453283, 22.2084535 ], [ 82.6461094, 22.2103859 ], [ 82.6450263, 22.2115113 ], [ 82.6425308, 22.2121835 ], [ 82.6452181, 22.2173353 ], [ 82.643327, 22.2189836 ], [ 82.6420128, 22.2189612 ], [ 82.6422312, 22.2200855 ], [ 82.6450634, 22.2207896 ], [ 82.6454516, 22.2224376 ], [ 82.6469842, 22.2227219 ], [ 82.6452919, 22.2242574 ], [ 82.6428913, 22.2245647 ], [ 82.64294, 22.2264883 ], [ 82.643881, 22.2272242 ], [ 82.644023, 22.2366478 ], [ 82.645037, 22.2387293 ], [ 82.6379803, 22.243715 ], [ 82.633455, 22.2452686 ], [ 82.6270373, 22.2506613 ], [ 82.6158409, 22.2569755 ], [ 82.6109836, 22.25844 ], [ 82.6020492, 22.259535 ], [ 82.5951651, 22.2628675 ], [ 82.5925547, 22.26306 ], [ 82.5905602, 22.2569767 ], [ 82.5921544, 22.2506579 ], [ 82.5918035, 22.2469047 ], [ 82.5859948, 22.2387486 ], [ 82.5826215, 22.2305252 ], [ 82.5798143, 22.2274359 ], [ 82.5758818, 22.2252448 ], [ 82.5710142, 22.2210711 ], [ 82.5659077, 22.2207352 ], [ 82.5565784, 22.2177604 ], [ 82.5528668, 22.2114327 ], [ 82.5460652, 22.2079573 ], [ 82.5396972, 22.2096338 ], [ 82.5360729, 22.2125759 ], [ 82.5359394, 22.2321456 ], [ 82.5329363, 22.2335844 ], [ 82.526608, 22.2392068 ], [ 82.5262273, 22.2424576 ], [ 82.5230553, 22.2490978 ], [ 82.5188504, 22.2522178 ], [ 82.5157189, 22.25182 ], [ 82.5154427, 22.2504984 ], [ 82.5125394, 22.2506483 ], [ 82.5104807, 22.2531974 ], [ 82.5026515, 22.249106 ], [ 82.4996492, 22.2505923 ], [ 82.4963397, 22.2476903 ], [ 82.4959677, 22.2450341 ], [ 82.4931218, 22.2465678 ], [ 82.4908792, 22.2462889 ], [ 82.4927724, 22.2444906 ], [ 82.4898782, 22.2400074 ], [ 82.4818273, 22.2383255 ], [ 82.4824176, 22.234279 ], [ 82.4794239, 22.23134 ], [ 82.4775526, 22.2305845 ], [ 82.4767118, 22.2259296 ], [ 82.4733499, 22.2242998 ], [ 82.4708162, 22.2245265 ], [ 82.4686478, 22.2217169 ], [ 82.4658583, 22.2200615 ], [ 82.4662849, 22.2189384 ], [ 82.4648129, 22.2178106 ], [ 82.4643545, 22.2163089 ], [ 82.4598204, 22.2133968 ], [ 82.4589638, 22.218091 ], [ 82.4571712, 22.2204561 ], [ 82.4561539, 22.2197099 ], [ 82.4555091, 22.2212936 ], [ 82.4540725, 22.2217889 ], [ 82.452177, 22.223868 ], [ 82.4521896, 22.2250742 ], [ 82.4441351, 22.2264073 ], [ 82.4430211, 22.2276544 ], [ 82.4424861, 22.2263582 ], [ 82.4363287, 22.2270134 ], [ 82.434926, 22.231029 ], [ 82.4346186, 22.2349632 ], [ 82.4284165, 22.2432261 ], [ 82.4289733, 22.2465842 ], [ 82.4208708, 22.2492226 ], [ 82.4086782, 22.257041 ], [ 82.3966528, 22.2602368 ], [ 82.3974762, 22.2620252 ], [ 82.3966162, 22.2644599 ], [ 82.397273, 22.2672586 ], [ 82.4148267, 22.2808588 ], [ 82.4141366, 22.2839795 ], [ 82.4118912, 22.2855242 ], [ 82.3998963, 22.3052793 ], [ 82.3843389, 22.3037324 ], [ 82.3790761, 22.3006455 ], [ 82.3745704, 22.3035649 ], [ 82.3734575, 22.3130845 ], [ 82.3724842, 22.3142254 ], [ 82.3667521, 22.3195606 ], [ 82.3586924, 22.3220744 ], [ 82.3517385, 22.3275661 ], [ 82.3326969, 22.3239134 ], [ 82.325451, 22.3235865 ], [ 82.3157815, 22.3113191 ], [ 82.3109942, 22.2990862 ], [ 82.3027221, 22.2964643 ], [ 82.3005372, 22.2940806 ], [ 82.2979272, 22.2891152 ], [ 82.2919028, 22.2882684 ], [ 82.2880648, 22.2867771 ], [ 82.2855577, 22.2886622 ], [ 82.2736802, 22.291733 ], [ 82.268238, 22.2965944 ], [ 82.2655185, 22.2967911 ], [ 82.2621047, 22.298278 ], [ 82.2616219, 22.3019015 ], [ 82.2684961, 22.3078134 ], [ 82.2721681, 22.318087 ], [ 82.2702439, 22.3238938 ], [ 82.2686896, 22.3341189 ], [ 82.2679958, 22.3347141 ], [ 82.2646358, 22.334563 ], [ 82.261648, 22.3358019 ], [ 82.2592486, 22.3349067 ], [ 82.2537547, 22.3353495 ], [ 82.2446093, 22.3342852 ], [ 82.2421919, 22.3352799 ], [ 82.2397972, 22.3350958 ], [ 82.2361294, 22.3339311 ], [ 82.2366921, 22.3304855 ], [ 82.2333949, 22.3283136 ], [ 82.2251248, 22.3317258 ], [ 82.2156486, 22.3394888 ], [ 82.2139112, 22.3283549 ], [ 82.2106691, 22.32432 ], [ 82.2090815, 22.319311 ], [ 82.2059141, 22.3137272 ], [ 82.2035108, 22.3117687 ], [ 82.2020166, 22.3125348 ], [ 82.2008312, 22.3146214 ], [ 82.2018036, 22.3179149 ], [ 82.1976956, 22.3179303 ], [ 82.1966976, 22.3167094 ], [ 82.193239, 22.3197159 ], [ 82.1893129, 22.3198642 ], [ 82.1862737, 22.3225633 ], [ 82.1851877, 22.3250968 ], [ 82.1769841, 22.3273055 ], [ 82.176277, 22.324908 ], [ 82.1746365, 22.324387 ], [ 82.17067, 22.3274948 ], [ 82.169221, 22.3265718 ], [ 82.1684784, 22.3266397 ], [ 82.1679207, 22.3279945 ], [ 82.1666053, 22.3275297 ], [ 82.1655189, 22.3299999 ], [ 82.1645674, 22.3288487 ], [ 82.1616314, 22.3304298 ], [ 82.1581948, 22.3286018 ], [ 82.1565449, 22.3297039 ], [ 82.154288, 22.3294695 ], [ 82.1519635, 22.3309149 ], [ 82.1512015, 22.3305447 ], [ 82.1516478, 22.3293887 ], [ 82.1506515, 22.3293025 ], [ 82.149489, 22.3299863 ], [ 82.1498646, 22.3308062 ], [ 82.1478136, 22.3308475 ], [ 82.1468499, 22.3318834 ], [ 82.1449733, 22.3314669 ], [ 82.141401, 22.3338943 ], [ 82.1409602, 22.3344954 ], [ 82.1426161, 22.3359142 ], [ 82.1497776, 22.3399404 ], [ 82.1536091, 22.3524167 ], [ 82.154414, 22.3592776 ], [ 82.1528093, 22.3656625 ], [ 82.1538564, 22.3772757 ], [ 82.1534222, 22.378917 ], [ 82.1494347, 22.3841577 ], [ 82.1521391, 22.3842024 ], [ 82.1534522, 22.3830079 ], [ 82.1571736, 22.3824338 ], [ 82.1669184, 22.383671 ], [ 82.1667536, 22.39274 ], [ 82.1649275, 22.3995066 ], [ 82.170646, 22.4020224 ], [ 82.1743034, 22.4046311 ], [ 82.1787979, 22.405298 ], [ 82.1821092, 22.4099385 ], [ 82.1797987, 22.4126643 ], [ 82.1800497, 22.4147864 ], [ 82.1769345, 22.4152954 ], [ 82.1736718, 22.4243406 ], [ 82.1720524, 22.4251899 ], [ 82.1700894, 22.4374653 ], [ 82.1681771, 22.4418953 ], [ 82.1568117, 22.444772 ], [ 82.1435762, 22.4509397 ], [ 82.1414003, 22.4536784 ], [ 82.1387602, 22.4536223 ], [ 82.1379757, 22.4543922 ], [ 82.1389378, 22.4568326 ], [ 82.1405386, 22.4579974 ], [ 82.142067, 22.4628128 ], [ 82.1441346, 22.4662351 ], [ 82.1423161, 22.4730172 ], [ 82.1432393, 22.4742995 ], [ 82.1435196, 22.4809504 ], [ 82.147288, 22.4844763 ], [ 82.1481756, 22.4891405 ], [ 82.1552103, 22.4954922 ], [ 82.1603204, 22.5028855 ], [ 82.1603205, 22.5079324 ], [ 82.164808, 22.5243634 ], [ 82.1651713, 22.5264773 ], [ 82.1636924, 22.5307856 ], [ 82.1578142, 22.5395229 ], [ 82.1564267, 22.5441677 ], [ 82.1622788, 22.547041 ], [ 82.1676435, 22.5479171 ], [ 82.1661849, 22.5551956 ], [ 82.1749825, 22.5570872 ], [ 82.1812069, 22.5601959 ], [ 82.1833275, 22.5630107 ], [ 82.1844447, 22.5672351 ], [ 82.1970471, 22.5790437 ], [ 82.2014702, 22.5883304 ], [ 82.2083205, 22.5962797 ], [ 82.2124401, 22.5964369 ], [ 82.2189409, 22.5939999 ], [ 82.2230389, 22.5939576 ], [ 82.2333335, 22.5912216 ], [ 82.2329927, 22.5964625 ], [ 82.2383909, 22.6104093 ], [ 82.2378385, 22.6157881 ], [ 82.239174, 22.6243595 ], [ 82.2373291, 22.6252178 ], [ 82.2360007, 22.6278093 ], [ 82.2369926, 22.631118 ], [ 82.2363339, 22.6369154 ], [ 82.236723, 22.6413284 ], [ 82.237263, 22.6422257 ], [ 82.2387978, 22.6423882 ], [ 82.2382488, 22.646398 ], [ 82.2398828, 22.653133 ], [ 82.2355073, 22.6572413 ], [ 82.2253778, 22.660498 ], [ 82.2202911, 22.661378 ], [ 82.2054347, 22.6602482 ], [ 82.2021037, 22.6606324 ], [ 82.2016905, 22.6613144 ], [ 82.2028885, 22.6633907 ], [ 82.2022235, 22.6660144 ], [ 82.199065, 22.6672864 ], [ 82.1967606, 22.669933 ], [ 82.197154, 22.6746847 ], [ 82.1856192, 22.6745027 ], [ 82.1801681, 22.6713733 ], [ 82.1769992, 22.6704565 ], [ 82.1737166, 22.6705517 ], [ 82.1745392, 22.6782331 ], [ 82.1725618, 22.6933861 ], [ 82.1711676, 22.6950976 ], [ 82.1672204, 22.6949991 ], [ 82.1667702, 22.6960345 ], [ 82.1662573, 22.709703 ], [ 82.1650354, 22.7157322 ], [ 82.1664109, 22.7246455 ], [ 82.1647156, 22.7280477 ], [ 82.1577217, 22.7331658 ], [ 82.151713, 22.7363305 ], [ 82.148861, 22.7415654 ], [ 82.1488615, 22.7443128 ], [ 82.1511708, 22.753315 ], [ 82.1555837, 22.7669303 ], [ 82.1537372, 22.7742901 ], [ 82.1555874, 22.7781423 ], [ 82.1557864, 22.7868987 ], [ 82.1589655, 22.7875612 ], [ 82.1589348, 22.8149532 ], [ 82.15857, 22.8156052 ], [ 82.1524598, 22.815918 ], [ 82.1553444, 22.8386763 ], [ 82.1510584, 22.8408963 ], [ 82.1465843, 22.8421146 ], [ 82.1392978, 22.8420893 ], [ 82.1369054, 22.8442071 ], [ 82.1342533, 22.8533359 ], [ 82.1420039, 22.8602534 ], [ 82.1424268, 22.8611137 ], [ 82.1410954, 22.861985 ], [ 82.1414244, 22.8628634 ], [ 82.1454245, 22.8644852 ], [ 82.1512029, 22.8632301 ], [ 82.1530052, 22.8648582 ], [ 82.1542171, 22.8721425 ], [ 82.1580776, 22.8801967 ], [ 82.1583586, 22.8850365 ], [ 82.1621843, 22.8866613 ], [ 82.1684246, 22.8875693 ], [ 82.1736247, 22.8906094 ], [ 82.1741888, 22.894329 ], [ 82.1770478, 22.8965452 ], [ 82.1785154, 22.9004194 ], [ 82.1813171, 22.9011486 ], [ 82.1841069, 22.9047126 ], [ 82.1882879, 22.9054812 ], [ 82.1926786, 22.9105242 ], [ 82.1932968, 22.912287 ], [ 82.1929196, 22.9162049 ], [ 82.1936106, 22.9173595 ], [ 82.1953825, 22.9185475 ], [ 82.196838, 22.9174136 ], [ 82.1978891, 22.917604 ], [ 82.2003628, 22.9219188 ], [ 82.2058078, 22.9239853 ], [ 82.2082618, 22.9257322 ], [ 82.2120003, 22.9313827 ], [ 82.2121377, 22.9373171 ], [ 82.2137324, 22.9423658 ], [ 82.2158414, 22.9450345 ], [ 82.2226299, 22.9409052 ], [ 82.2259247, 22.9411073 ], [ 82.2408681, 22.9382501 ], [ 82.2416302, 22.9389058 ], [ 82.2482145, 22.9390822 ], [ 82.2587628, 22.9380141 ], [ 82.2601714, 22.9407192 ], [ 82.2729224, 22.9508016 ], [ 82.2777628, 22.9532115 ], [ 82.2809659, 22.9580724 ], [ 82.2834019, 22.9598864 ], [ 82.2886901, 22.9615389 ], [ 82.2959053, 22.9621963 ], [ 82.301193, 22.9646816 ], [ 82.3056809, 22.9686356 ], [ 82.3170339, 22.9669758 ], [ 82.3263344, 22.9670086 ], [ 82.3304039, 22.9737101 ], [ 82.3298891, 22.9756582 ], [ 82.3332861, 22.9816151 ], [ 82.3328686, 22.9831899 ], [ 82.3387053, 22.9866679 ], [ 82.3448306, 22.9919129 ], [ 82.349578, 22.99126 ], [ 82.3619256, 22.9986614 ], [ 82.3758793, 22.9977853 ], [ 82.3813003, 22.9990204 ], [ 82.3836742, 23.0004169 ] ], [ [ 82.991783, 22.2272081 ], [ 83.0021415, 22.2244454 ], [ 83.0071733, 22.2244328 ], [ 83.0119721, 22.2272294 ], [ 83.0244033, 22.2290476 ], [ 83.0211928, 22.2318709 ], [ 83.0178339, 22.2410248 ], [ 83.0150791, 22.243587 ], [ 83.0071048, 22.2559434 ], [ 83.004122, 22.2566498 ], [ 83.0048614, 22.2547603 ], [ 83.0037111, 22.2532694 ], [ 82.9992978, 22.2518953 ], [ 82.9962004, 22.2497063 ], [ 82.9951462, 22.245933 ], [ 82.9925815, 22.2429497 ], [ 82.9903473, 22.2422794 ], [ 82.9887007, 22.2379406 ], [ 82.9875803, 22.2324211 ], [ 82.988073, 22.230728 ], [ 82.991783, 22.2272081 ] ] ] } },
{ "type": "Feature", "properties": { "dtname": "Sakti", "stname": "CHHATTISGARH", "dist_lgd": 762, "year_stat": "2022" }, "geometry": { "type": "Polygon", "coordinates": [ [ [ 82.7918665, 21.7236895 ], [ 82.7923772, 21.7309806 ], [ 82.7934247, 21.7331712 ], [ 82.7936672, 21.7402971 ], [ 82.7942319, 21.7417559 ], [ 82.797504, 21.741744 ], [ 82.798721, 21.7437585 ], [ 82.7971386, 21.7472755 ], [ 82.7964625, 21.7639458 ], [ 82.8026983, 21.7644318 ], [ 82.8089808, 21.7686565 ], [ 82.8094929, 21.7695553 ], [ 82.8053101, 21.7719514 ], [ 82.8031623, 21.7744928 ], [ 82.8073722, 21.7765311 ], [ 82.8083867, 21.7782068 ], [ 82.8083858, 21.7800808 ], [ 82.8060638, 21.7829157 ], [ 82.7970364, 21.7846502 ], [ 82.7913714, 21.7906036 ], [ 82.7867779, 21.7909444 ], [ 82.7791514, 21.7934509 ], [ 82.7793027, 21.7984904 ], [ 82.7829897, 21.8021412 ], [ 82.783564, 21.8040425 ], [ 82.7832099, 21.805686 ], [ 82.7797598, 21.8094953 ], [ 82.7775687, 21.8173422 ], [ 82.7864762, 21.8256468 ], [ 82.7869242, 21.8286229 ], [ 82.7824699, 21.8286882 ], [ 82.7810229, 21.8300917 ], [ 82.7803532, 21.8336813 ], [ 82.7816877, 21.841625 ], [ 82.7808365, 21.8415839 ], [ 82.7792128, 21.8395419 ], [ 82.7777277, 21.8397126 ], [ 82.775984, 21.8434595 ], [ 82.7731087, 21.8467225 ], [ 82.7685177, 21.8476319 ], [ 82.7656569, 21.8505561 ], [ 82.7650466, 21.858029 ], [ 82.7664918, 21.8595336 ], [ 82.7738712, 21.8629386 ], [ 82.7744455, 21.8647948 ], [ 82.7734573, 21.866754 ], [ 82.7737069, 21.8695222 ], [ 82.7780772, 21.8738371 ], [ 82.7804791, 21.8777942 ], [ 82.7804299, 21.8791399 ], [ 82.7783443, 21.8797934 ], [ 82.7778594, 21.8812426 ], [ 82.7826278, 21.8843024 ], [ 82.7852529, 21.8876634 ], [ 82.7835281, 21.8913337 ], [ 82.7840005, 21.8941652 ], [ 82.7813605, 21.898869 ], [ 82.7825254, 21.9007165 ], [ 82.7860525, 21.9012603 ], [ 82.7889775, 21.9053664 ], [ 82.78859, 21.9059849 ], [ 82.785038, 21.9062359 ], [ 82.784238, 21.9087823 ], [ 82.7850018, 21.9099747 ], [ 82.7880206, 21.9113626 ], [ 82.7873115, 21.9156024 ], [ 82.7922161, 21.9197683 ], [ 82.7929396, 21.9239139 ], [ 82.7944338, 21.9262944 ], [ 82.7941865, 21.927098 ], [ 82.7911271, 21.9281712 ], [ 82.7915268, 21.9318516 ], [ 82.7958611, 21.9356874 ], [ 82.8039565, 21.93929 ], [ 82.8047542, 21.9412998 ], [ 82.8017184, 21.9431408 ], [ 82.8039332, 21.947278 ], [ 82.8131277, 21.9520501 ], [ 82.8155614, 21.9547377 ], [ 82.8158892, 21.9580252 ], [ 82.8139119, 21.9634115 ], [ 82.8079429, 21.9639104 ], [ 82.797814, 21.9672023 ], [ 82.7895258, 21.9599644 ], [ 82.7880964, 21.9620815 ], [ 82.789958, 21.9657761 ], [ 82.7894093, 21.9684671 ], [ 82.7882328, 21.96876 ], [ 82.7852084, 21.9667535 ], [ 82.7820121, 21.9687249 ], [ 82.782266, 21.9727439 ], [ 82.7811641, 21.9774169 ], [ 82.7854901, 21.9807789 ], [ 82.7851763, 21.9870146 ], [ 82.7909125, 21.9890994 ], [ 82.794273, 21.9971296 ], [ 82.7933665, 21.9989083 ], [ 82.7899366, 22.0006587 ], [ 82.7898583, 22.0020044 ], [ 82.7881428, 22.0026086 ], [ 82.7890658, 22.0085666 ], [ 82.7854902, 22.0104326 ], [ 82.7812147, 22.0111876 ], [ 82.7820558, 22.0181178 ], [ 82.7786185, 22.0190284 ], [ 82.7781635, 22.0203601 ], [ 82.7770757, 22.0203595 ], [ 82.7779422, 22.0247516 ], [ 82.7787994, 22.0253767 ], [ 82.7787771, 22.0274455 ], [ 82.775251, 22.0303507 ], [ 82.7752083, 22.0316583 ], [ 82.7739384, 22.0330007 ], [ 82.7735379, 22.0372358 ], [ 82.7768315, 22.0383699 ], [ 82.7781695, 22.0398931 ], [ 82.7824162, 22.0404225 ], [ 82.7830518, 22.0420053 ], [ 82.7877169, 22.0428471 ], [ 82.7900801, 22.0444098 ], [ 82.7906936, 22.0468336 ], [ 82.7978475, 22.0498623 ], [ 82.7995213, 22.0498826 ], [ 82.801038, 22.048071 ], [ 82.8043435, 22.0487556 ], [ 82.8169631, 22.0453048 ], [ 82.8204246, 22.0510949 ], [ 82.8199531, 22.0521593 ], [ 82.8243535, 22.0562108 ], [ 82.8314261, 22.0534723 ], [ 82.8377456, 22.0541578 ], [ 82.8394942, 22.0554766 ], [ 82.8386647, 22.0585005 ], [ 82.8414046, 22.0612769 ], [ 82.8423643, 22.0684742 ], [ 82.8418608, 22.0704386 ], [ 82.8257818, 22.0720907 ], [ 82.8259283, 22.0728628 ], [ 82.8217426, 22.0767311 ], [ 82.8222529, 22.078755 ], [ 82.8198513, 22.0844571 ], [ 82.7985007, 22.0862931 ], [ 82.7973544, 22.0848086 ], [ 82.7955437, 22.0843597 ], [ 82.7955524, 22.0829045 ], [ 82.791848, 22.0824194 ], [ 82.7926504, 22.0806628 ], [ 82.7873334, 22.0793465 ], [ 82.7873974, 22.0779251 ], [ 82.7857261, 22.0776987 ], [ 82.7847543, 22.0760412 ], [ 82.7826417, 22.0754715 ], [ 82.7813815, 22.0736081 ], [ 82.7753992, 22.0716555 ], [ 82.7736247, 22.0737354 ], [ 82.7712824, 22.0712635 ], [ 82.7727247, 22.0676753 ], [ 82.7670359, 22.0665939 ], [ 82.7654814, 22.0650048 ], [ 82.7651416, 22.0621329 ], [ 82.7591623, 22.0608193 ], [ 82.7569628, 22.0691024 ], [ 82.7515898, 22.0778464 ], [ 82.7498299, 22.084786 ], [ 82.7454106, 22.0881041 ], [ 82.7445133, 22.0969945 ], [ 82.7516065, 22.0965685 ], [ 82.7563571, 22.0973658 ], [ 82.7572078, 22.0982371 ], [ 82.7589469, 22.1014635 ], [ 82.7529383, 22.1108501 ], [ 82.7577744, 22.1141059 ], [ 82.7570862, 22.1158339 ], [ 82.760504, 22.1191012 ], [ 82.7703618, 22.1251189 ], [ 82.7748405, 22.1264161 ], [ 82.7933486, 22.1282747 ], [ 82.7992752, 22.1305238 ], [ 82.7998943, 22.1316021 ], [ 82.7990881, 22.1356077 ], [ 82.7966127, 22.1412009 ], [ 82.803574, 22.14019 ], [ 82.8123538, 22.1470492 ], [ 82.817763, 22.1478195 ], [ 82.8186674, 22.1514531 ], [ 82.8232802, 22.1543421 ], [ 82.8309732, 22.1564143 ], [ 82.8343891, 22.1557094 ], [ 82.840234, 22.1573636 ], [ 82.8450684, 22.157095 ], [ 82.8528124, 22.1584273 ], [ 82.8533655, 22.1635513 ], [ 82.8567535, 22.1667215 ], [ 82.8595998, 22.170804 ], [ 82.8613581, 22.1717813 ], [ 82.8670057, 22.1722694 ], [ 82.8855398, 22.1660344 ], [ 82.8865381, 22.1644966 ], [ 82.8920872, 22.1625687 ], [ 82.9004612, 22.1399861 ], [ 82.901875, 22.1381251 ], [ 82.9059729, 22.137324 ], [ 82.9079485, 22.1347391 ], [ 82.9182264, 22.1306395 ], [ 82.923071, 22.1268265 ], [ 82.9275725, 22.1259694 ], [ 82.9354685, 22.1228044 ], [ 82.9519014, 22.1142741 ], [ 82.9565834, 22.1110095 ], [ 82.959963, 22.106907 ], [ 82.9700195, 22.0979302 ], [ 82.9788474, 22.0947447 ], [ 82.9810664, 22.0927056 ], [ 82.9930014, 22.0859139 ], [ 83.0022807, 22.0824254 ], [ 83.0065947, 22.0782935 ], [ 83.015278, 22.0761159 ], [ 83.013817, 22.068281 ], [ 83.0162565, 22.0644357 ], [ 83.0143601, 22.0604475 ], [ 83.0142066, 22.0568336 ], [ 83.0152309, 22.0545662 ], [ 83.0169515, 22.0539353 ], [ 83.0217621, 22.0552706 ], [ 83.0295964, 22.0605809 ], [ 83.0330893, 22.0576047 ], [ 83.0335453, 22.0556375 ], [ 83.0317079, 22.0534503 ], [ 83.0315949, 22.0508248 ], [ 83.0282139, 22.0502642 ], [ 83.0248111, 22.0467501 ], [ 83.0219724, 22.0452096 ], [ 83.0219998, 22.0441744 ], [ 83.0240843, 22.0430517 ], [ 83.0237594, 22.0421401 ], [ 83.0210433, 22.0416113 ], [ 83.019585, 22.0380255 ], [ 83.0153921, 22.0355357 ], [ 83.011164, 22.0300975 ], [ 83.0057012, 22.0286401 ], [ 83.0056438, 22.0267046 ], [ 83.0118923, 22.0238912 ], [ 83.0167624, 22.0247706 ], [ 83.0172659, 22.0201291 ], [ 83.0142632, 22.0148304 ], [ 83.0147776, 22.0129898 ], [ 83.0126713, 22.0110777 ], [ 83.016239, 22.0104749 ], [ 83.0149437, 22.0081137 ], [ 83.0154639, 22.0073255 ], [ 83.0212317, 22.0059824 ], [ 83.0207922, 22.0050543 ], [ 83.0216903, 22.0018158 ], [ 83.0188672, 21.9956543 ], [ 83.0153579, 21.9942295 ], [ 83.0148998, 21.9918315 ], [ 83.0116938, 21.9865462 ], [ 83.0096309, 21.9870143 ], [ 83.0059532, 21.9846953 ], [ 82.9983154, 21.9899183 ], [ 82.9974705, 21.9894448 ], [ 82.9972611, 21.9880225 ], [ 82.9951702, 21.9888595 ], [ 82.9948976, 21.9871392 ], [ 82.9959385, 21.9871069 ], [ 82.9971197, 21.9812313 ], [ 82.9988508, 21.9789643 ], [ 82.9995438, 21.9726295 ], [ 83.0015538, 21.9716512 ], [ 83.002315, 21.9703152 ], [ 83.0032877, 21.9649786 ], [ 83.0075524, 21.9651803 ], [ 83.0119417, 21.9668406 ], [ 83.0122896, 21.9676671 ], [ 83.0158185, 21.9680488 ], [ 83.0175596, 21.9701632 ], [ 83.022693, 21.9675701 ], [ 83.0300911, 21.9659805 ], [ 83.0328276, 21.9638688 ], [ 83.0396411, 21.9679996 ], [ 83.0459401, 21.9665397 ], [ 83.046617, 21.9680844 ], [ 83.0499483, 21.966659 ], [ 83.050098, 21.9673725 ], [ 83.0525568, 21.9682586 ], [ 83.0560567, 21.9684769 ], [ 83.0591834, 21.9698689 ], [ 83.0602651, 21.9757034 ], [ 83.0616735, 21.9767697 ], [ 83.0647046, 21.9758902 ], [ 83.0734282, 21.9768731 ], [ 83.0766676, 21.9750724 ], [ 83.0784828, 21.9759128 ], [ 83.0910316, 21.9751211 ], [ 83.0932162, 21.969581 ], [ 83.0954192, 21.9681274 ], [ 83.097298, 21.96517 ], [ 83.0979861, 21.9617518 ], [ 83.1000293, 21.9598015 ], [ 83.101308, 21.9553493 ], [ 83.1049339, 21.9524237 ], [ 83.1056801, 21.9471722 ], [ 83.1072876, 21.9429142 ], [ 83.1145531, 21.9369859 ], [ 83.114016, 21.9345836 ], [ 83.1172444, 21.9310842 ], [ 83.1223117, 21.9299871 ], [ 83.1242282, 21.930705 ], [ 83.1256753, 21.9299373 ], [ 83.1252735, 21.9321229 ], [ 83.1265852, 21.9330531 ], [ 83.1300116, 21.9297928 ], [ 83.1324218, 21.9307364 ], [ 83.1344109, 21.9305783 ], [ 83.1361822, 21.9292551 ], [ 83.1361528, 21.9244641 ], [ 83.1392499, 21.9223822 ], [ 83.1384029, 21.921854 ], [ 83.1411565, 21.9206841 ], [ 83.1428451, 21.9184127 ], [ 83.1455647, 21.9182181 ], [ 83.1457, 21.916299 ], [ 83.1483324, 21.9152149 ], [ 83.1489957, 21.9172062 ], [ 83.1522672, 21.917883 ], [ 83.1535596, 21.919391 ], [ 83.1564052, 21.9198827 ], [ 83.1579294, 21.9186722 ], [ 83.158467, 21.9206498 ], [ 83.1597007, 21.9190466 ], [ 83.1646034, 21.9205536 ], [ 83.1672504, 21.9203137 ], [ 83.1696747, 21.9195318 ], [ 83.1717501, 21.9172825 ], [ 83.1729169, 21.9190658 ], [ 83.1768275, 21.9200941 ], [ 83.1771527, 21.9226273 ], [ 83.1802267, 21.9249608 ], [ 83.1792203, 21.9257604 ], [ 83.1800919, 21.9267265 ], [ 83.1809582, 21.9268842 ], [ 83.1816687, 21.9245404 ], [ 83.1857919, 21.9246337 ], [ 83.1860543, 21.9269547 ], [ 83.1869111, 21.9272975 ], [ 83.1908056, 21.9241576 ], [ 83.1920252, 21.9243964 ], [ 83.1950686, 21.9230857 ], [ 83.1949901, 21.920864 ], [ 83.1989245, 21.9206727 ], [ 83.198638, 21.9189614 ], [ 83.1997407, 21.9175701 ], [ 83.200194, 21.9145986 ], [ 83.2071563, 21.9123962 ], [ 83.2054666, 21.9108618 ], [ 83.2060515, 21.9095564 ], [ 83.212061, 21.9086051 ], [ 83.2141601, 21.907159 ], [ 83.2148547, 21.90365 ], [ 83.2125507, 21.9023599 ], [ 83.2118288, 21.9008565 ], [ 83.2146478, 21.8977889 ], [ 83.2131945, 21.8951119 ], [ 83.2129842, 21.8914725 ], [ 83.2148783, 21.887272 ], [ 83.2145374, 21.883732 ], [ 83.2087362, 21.8832925 ], [ 83.2038875, 21.8819041 ], [ 83.2034851, 21.8714869 ], [ 83.2022981, 21.8681233 ], [ 83.1941687, 21.8635888 ], [ 83.183796, 21.8609467 ], [ 83.1786016, 21.8507251 ], [ 83.1810426, 21.8463532 ], [ 83.1842586, 21.8452051 ], [ 83.1870164, 21.8468658 ], [ 83.1959496, 21.845634 ], [ 83.199973, 21.8439253 ], [ 83.2046837, 21.8434625 ], [ 83.2065741, 21.8419759 ], [ 83.2132195, 21.8415705 ], [ 83.2186581, 21.8373229 ], [ 83.2205004, 21.8367664 ], [ 83.2198943, 21.834387 ], [ 83.2057408, 21.822338 ], [ 83.2056229, 21.8191951 ], [ 83.2067135, 21.8150808 ], [ 83.2060492, 21.8118751 ], [ 83.2124583, 21.806855 ], [ 83.2195254, 21.8030037 ], [ 83.21935, 21.8011208 ], [ 83.2214195, 21.793732 ], [ 83.2226328, 21.7933519 ], [ 83.2244757, 21.7944256 ], [ 83.2283151, 21.7947258 ], [ 83.2304565, 21.7939161 ], [ 83.233435, 21.794018 ], [ 83.2348112, 21.7916148 ], [ 83.2370779, 21.7904482 ], [ 83.2357494, 21.7856084 ], [ 83.235834, 21.7762067 ], [ 83.2365327, 21.7732892 ], [ 83.2439665, 21.7597371 ], [ 83.2456105, 21.7543848 ], [ 83.2457357, 21.7510564 ], [ 83.2582845, 21.7507995 ], [ 83.2663567, 21.7406785 ], [ 83.2665301, 21.7350295 ], [ 83.2647664, 21.7345542 ], [ 83.264096, 21.7326708 ], [ 83.2599799, 21.7305456 ], [ 83.2609042, 21.7290561 ], [ 83.2588226, 21.7273025 ], [ 83.2644109, 21.7253239 ], [ 83.2632237, 21.7231737 ], [ 83.2643486, 21.7183156 ], [ 83.2652338, 21.7173363 ], [ 83.2641575, 21.7154571 ], [ 83.2685126, 21.7140013 ], [ 83.2703408, 21.7119976 ], [ 83.2770683, 21.7107553 ], [ 83.282202, 21.7080217 ], [ 83.2881314, 21.7076998 ], [ 83.295173, 21.7058473 ], [ 83.3058912, 21.7049806 ], [ 83.3088096, 21.7054108 ], [ 83.3090046, 21.7018255 ], [ 83.3122725, 21.6984399 ], [ 83.3157132, 21.6975787 ], [ 83.3155984, 21.6946435 ], [ 83.3169229, 21.6931899 ], [ 83.317141, 21.6915508 ], [ 83.3165261, 21.6827088 ], [ 83.3161736, 21.6820042 ], [ 83.3102309, 21.6824039 ], [ 83.3034094, 21.6814393 ], [ 83.2895025, 21.6851447 ], [ 83.2782876, 21.6866333 ], [ 83.257501, 21.6941881 ], [ 83.2480013, 21.6955361 ], [ 83.2393659, 21.7004824 ], [ 83.2289834, 21.70258 ], [ 83.2219212, 21.7061246 ], [ 83.2140983, 21.7068154 ], [ 83.19643, 21.7130873 ], [ 83.183262, 21.7139911 ], [ 83.1758307, 21.7171546 ], [ 83.1709937, 21.718154 ], [ 83.1494885, 21.718118 ], [ 83.1275535, 21.7204002 ], [ 83.1150368, 21.7203819 ], [ 83.1047772, 21.7186741 ], [ 83.0936962, 21.7180402 ], [ 83.0812432, 21.7156667 ], [ 83.0774492, 21.7173319 ], [ 83.0556899, 21.7338291 ], [ 83.0486653, 21.7377728 ], [ 83.040819, 21.7412144 ], [ 83.0316486, 21.7433364 ], [ 83.0209769, 21.7426572 ], [ 83.010447, 21.7399319 ], [ 82.9922172, 21.7297219 ], [ 82.9849701, 21.7265479 ], [ 82.9746113, 21.7237863 ], [ 82.9626104, 21.7219417 ], [ 82.9539216, 21.7226415 ], [ 82.9488915, 21.7242153 ], [ 82.9417485, 21.7241326 ], [ 82.9257197, 21.7149444 ], [ 82.9158064, 21.7085303 ], [ 82.9094555, 21.7034156 ], [ 82.9009455, 21.6997639 ], [ 82.894011, 21.6954479 ], [ 82.8781287, 21.6934486 ], [ 82.871427, 21.6931325 ], [ 82.8663246, 21.6943109 ], [ 82.8522535, 21.7001213 ], [ 82.8343919, 21.7091945 ], [ 82.8306612, 21.7097399 ], [ 82.8009171, 21.7214927 ], [ 82.7918665, 21.7236895 ] ] ] } },
{ "type": "Feature", "properties": { "dtname": "Raigarh", "stname": "CHHATTISGARH", "dist_lgd": 386, "year_stat": "2011_c" }, "geometry": { "type": "MultiPolygon", "coordinates": [ [ [ [ 83.0244033, 22.2290476 ], [ 83.0119721, 22.2272294 ], [ 83.0071733, 22.2244328 ], [ 83.0021415, 22.2244454 ], [ 82.9930865, 22.2266127 ], [ 82.9903964, 22.2279586 ], [ 82.9875803, 22.2324211 ], [ 82.9903473, 22.2422794 ], [ 82.9925815, 22.2429497 ], [ 82.993887, 22.244268 ], [ 82.9956186, 22.2466951 ], [ 82.9962004, 22.2497063 ], [ 82.9992978, 22.2518953 ], [ 83.0037111, 22.2532694 ], [ 83.0048614, 22.2547603 ], [ 83.004122, 22.2566498 ], [ 83.0071048, 22.2559434 ], [ 83.0150791, 22.243587 ], [ 83.0178339, 22.2410248 ], [ 83.0211928, 22.2318709 ], [ 83.0244033, 22.2290476 ] ] ], [ [ [ 83.2184983, 22.7911951 ], [ 83.2216029, 22.7864633 ], [ 83.2180915, 22.7851368 ], [ 83.2176513, 22.7813042 ], [ 83.2181755, 22.7804495 ], [ 83.2228444, 22.7807611 ], [ 83.2267508, 22.7796946 ], [ 83.2296293, 22.7806333 ], [ 83.2308785, 22.7827942 ], [ 83.2332507, 22.7833325 ], [ 83.2319327, 22.7818045 ], [ 83.2331862, 22.778551 ], [ 83.2319756, 22.7785622 ], [ 83.2301576, 22.7768532 ], [ 83.2306773, 22.77468 ], [ 83.2337562, 22.7713729 ], [ 83.2345164, 22.7684062 ], [ 83.2380232, 22.7719025 ], [ 83.2417388, 22.7735521 ], [ 83.2417997, 22.7695691 ], [ 83.2437218, 22.7656448 ], [ 83.2478584, 22.7655021 ], [ 83.2474146, 22.7618523 ], [ 83.2445701, 22.7609083 ], [ 83.2456078, 22.7593838 ], [ 83.25074, 22.7618958 ], [ 83.2536872, 22.7619875 ], [ 83.2545074, 22.7660747 ], [ 83.259125, 22.7677021 ], [ 83.2627244, 22.7672047 ], [ 83.267866, 22.764533 ], [ 83.2703824, 22.7653911 ], [ 83.2741181, 22.7653946 ], [ 83.2779102, 22.7681624 ], [ 83.2864668, 22.7695659 ], [ 83.2953416, 22.7656766 ], [ 83.2977777, 22.7629541 ], [ 83.2993784, 22.7629815 ], [ 83.3004775, 22.7641829 ], [ 83.3021135, 22.7619702 ], [ 83.3049709, 22.7614879 ], [ 83.3084852, 22.7582869 ], [ 83.3156006, 22.7583057 ], [ 83.3191269, 22.7591217 ], [ 83.3181866, 22.762881 ], [ 83.3198072, 22.766096 ], [ 83.3322922, 22.7598636 ], [ 83.333425, 22.7582562 ], [ 83.3330607, 22.7540833 ], [ 83.3400679, 22.7498342 ], [ 83.34314, 22.7447373 ], [ 83.3440446, 22.7396338 ], [ 83.343409, 22.7359048 ], [ 83.3467589, 22.7347256 ], [ 83.3519712, 22.7293799 ], [ 83.3528748, 22.7304717 ], [ 83.3552317, 22.7307418 ], [ 83.3638101, 22.7296576 ], [ 83.365227, 22.7333628 ], [ 83.3698164, 22.7353189 ], [ 83.3698264, 22.7396265 ], [ 83.3724222, 22.7414808 ], [ 83.3736232, 22.7410097 ], [ 83.378717, 22.7418634 ], [ 83.3824355, 22.7392108 ], [ 83.3857912, 22.7389689 ], [ 83.3937614, 22.7346731 ], [ 83.3952932, 22.7325597 ], [ 83.395796, 22.7292764 ], [ 83.3979891, 22.7284696 ], [ 83.3990511, 22.7266005 ], [ 83.3981891, 22.7239392 ], [ 83.3957014, 22.7215696 ], [ 83.393954, 22.7184985 ], [ 83.393276, 22.7148948 ], [ 83.3917971, 22.7137859 ], [ 83.3914624, 22.7109693 ], [ 83.3928734, 22.7045072 ], [ 83.3920324, 22.6958591 ], [ 83.3878742, 22.6878342 ], [ 83.386344, 22.6881124 ], [ 83.3829665, 22.6910948 ], [ 83.3780665, 22.6922035 ], [ 83.3764488, 22.6918189 ], [ 83.3766026, 22.6854584 ], [ 83.3795546, 22.6678564 ], [ 83.3848125, 22.6528123 ], [ 83.3939134, 22.6501944 ], [ 83.3973561, 22.6500024 ], [ 83.4000823, 22.6480167 ], [ 83.4052354, 22.6467302 ], [ 83.4058901, 22.6458491 ], [ 83.404561, 22.6443043 ], [ 83.4042932, 22.6418724 ], [ 83.4051804, 22.6392962 ], [ 83.4083557, 22.6386328 ], [ 83.4100342, 22.6392946 ], [ 83.4133483, 22.6379661 ], [ 83.4115757, 22.6293841 ], [ 83.4104855, 22.627911 ], [ 83.4071616, 22.6265036 ], [ 83.4037207, 22.6236338 ], [ 83.3922425, 22.6247163 ], [ 83.3863938, 22.6197001 ], [ 83.3798147, 22.6185491 ], [ 83.3973839, 22.6111776 ], [ 83.4012193, 22.6110474 ], [ 83.4039386, 22.6094923 ], [ 83.4129195, 22.6093154 ], [ 83.4162984, 22.6078132 ], [ 83.41745, 22.6086598 ], [ 83.4271145, 22.6067409 ], [ 83.4265832, 22.6042775 ], [ 83.4270532, 22.6003904 ], [ 83.4250871, 22.5985792 ], [ 83.4195364, 22.5959388 ], [ 83.4143334, 22.5958436 ], [ 83.4118344, 22.5899479 ], [ 83.4108978, 22.5892393 ], [ 83.4100655, 22.589755 ], [ 83.406388, 22.5858249 ], [ 83.4054862, 22.5857284 ], [ 83.4024459, 22.5766226 ], [ 83.4028055, 22.575285 ], [ 83.4007162, 22.5649193 ], [ 83.3979787, 22.5581786 ], [ 83.3984887, 22.5556319 ], [ 83.40018, 22.5531799 ], [ 83.4075922, 22.5486453 ], [ 83.4122297, 22.5488565 ], [ 83.4143824, 22.5465487 ], [ 83.4195541, 22.5452875 ], [ 83.420195, 22.5430252 ], [ 83.4225479, 22.5439547 ], [ 83.4234455, 22.5390644 ], [ 83.4247232, 22.5373528 ], [ 83.425977, 22.5367564 ], [ 83.4270518, 22.5381828 ], [ 83.4306867, 22.5360414 ], [ 83.4317358, 22.5342575 ], [ 83.4363183, 22.5316639 ], [ 83.4449715, 22.5222406 ], [ 83.4497198, 22.5228134 ], [ 83.4506295, 22.5223079 ], [ 83.4522716, 22.5184251 ], [ 83.455499, 22.5183288 ], [ 83.455131, 22.5160755 ], [ 83.4578266, 22.5157698 ], [ 83.4586331, 22.5131611 ], [ 83.4607799, 22.5117594 ], [ 83.4616333, 22.508367 ], [ 83.4661568, 22.5074437 ], [ 83.4691102, 22.5038677 ], [ 83.4777042, 22.4996794 ], [ 83.4843418, 22.4980891 ], [ 83.4852808, 22.4943741 ], [ 83.4873896, 22.4950821 ], [ 83.4899779, 22.4921308 ], [ 83.4928486, 22.4921287 ], [ 83.4926275, 22.4959266 ], [ 83.4956783, 22.4984163 ], [ 83.4970214, 22.500702 ], [ 83.5127357, 22.5109539 ], [ 83.5239576, 22.5138874 ], [ 83.5274618, 22.5133926 ], [ 83.5346769, 22.5139225 ], [ 83.5431078, 22.516301 ], [ 83.5516225, 22.5285887 ], [ 83.5578871, 22.532538 ], [ 83.5599644, 22.5352993 ], [ 83.5677708, 22.5420118 ], [ 83.573769, 22.543891 ], [ 83.5836294, 22.5412989 ], [ 83.5873409, 22.5395612 ], [ 83.5958307, 22.532323 ], [ 83.595098, 22.5299959 ], [ 83.5922755, 22.5283887 ], [ 83.5914183, 22.5266547 ], [ 83.5918507, 22.5246285 ], [ 83.5937893, 22.5233729 ], [ 83.5918297, 22.522998 ], [ 83.5909996, 22.5137626 ], [ 83.588195, 22.5068766 ], [ 83.588331, 22.5043788 ], [ 83.585829, 22.5006448 ], [ 83.5852899, 22.4970054 ], [ 83.5832059, 22.493024 ], [ 83.5822572, 22.4875308 ], [ 83.5783586, 22.4810526 ], [ 83.5766856, 22.4804759 ], [ 83.5733833, 22.4732803 ], [ 83.5740438, 22.4659191 ], [ 83.575735, 22.459668 ], [ 83.5798251, 22.4573836 ], [ 83.5820156, 22.4534854 ], [ 83.5859529, 22.4500373 ], [ 83.5883074, 22.4496729 ], [ 83.5937528, 22.4465885 ], [ 83.6001281, 22.4450915 ], [ 83.6064841, 22.4408998 ], [ 83.6169059, 22.4319259 ], [ 83.620095, 22.4246737 ], [ 83.6283797, 22.4225159 ], [ 83.6324051, 22.4205064 ], [ 83.6385096, 22.4122151 ], [ 83.6444232, 22.4070316 ], [ 83.6445786, 22.3976868 ], [ 83.6486851, 22.3913696 ], [ 83.653762, 22.3894261 ], [ 83.6571128, 22.3896207 ], [ 83.6621335, 22.3859858 ], [ 83.6722739, 22.3817993 ], [ 83.6755767, 22.3818271 ], [ 83.679123, 22.3799187 ], [ 83.6882847, 22.3790379 ], [ 83.6898531, 22.378269 ], [ 83.6902855, 22.375964 ], [ 83.6934008, 22.3767324 ], [ 83.6969901, 22.376 ], [ 83.7000764, 22.3766997 ], [ 83.703707, 22.3757019 ], [ 83.707048, 22.3778324 ], [ 83.7083816, 22.3815194 ], [ 83.7103842, 22.3820369 ], [ 83.713706, 22.3819222 ], [ 83.7211249, 22.3782251 ], [ 83.7253869, 22.3783679 ], [ 83.7318232, 22.3765133 ], [ 83.7377707, 22.3774294 ], [ 83.7382084, 22.3723358 ], [ 83.7370913, 22.3717857 ], [ 83.7370906, 22.3709007 ], [ 83.7394052, 22.3694768 ], [ 83.7402574, 22.3667579 ], [ 83.7432211, 22.3638344 ], [ 83.7458768, 22.3528647 ], [ 83.7502392, 22.3507207 ], [ 83.7536513, 22.3455307 ], [ 83.7531398, 22.3392653 ], [ 83.7583223, 22.3377768 ], [ 83.7591874, 22.333542 ], [ 83.7610178, 22.3297504 ], [ 83.7591452, 22.3256559 ], [ 83.7642689, 22.3244065 ], [ 83.7658255, 22.3228566 ], [ 83.7665068, 22.3205609 ], [ 83.768301, 22.3192256 ], [ 83.7759619, 22.3186321 ], [ 83.7770528, 22.3165942 ], [ 83.7795167, 22.3150536 ], [ 83.7809383, 22.3119162 ], [ 83.7852568, 22.308855 ], [ 83.7868699, 22.309461 ], [ 83.7956487, 22.308971 ], [ 83.7962729, 22.3079418 ], [ 83.7947458, 22.3052273 ], [ 83.7958025, 22.302916 ], [ 83.7933, 22.3006864 ], [ 83.8036339, 22.294223 ], [ 83.8019345, 22.2893053 ], [ 83.8003527, 22.288295 ], [ 83.7977016, 22.2880396 ], [ 83.7948451, 22.2859482 ], [ 83.7960396, 22.2824705 ], [ 83.7922251, 22.2764752 ], [ 83.7858027, 22.2740921 ], [ 83.7794235, 22.2736453 ], [ 83.7766453, 22.2698542 ], [ 83.7767905, 22.2662745 ], [ 83.7747211, 22.2647715 ], [ 83.7752385, 22.2616595 ], [ 83.7767251, 22.261301 ], [ 83.7755797, 22.2573437 ], [ 83.7728932, 22.2557067 ], [ 83.7664531, 22.2556281 ], [ 83.7626476, 22.25206 ], [ 83.7597106, 22.2512074 ], [ 83.759256, 22.2488521 ], [ 83.7576766, 22.2471376 ], [ 83.7584715, 22.2448207 ], [ 83.7578946, 22.2406176 ], [ 83.7570231, 22.239946 ], [ 83.7431821, 22.2397052 ], [ 83.729491, 22.2428229 ], [ 83.7282072, 22.2413353 ], [ 83.7212029, 22.2430438 ], [ 83.7130634, 22.242717 ], [ 83.7055886, 22.2467164 ], [ 83.7039456, 22.2467146 ], [ 83.691473, 22.2441239 ], [ 83.6910456, 22.2427255 ], [ 83.6657659, 22.2327295 ], [ 83.6644731, 22.2287914 ], [ 83.655309, 22.2200399 ], [ 83.6495128, 22.2233404 ], [ 83.6488414, 22.2228437 ], [ 83.6326706, 22.2094982 ], [ 83.6272549, 22.2037825 ], [ 83.6133317, 22.177701 ], [ 83.6094502, 22.1579095 ], [ 83.6077387, 22.1537458 ], [ 83.5936934, 22.1402928 ], [ 83.5912762, 22.1355729 ], [ 83.5859451, 22.1303408 ], [ 83.5832105, 22.1250684 ], [ 83.5759177, 22.1209003 ], [ 83.5643489, 22.105995 ], [ 83.5625814, 22.1030209 ], [ 83.5618143, 22.0989175 ], [ 83.5626422, 22.0963183 ], [ 83.5769373, 22.0903208 ], [ 83.5935796, 22.074211 ], [ 83.6064751, 22.0666879 ], [ 83.6034022, 22.0638314 ], [ 83.6015195, 22.058771 ], [ 83.5961684, 22.0578883 ], [ 83.5932088, 22.0551693 ], [ 83.589877, 22.0544502 ], [ 83.5876996, 22.0491986 ], [ 83.5867088, 22.0487312 ], [ 83.5830724, 22.0502253 ], [ 83.5817771, 22.0545833 ], [ 83.5599852, 22.0539593 ], [ 83.5582165, 22.0548515 ], [ 83.5569433, 22.0538683 ], [ 83.5544377, 22.0544154 ], [ 83.554079, 22.0534425 ], [ 83.5506081, 22.0532836 ], [ 83.5468977, 22.0570038 ], [ 83.5485435, 22.0583874 ], [ 83.5482547, 22.0591167 ], [ 83.5437383, 22.0569686 ], [ 83.5369611, 22.0445408 ], [ 83.5367522, 22.0280793 ], [ 83.5403182, 22.020914 ], [ 83.5561517, 22.0078175 ], [ 83.5530545, 22.0032545 ], [ 83.5485713, 22.0000023 ], [ 83.5471336, 21.9974501 ], [ 83.5433074, 21.9938505 ], [ 83.5435457, 21.9876164 ], [ 83.5380446, 21.9804897 ], [ 83.5372105, 21.9781938 ], [ 83.5385566, 21.9725471 ], [ 83.5378064, 21.9693823 ], [ 83.5390108, 21.9659882 ], [ 83.5420404, 21.9621137 ], [ 83.550904, 21.9553618 ], [ 83.5562926, 21.9525064 ], [ 83.5616915, 21.948009 ], [ 83.5591467, 21.9450458 ], [ 83.5567208, 21.9353451 ], [ 83.5903558, 21.9297038 ], [ 83.596618, 21.9237972 ], [ 83.5998695, 21.9220735 ], [ 83.6015654, 21.9180616 ], [ 83.6057634, 21.9145437 ], [ 83.6030912, 21.9087768 ], [ 83.598792, 21.9053629 ], [ 83.5970025, 21.9060026 ], [ 83.5946997, 21.9034285 ], [ 83.5920367, 21.9037974 ], [ 83.5859657, 21.902133 ], [ 83.5852322, 21.8996409 ], [ 83.5870015, 21.8964022 ], [ 83.5870847, 21.8945318 ], [ 83.5862153, 21.8934895 ], [ 83.5839921, 21.8928614 ], [ 83.5815453, 21.889851 ], [ 83.5778339, 21.8892008 ], [ 83.5808082, 21.883267 ], [ 83.5764355, 21.882373 ], [ 83.5759812, 21.8781272 ], [ 83.5742166, 21.8751038 ], [ 83.5831248, 21.8635412 ], [ 83.5908875, 21.8511013 ], [ 83.5870807, 21.8435197 ], [ 83.5834584, 21.8409995 ], [ 83.5814526, 21.8381743 ], [ 83.5779116, 21.8375188 ], [ 83.578853, 21.8324474 ], [ 83.5769131, 21.8312995 ], [ 83.5738408, 21.8314423 ], [ 83.5702421, 21.8332454 ], [ 83.568481, 21.8331735 ], [ 83.565552, 21.8348487 ], [ 83.5631849, 21.8373999 ], [ 83.5517703, 21.8407141 ], [ 83.5460278, 21.8386226 ], [ 83.541631, 21.8382571 ], [ 83.5318711, 21.830959 ], [ 83.5305616, 21.8285278 ], [ 83.5311936, 21.8262521 ], [ 83.540102, 21.8220434 ], [ 83.5392167, 21.8181748 ], [ 83.5374183, 21.8148846 ], [ 83.5374058, 21.8130791 ], [ 83.5394568, 21.8087726 ], [ 83.5427337, 21.8057293 ], [ 83.5414099, 21.8019308 ], [ 83.5418489, 21.8002402 ], [ 83.5404261, 21.7990522 ], [ 83.5287033, 21.7995483 ], [ 83.525868, 21.7982961 ], [ 83.5225917, 21.7994476 ], [ 83.5205933, 21.8012658 ], [ 83.5173609, 21.8021773 ], [ 83.5158289, 21.803582 ], [ 83.5059279, 21.8079625 ], [ 83.4936976, 21.8180113 ], [ 83.4924455, 21.8180123 ], [ 83.4920756, 21.8175934 ], [ 83.4939822, 21.8146349 ], [ 83.4937364, 21.8129955 ], [ 83.4915013, 21.8098241 ], [ 83.487803, 21.8073066 ], [ 83.4871222, 21.8003605 ], [ 83.486215, 21.797652 ], [ 83.4836513, 21.7941875 ], [ 83.4776143, 21.7908292 ], [ 83.4754658, 21.7912587 ], [ 83.4729797, 21.7891923 ], [ 83.4722462, 21.7875943 ], [ 83.4693554, 21.7872691 ], [ 83.4734476, 21.7840705 ], [ 83.4761656, 21.780784 ], [ 83.4795751, 21.7705079 ], [ 83.4821777, 21.7655979 ], [ 83.4815919, 21.7624467 ], [ 83.4772122, 21.7564677 ], [ 83.4760548, 21.752377 ], [ 83.4766707, 21.75165 ], [ 83.4874436, 21.7489513 ], [ 83.4893152, 21.7453929 ], [ 83.4881714, 21.7446427 ], [ 83.4851991, 21.7451658 ], [ 83.4834067, 21.7398524 ], [ 83.481744, 21.7384102 ], [ 83.4812439, 21.7354517 ], [ 83.4801793, 21.7339553 ], [ 83.481515, 21.7321115 ], [ 83.4812953, 21.7311261 ], [ 83.4778403, 21.7305416 ], [ 83.473356, 21.7206363 ], [ 83.4689243, 21.7154568 ], [ 83.461062, 21.7090865 ], [ 83.4592973, 21.6984904 ], [ 83.4516952, 21.6954248 ], [ 83.4407693, 21.6988997 ], [ 83.4316465, 21.6999052 ], [ 83.4288236, 21.694624 ], [ 83.4253912, 21.6933064 ], [ 83.4228675, 21.6888377 ], [ 83.4234422, 21.6873222 ], [ 83.4221564, 21.6870469 ], [ 83.4181736, 21.6798096 ], [ 83.4175263, 21.6804284 ], [ 83.4074241, 21.6813519 ], [ 83.3974285, 21.6842211 ], [ 83.3774697, 21.6849271 ], [ 83.3670963, 21.6868506 ], [ 83.3464276, 21.6832719 ], [ 83.3407173, 21.6812659 ], [ 83.3348566, 21.6821091 ], [ 83.3248173, 21.6813613 ], [ 83.3161736, 21.6820042 ], [ 83.317141, 21.6915508 ], [ 83.3169229, 21.6931899 ], [ 83.3155984, 21.6946435 ], [ 83.3157132, 21.6975787 ], [ 83.3122725, 21.6984399 ], [ 83.3090046, 21.7018255 ], [ 83.3088096, 21.7054108 ], [ 83.3058912, 21.7049806 ], [ 83.295173, 21.7058473 ], [ 83.2881314, 21.7076998 ], [ 83.282202, 21.7080217 ], [ 83.2770683, 21.7107553 ], [ 83.2703408, 21.7119976 ], [ 83.2685126, 21.7140013 ], [ 83.2644961, 21.7150283 ], [ 83.26519, 21.7176298 ], [ 83.2643486, 21.7183156 ], [ 83.2632237, 21.7231737 ], [ 83.2644109, 21.7253239 ], [ 83.2588226, 21.7273025 ], [ 83.2609042, 21.7290561 ], [ 83.2599799, 21.7305456 ], [ 83.264096, 21.7326708 ], [ 83.2647664, 21.7345542 ], [ 83.2665301, 21.7350295 ], [ 83.2663567, 21.7406785 ], [ 83.2582845, 21.7507995 ], [ 83.2457357, 21.7510564 ], [ 83.2456105, 21.7543848 ], [ 83.2439665, 21.7597371 ], [ 83.2365327, 21.7732892 ], [ 83.235834, 21.7762067 ], [ 83.2357494, 21.7856084 ], [ 83.2370779, 21.7904482 ], [ 83.2348112, 21.7916148 ], [ 83.233435, 21.794018 ], [ 83.2304565, 21.7939161 ], [ 83.2283151, 21.7947258 ], [ 83.2244757, 21.7944256 ], [ 83.2226328, 21.7933519 ], [ 83.2214195, 21.793732 ], [ 83.21935, 21.8011208 ], [ 83.2195254, 21.8030037 ], [ 83.2124583, 21.806855 ], [ 83.2060492, 21.8118751 ], [ 83.2067135, 21.8150808 ], [ 83.2056229, 21.8191951 ], [ 83.2057408, 21.822338 ], [ 83.2198943, 21.834387 ], [ 83.2205004, 21.8367664 ], [ 83.2186581, 21.8373229 ], [ 83.2132195, 21.8415705 ], [ 83.2065741, 21.8419759 ], [ 83.2046837, 21.8434625 ], [ 83.199973, 21.8439253 ], [ 83.1959496, 21.845634 ], [ 83.1870164, 21.8468658 ], [ 83.1842586, 21.8452051 ], [ 83.1810426, 21.8463532 ], [ 83.1786016, 21.8507251 ], [ 83.183796, 21.8609467 ], [ 83.1941687, 21.8635888 ], [ 83.2022981, 21.8681233 ], [ 83.2034851, 21.8714869 ], [ 83.2038875, 21.8819041 ], [ 83.2087362, 21.8832925 ], [ 83.2145374, 21.883732 ], [ 83.2148783, 21.887272 ], [ 83.2129842, 21.8914725 ], [ 83.2131945, 21.8951119 ], [ 83.2146478, 21.8977889 ], [ 83.2118288, 21.9008565 ], [ 83.2125507, 21.9023599 ], [ 83.2148547, 21.90365 ], [ 83.2141601, 21.907159 ], [ 83.212061, 21.9086051 ], [ 83.2060515, 21.9095564 ], [ 83.2054666, 21.9108618 ], [ 83.2071563, 21.9123962 ], [ 83.200194, 21.9145986 ], [ 83.1997407, 21.9175701 ], [ 83.198638, 21.9189614 ], [ 83.1989245, 21.9206727 ], [ 83.1949901, 21.920864 ], [ 83.1950686, 21.9230857 ], [ 83.1920252, 21.9243964 ], [ 83.1908056, 21.9241576 ], [ 83.1869111, 21.9272975 ], [ 83.1860543, 21.9269547 ], [ 83.1857919, 21.9246337 ], [ 83.1816687, 21.9245404 ], [ 83.1809582, 21.9268842 ], [ 83.1800919, 21.9267265 ], [ 83.1792203, 21.9257604 ], [ 83.1802267, 21.9249608 ], [ 83.1771527, 21.9226273 ], [ 83.1768275, 21.9200941 ], [ 83.1729169, 21.9190658 ], [ 83.1717501, 21.9172825 ], [ 83.1696747, 21.9195318 ], [ 83.1672504, 21.9203137 ], [ 83.1646034, 21.9205536 ], [ 83.1597007, 21.9190466 ], [ 83.158467, 21.9206498 ], [ 83.1579294, 21.9186722 ], [ 83.1564052, 21.9198827 ], [ 83.1535596, 21.919391 ], [ 83.1522672, 21.917883 ], [ 83.1489957, 21.9172062 ], [ 83.1483324, 21.9152149 ], [ 83.1457, 21.916299 ], [ 83.1455647, 21.9182181 ], [ 83.1428451, 21.9184127 ], [ 83.1411565, 21.9206841 ], [ 83.1384029, 21.921854 ], [ 83.1392499, 21.9223822 ], [ 83.1361528, 21.9244641 ], [ 83.1361822, 21.9292551 ], [ 83.1344109, 21.9305783 ], [ 83.1324218, 21.9307364 ], [ 83.1300116, 21.9297928 ], [ 83.1265852, 21.9330531 ], [ 83.1252735, 21.9321229 ], [ 83.1256753, 21.9299373 ], [ 83.1242282, 21.930705 ], [ 83.1223117, 21.9299871 ], [ 83.1172444, 21.9310842 ], [ 83.114016, 21.9345836 ], [ 83.1145531, 21.9369859 ], [ 83.1072876, 21.9429142 ], [ 83.1056801, 21.9471722 ], [ 83.1049339, 21.9524237 ], [ 83.101308, 21.9553493 ], [ 83.1000293, 21.9598015 ], [ 83.0979861, 21.9617518 ], [ 83.097298, 21.96517 ], [ 83.0954192, 21.9681274 ], [ 83.0932162, 21.969581 ], [ 83.0910316, 21.9751211 ], [ 83.0784828, 21.9759128 ], [ 83.0766676, 21.9750724 ], [ 83.0734282, 21.9768731 ], [ 83.0647046, 21.9758902 ], [ 83.0616735, 21.9767697 ], [ 83.0602651, 21.9757034 ], [ 83.0591834, 21.9698689 ], [ 83.0560567, 21.9684769 ], [ 83.0525568, 21.9682586 ], [ 83.050098, 21.9673725 ], [ 83.0499483, 21.966659 ], [ 83.046617, 21.9680844 ], [ 83.0459401, 21.9665397 ], [ 83.0396411, 21.9679996 ], [ 83.0328276, 21.9638688 ], [ 83.0300911, 21.9659805 ], [ 83.022693, 21.9675701 ], [ 83.0175596, 21.9701632 ], [ 83.0158185, 21.9680488 ], [ 83.0122896, 21.9676671 ], [ 83.0119417, 21.9668406 ], [ 83.0075524, 21.9651803 ], [ 83.0032877, 21.9649786 ], [ 83.002315, 21.9703152 ], [ 83.0015538, 21.9716512 ], [ 82.9995438, 21.9726295 ], [ 82.9988508, 21.9789643 ], [ 82.9971197, 21.9812313 ], [ 82.9959385, 21.9871069 ], [ 82.9948976, 21.9871392 ], [ 82.9951702, 21.9888595 ], [ 82.9972611, 21.9880225 ], [ 82.9974705, 21.9894448 ], [ 82.9983154, 21.9899183 ], [ 83.0059532, 21.9846953 ], [ 83.0096309, 21.9870143 ], [ 83.0116938, 21.9865462 ], [ 83.0148998, 21.9918315 ], [ 83.0153579, 21.9942295 ], [ 83.0188672, 21.9956543 ], [ 83.0216903, 22.0018158 ], [ 83.0207922, 22.0050543 ], [ 83.0212317, 22.0059824 ], [ 83.0154639, 22.0073255 ], [ 83.0149437, 22.0081137 ], [ 83.016239, 22.0104749 ], [ 83.0126713, 22.0110777 ], [ 83.0147776, 22.0129898 ], [ 83.0142632, 22.0148304 ], [ 83.0172659, 22.0201291 ], [ 83.0167624, 22.0247706 ], [ 83.0118923, 22.0238912 ], [ 83.0056438, 22.0267046 ], [ 83.0057012, 22.0286401 ], [ 83.011164, 22.0300975 ], [ 83.0153921, 22.0355357 ], [ 83.019585, 22.0380255 ], [ 83.0210433, 22.0416113 ], [ 83.0237594, 22.0421401 ], [ 83.0240843, 22.0430517 ], [ 83.0219998, 22.0441744 ], [ 83.0219724, 22.0452096 ], [ 83.0248111, 22.0467501 ], [ 83.0282139, 22.0502642 ], [ 83.0315949, 22.0508248 ], [ 83.0317079, 22.0534503 ], [ 83.0331552, 22.0549541 ], [ 83.0335772, 22.0567002 ], [ 83.031265, 22.0597797 ], [ 83.0295964, 22.0605809 ], [ 83.0217621, 22.0552706 ], [ 83.0169515, 22.0539353 ], [ 83.0152309, 22.0545662 ], [ 83.0142066, 22.0568336 ], [ 83.0143601, 22.0604475 ], [ 83.0162565, 22.0644357 ], [ 83.013817, 22.068281 ], [ 83.015278, 22.0761159 ], [ 83.0065947, 22.0782935 ], [ 83.0022807, 22.0824254 ], [ 82.9930014, 22.0859139 ], [ 82.9810664, 22.0927056 ], [ 82.9788474, 22.0947447 ], [ 82.9700195, 22.0979302 ], [ 82.9546144, 22.1126607 ], [ 82.9368422, 22.1221441 ], [ 82.9367273, 22.128562 ], [ 82.9416127, 22.139285 ], [ 82.9438134, 22.14735 ], [ 82.9606561, 22.1439043 ], [ 82.9618012, 22.1485529 ], [ 82.96128, 22.1550208 ], [ 82.9645221, 22.1610006 ], [ 82.9671307, 22.1639067 ], [ 82.9710658, 22.1659948 ], [ 82.9822205, 22.1670971 ], [ 82.9878992, 22.1659006 ], [ 82.9899223, 22.1641547 ], [ 82.9977115, 22.1648783 ], [ 83.0031926, 22.164512 ], [ 83.0066941, 22.1676533 ], [ 83.0145511, 22.1698674 ], [ 83.0217402, 22.16757 ], [ 83.0303636, 22.1688163 ], [ 83.0317387, 22.1735138 ], [ 83.0383963, 22.1879726 ], [ 83.0416344, 22.1902607 ], [ 83.0505623, 22.1941359 ], [ 83.0502892, 22.1982989 ], [ 83.048545, 22.2009246 ], [ 83.0485212, 22.2039428 ], [ 83.0509966, 22.2123659 ], [ 83.0476491, 22.2199874 ], [ 83.04676, 22.226704 ], [ 83.0351555, 22.2345443 ], [ 83.0300639, 22.2390337 ], [ 83.0328015, 22.2449378 ], [ 83.036391, 22.248437 ], [ 83.0422328, 22.2497777 ], [ 83.0462745, 22.2523556 ], [ 83.0533044, 22.2551284 ], [ 83.0611881, 22.2618144 ], [ 83.0545448, 22.2664354 ], [ 83.052446, 22.2722819 ], [ 83.049348, 22.2774461 ], [ 83.0494386, 22.2804262 ], [ 83.0515234, 22.2832944 ], [ 83.0594732, 22.2882919 ], [ 83.0665945, 22.3033397 ], [ 83.0707958, 22.305942 ], [ 83.078661, 22.308473 ], [ 83.0803589, 22.3102073 ], [ 83.0818569, 22.3151656 ], [ 83.0829706, 22.32342 ], [ 83.0791483, 22.3321155 ], [ 83.0792105, 22.3346802 ], [ 83.0864532, 22.3484809 ], [ 83.090656, 22.3519135 ], [ 83.0973253, 22.3535358 ], [ 83.1010821, 22.3554779 ], [ 83.108314, 22.3641527 ], [ 83.1092119, 22.3662299 ], [ 83.1085224, 22.3678508 ], [ 83.1038855, 22.3724333 ], [ 83.1003009, 22.3820505 ], [ 83.1016892, 22.3834459 ], [ 83.1063794, 22.3836723 ], [ 83.1078988, 22.3858398 ], [ 83.1081846, 22.3917775 ], [ 83.1072903, 22.3989793 ], [ 83.1083722, 22.4074095 ], [ 83.1074389, 22.4142907 ], [ 83.1097892, 22.4168195 ], [ 83.1128389, 22.417497 ], [ 83.1135185, 22.421457 ], [ 83.1093754, 22.4264325 ], [ 83.1071362, 22.4276017 ], [ 83.1043582, 22.427055 ], [ 83.1009436, 22.4286395 ], [ 83.0951689, 22.4285617 ], [ 83.0950477, 22.4277354 ], [ 83.0974181, 22.4262819 ], [ 83.0971753, 22.4255865 ], [ 83.0961214, 22.4255638 ], [ 83.0945524, 22.4272432 ], [ 83.093488, 22.4305437 ], [ 83.0935546, 22.4367883 ], [ 83.0903537, 22.4369547 ], [ 83.0890273, 22.4387425 ], [ 83.0906515, 22.4507173 ], [ 83.0944441, 22.456448 ], [ 83.0948804, 22.460426 ], [ 83.0942193, 22.4623269 ], [ 83.08697, 22.4669263 ], [ 83.0860947, 22.4698881 ], [ 83.0877062, 22.4749817 ], [ 83.0884122, 22.4882386 ], [ 83.0894366, 22.4916343 ], [ 83.0930988, 22.4978165 ], [ 83.0971122, 22.4995195 ], [ 83.1031169, 22.5046979 ], [ 83.1061039, 22.5123218 ], [ 83.107348, 22.5184594 ], [ 83.1032761, 22.5260733 ], [ 83.1068077, 22.5353707 ], [ 83.10267, 22.5529489 ], [ 83.0954146, 22.5632388 ], [ 83.0925376, 22.5757495 ], [ 83.0919929, 22.5866784 ], [ 83.0974222, 22.5940467 ], [ 83.0976424, 22.5972477 ], [ 83.0972706, 22.6151843 ], [ 83.0943693, 22.6313168 ], [ 83.094679, 22.6336225 ], [ 83.0968507, 22.6351874 ], [ 83.1036767, 22.6364647 ], [ 83.107178, 22.641202 ], [ 83.110148, 22.6415317 ], [ 83.1128962, 22.6432611 ], [ 83.1167527, 22.6440024 ], [ 83.1227827, 22.6472951 ], [ 83.123226, 22.6547883 ], [ 83.1158205, 22.6703102 ], [ 83.1090611, 22.6762004 ], [ 83.1056764, 22.6780717 ], [ 83.1016592, 22.6824621 ], [ 83.1104765, 22.6892636 ], [ 83.117767, 22.6894025 ], [ 83.1249204, 22.703274 ], [ 83.1204068, 22.7061658 ], [ 83.119421, 22.7075824 ], [ 83.1150389, 22.725497 ], [ 83.1234979, 22.7284977 ], [ 83.1253581, 22.7299363 ], [ 83.13116, 22.731457 ], [ 83.1382873, 22.7354427 ], [ 83.1403246, 22.7346205 ], [ 83.1488283, 22.7342084 ], [ 83.1520156, 22.7352339 ], [ 83.1544535, 22.7435776 ], [ 83.1568017, 22.7466188 ], [ 83.1549849, 22.7586178 ], [ 83.1570865, 22.7630588 ], [ 83.1565431, 22.7669876 ], [ 83.1591753, 22.7732954 ], [ 83.1618379, 22.7728969 ], [ 83.1741075, 22.7777532 ], [ 83.1760968, 22.7792011 ], [ 83.178555, 22.7794462 ], [ 83.1878155, 22.7865247 ], [ 83.190137, 22.7861503 ], [ 83.1913307, 22.7828471 ], [ 83.1888332, 22.7812689 ], [ 83.188847, 22.7774026 ], [ 83.1934258, 22.7808195 ], [ 83.1987007, 22.7805129 ], [ 83.1995923, 22.7834388 ], [ 83.201273, 22.7849599 ], [ 83.2048698, 22.7841366 ], [ 83.2046782, 22.7861343 ], [ 83.2132879, 22.7878734 ], [ 83.2151981, 22.7874894 ], [ 83.2184983, 22.7911951 ] ] ] ] } },
{ "type": "Feature", "properties": { "dtname": "Jashpur", "stname": "CHHATTISGARH", "dist_lgd": 380, "year_stat": "2011_c" }, "geometry": { "type": "Polygon", "coordinates": [ [ [ 83.8036706, 23.2459133 ], [ 83.8062405, 23.2460498 ], [ 83.8120954, 23.2427881 ], [ 83.82299, 23.2445212 ], [ 83.8266305, 23.2432085 ], [ 83.8376549, 23.2356765 ], [ 83.8443297, 23.2285574 ], [ 83.8469633, 23.2291804 ], [ 83.8540949, 23.2274848 ], [ 83.858558, 23.2204172 ], [ 83.8608941, 23.2193453 ], [ 83.8626804, 23.2167494 ], [ 83.8654601, 23.2145824 ], [ 83.8760503, 23.2132825 ], [ 83.8783314, 23.2120815 ], [ 83.8803926, 23.2099729 ], [ 83.88303, 23.2050472 ], [ 83.8836607, 23.1903128 ], [ 83.8851095, 23.1883105 ], [ 83.8933238, 23.1864044 ], [ 83.9001715, 23.1833507 ], [ 83.9066616, 23.1849083 ], [ 83.9082469, 23.1837652 ], [ 83.9094153, 23.179896 ], [ 83.912866, 23.1771906 ], [ 83.914711, 23.1742555 ], [ 83.9204195, 23.1739468 ], [ 83.9233628, 23.170018 ], [ 83.9266239, 23.167913 ], [ 83.9285235, 23.1559435 ], [ 83.9275753, 23.1534471 ], [ 83.9260318, 23.1518991 ], [ 83.926085, 23.1506168 ], [ 83.9351032, 23.1512863 ], [ 83.9441764, 23.1541811 ], [ 83.9438646, 23.1650892 ], [ 83.9482954, 23.1685771 ], [ 83.9525293, 23.1690988 ], [ 83.9535505, 23.170078 ], [ 83.954898, 23.1697071 ], [ 83.9546059, 23.1710708 ], [ 83.9560117, 23.1702935 ], [ 83.9574534, 23.1720626 ], [ 83.9597101, 23.1731223 ], [ 83.9650713, 23.1721938 ], [ 83.9658388, 23.1733221 ], [ 83.9675179, 23.1723278 ], [ 83.9677003, 23.1746529 ], [ 83.9660606, 23.176392 ], [ 83.9632921, 23.1769174 ], [ 83.9625856, 23.1794642 ], [ 83.9629587, 23.1841862 ], [ 83.9654385, 23.1863091 ], [ 83.9675766, 23.1905554 ], [ 83.9702562, 23.1915316 ], [ 83.972406, 23.190603 ], [ 83.9744136, 23.1908057 ], [ 83.9767657, 23.1923047 ], [ 83.9790982, 23.1921682 ], [ 83.986792, 23.1955532 ], [ 83.991313, 23.1936447 ], [ 83.9934261, 23.1917694 ], [ 83.9956935, 23.1915768 ], [ 83.9984709, 23.1924651 ], [ 83.9986668, 23.1868731 ], [ 83.999352, 23.1857309 ], [ 84.0071054, 23.1864866 ], [ 84.0085024, 23.1851294 ], [ 84.0097226, 23.1852153 ], [ 84.0171106, 23.1898164 ], [ 84.0217446, 23.1878428 ], [ 84.0246404, 23.1824137 ], [ 84.0282654, 23.1795061 ], [ 84.031343, 23.1786555 ], [ 84.0363461, 23.1719767 ], [ 84.0382905, 23.1710858 ], [ 84.0343761, 23.1629758 ], [ 84.0323943, 23.1604848 ], [ 84.0318977, 23.1578294 ], [ 84.0333103, 23.1522408 ], [ 84.0366902, 23.1481705 ], [ 84.037469, 23.1398786 ], [ 84.0399825, 23.1371728 ], [ 84.0448487, 23.1348026 ], [ 84.0492056, 23.1345099 ], [ 84.0582994, 23.1261735 ], [ 84.0587559, 23.1229324 ], [ 84.0625855, 23.1134089 ], [ 84.0664033, 23.1106679 ], [ 84.0724052, 23.1090036 ], [ 84.0820468, 23.1121512 ], [ 84.093171, 23.1127814 ], [ 84.0926351, 23.110938 ], [ 84.0932252, 23.1104504 ], [ 84.0970232, 23.1096405 ], [ 84.105658, 23.105088 ], [ 84.1089807, 23.0983047 ], [ 84.1129662, 23.0968848 ], [ 84.1140776, 23.0917239 ], [ 84.1157444, 23.0900275 ], [ 84.1221146, 23.087968 ], [ 84.1237452, 23.0891623 ], [ 84.1261718, 23.0893325 ], [ 84.1334605, 23.0830897 ], [ 84.1344267, 23.079407 ], [ 84.1327963, 23.0742025 ], [ 84.1341538, 23.070804 ], [ 84.1338936, 23.068629 ], [ 84.1325796, 23.0653621 ], [ 84.126894, 23.05782 ], [ 84.1247312, 23.0478529 ], [ 84.1252313, 23.0455394 ], [ 84.1269721, 23.0441948 ], [ 84.1255495, 23.0364782 ], [ 84.1269745, 23.0311907 ], [ 84.1289905, 23.0264771 ], [ 84.1304878, 23.0254928 ], [ 84.131216, 23.0223474 ], [ 84.1339502, 23.020209 ], [ 84.1345913, 23.0173313 ], [ 84.138772, 23.0106125 ], [ 84.1402035, 23.0095709 ], [ 84.1400707, 23.0073925 ], [ 84.1381808, 23.0040234 ], [ 84.1400856, 23.0018484 ], [ 84.1473213, 22.9880084 ], [ 84.1462984, 22.9770698 ], [ 84.1492484, 22.9656739 ], [ 84.1552586, 22.9660915 ], [ 84.1646639, 22.9695868 ], [ 84.1717816, 22.9707588 ], [ 84.1755135, 22.9760089 ], [ 84.1780793, 22.9811162 ], [ 84.1760974, 22.9849232 ], [ 84.1762472, 22.9896024 ], [ 84.1749961, 22.9971125 ], [ 84.1756914, 22.998228 ], [ 84.1783895, 22.999492 ], [ 84.1786863, 23.0005456 ], [ 84.1757928, 23.0058997 ], [ 84.1752408, 23.0095418 ], [ 84.1781223, 23.0120281 ], [ 84.1795532, 23.0174293 ], [ 84.17943, 23.0215314 ], [ 84.1802398, 23.0244433 ], [ 84.1815801, 23.025527 ], [ 84.184961, 23.0256994 ], [ 84.1858018, 23.0270917 ], [ 84.1967427, 23.0242103 ], [ 84.2016724, 23.0210664 ], [ 84.2034493, 23.0144564 ], [ 84.2028981, 23.0121716 ], [ 84.2013816, 23.0105622 ], [ 84.2008472, 23.0053429 ], [ 84.2076776, 22.9998997 ], [ 84.2105731, 22.9952233 ], [ 84.2165599, 22.9890358 ], [ 84.2191757, 22.9791308 ], [ 84.2303497, 22.9833294 ], [ 84.2339314, 22.9824152 ], [ 84.2410359, 22.9836137 ], [ 84.2426306, 22.9824347 ], [ 84.244403, 22.9780362 ], [ 84.2488124, 22.9738232 ], [ 84.2505641, 22.9728354 ], [ 84.253025, 22.9729269 ], [ 84.2611019, 22.977146 ], [ 84.261313, 22.9785909 ], [ 84.2626499, 22.9788234 ], [ 84.2628979, 22.9808408 ], [ 84.2649724, 22.9813562 ], [ 84.267127, 22.9832021 ], [ 84.2676139, 22.9852803 ], [ 84.2701979, 22.987443 ], [ 84.2705476, 22.9892215 ], [ 84.2713735, 22.9899742 ], [ 84.2742218, 22.9901979 ], [ 84.2747931, 22.9920713 ], [ 84.2778224, 22.9933694 ], [ 84.2785038, 22.9919332 ], [ 84.2767139, 22.9906677 ], [ 84.2782366, 22.9893428 ], [ 84.2785253, 22.9870404 ], [ 84.2766352, 22.9860476 ], [ 84.276065, 22.9842079 ], [ 84.2736793, 22.9836508 ], [ 84.2739989, 22.9811788 ], [ 84.2754322, 22.9793503 ], [ 84.2758851, 22.9753901 ], [ 84.2771236, 22.9742925 ], [ 84.2770771, 22.9717633 ], [ 84.2791277, 22.9709971 ], [ 84.2787751, 22.9669077 ], [ 84.280536, 22.9639734 ], [ 84.2841582, 22.9633906 ], [ 84.2920874, 22.9642129 ], [ 84.302053, 22.9671534 ], [ 84.3076339, 22.9674342 ], [ 84.3107816, 22.9690149 ], [ 84.3129149, 22.9718561 ], [ 84.3189819, 22.973607 ], [ 84.3192832, 22.9772087 ], [ 84.3281069, 22.9819008 ], [ 84.3319952, 22.9805417 ], [ 84.3395522, 22.9799889 ], [ 84.343758, 22.9761406 ], [ 84.3481012, 22.9764214 ], [ 84.3510716, 22.9781247 ], [ 84.358408, 22.9753333 ], [ 84.3649993, 22.9742334 ], [ 84.3671641, 22.9747111 ], [ 84.3728955, 22.9783759 ], [ 84.377343, 22.9752451 ], [ 84.3800951, 22.9704422 ], [ 84.3834452, 22.9595995 ], [ 84.3836081, 22.9525262 ], [ 84.3845655, 22.9506766 ], [ 84.3936827, 22.9424509 ], [ 84.3950993, 22.9369441 ], [ 84.3955505, 22.9287322 ], [ 84.3948529, 22.9231515 ], [ 84.3893082, 22.9152477 ], [ 84.38789, 22.9142089 ], [ 84.381359, 22.9126766 ], [ 84.3775438, 22.9096318 ], [ 84.3762737, 22.9075765 ], [ 84.3750627, 22.9018587 ], [ 84.3756788, 22.9006939 ], [ 84.3824179, 22.8965185 ], [ 84.3831511, 22.893427 ], [ 84.3826079, 22.8902543 ], [ 84.3791875, 22.8837737 ], [ 84.3809203, 22.8790171 ], [ 84.3805139, 22.8766671 ], [ 84.3733566, 22.8715929 ], [ 84.3734694, 22.8673555 ], [ 84.3726008, 22.8653223 ], [ 84.3697042, 22.8635838 ], [ 84.3594498, 22.8605212 ], [ 84.3574737, 22.862366 ], [ 84.3552472, 22.86216 ], [ 84.3519938, 22.864986 ], [ 84.3492405, 22.8609824 ], [ 84.3442253, 22.8589835 ], [ 84.3402216, 22.8600425 ], [ 84.3380259, 22.8596667 ], [ 84.3347772, 22.8615475 ], [ 84.3253033, 22.8512657 ], [ 84.3242193, 22.8509423 ], [ 84.3229943, 22.8480165 ], [ 84.3228817, 22.8418709 ], [ 84.3217448, 22.8377449 ], [ 84.323324, 22.8370927 ], [ 84.3251976, 22.8376467 ], [ 84.3253276, 22.8349776 ], [ 84.3228442, 22.8270016 ], [ 84.3224281, 22.821025 ], [ 84.3157251, 22.8119205 ], [ 84.315098, 22.8006529 ], [ 84.3075005, 22.8007673 ], [ 84.3057784, 22.7970712 ], [ 84.2993385, 22.7958872 ], [ 84.2979398, 22.7942737 ], [ 84.2911448, 22.7833828 ], [ 84.2907639, 22.7806439 ], [ 84.2922382, 22.7757103 ], [ 84.2898594, 22.7713747 ], [ 84.2893595, 22.7661171 ], [ 84.2873998, 22.7640133 ], [ 84.2853379, 22.7632281 ], [ 84.2794475, 22.7676619 ], [ 84.2759547, 22.768705 ], [ 84.2596454, 22.7669872 ], [ 84.2555668, 22.7601011 ], [ 84.2478178, 22.7548138 ], [ 84.2453211, 22.7526651 ], [ 84.2416547, 22.7474759 ], [ 84.237599, 22.7456994 ], [ 84.2312652, 22.7399617 ], [ 84.2300431, 22.7371611 ], [ 84.2298491, 22.728065 ], [ 84.232087, 22.725553 ], [ 84.234127, 22.7105356 ], [ 84.2344343, 22.7048928 ], [ 84.2330597, 22.7031989 ], [ 84.2329291, 22.7003329 ], [ 84.2340807, 22.6968887 ], [ 84.2382026, 22.6914543 ], [ 84.2347494, 22.6861089 ], [ 84.2332074, 22.6792404 ], [ 84.2241214, 22.6698874 ], [ 84.2175442, 22.6658184 ], [ 84.2131888, 22.6657644 ], [ 84.2130819, 22.6677096 ], [ 84.2079017, 22.6683782 ], [ 84.200188, 22.6664572 ], [ 84.1965657, 22.6622355 ], [ 84.1917675, 22.6595336 ], [ 84.1880299, 22.6552275 ], [ 84.1849516, 22.6544376 ], [ 84.1801338, 22.6511059 ], [ 84.1726829, 22.6497012 ], [ 84.1632753, 22.6454279 ], [ 84.1562723, 22.6385335 ], [ 84.1524675, 22.6368006 ], [ 84.1494797, 22.6364624 ], [ 84.139794, 22.6382318 ], [ 84.1234765, 22.637049 ], [ 84.1223219, 22.6380777 ], [ 84.1150111, 22.6380837 ], [ 84.1108052, 22.6397549 ], [ 84.1045627, 22.6371769 ], [ 84.0994062, 22.636774 ], [ 84.0934323, 22.6349406 ], [ 84.0840162, 22.6381164 ], [ 84.0695976, 22.6204298 ], [ 84.0650045, 22.6123732 ], [ 84.0637473, 22.6085925 ], [ 84.05766, 22.6057724 ], [ 84.0541257, 22.5981072 ], [ 84.0488493, 22.5952999 ], [ 84.0418255, 22.5953735 ], [ 84.0342248, 22.5923129 ], [ 84.0244333, 22.5918032 ], [ 84.0248731, 22.5883447 ], [ 84.0241735, 22.5858088 ], [ 84.014848, 22.5783749 ], [ 84.0095054, 22.5730486 ], [ 84.0095478, 22.5689008 ], [ 84.0076167, 22.5611921 ], [ 84.0076505, 22.5524605 ], [ 84.0055583, 22.5483955 ], [ 84.0028459, 22.5459039 ], [ 84.0067232, 22.5366334 ], [ 84.0100169, 22.5316823 ], [ 84.0097005, 22.5284189 ], [ 84.0123277, 22.5275271 ], [ 84.0093165, 22.5260234 ], [ 84.0076816, 22.5261235 ], [ 84.0043889, 22.5275709 ], [ 84.0029214, 22.5303334 ], [ 83.9976058, 22.5310282 ], [ 83.9948912, 22.5280999 ], [ 83.9867287, 22.5255411 ], [ 83.9809129, 22.5215491 ], [ 83.9801922, 22.5198744 ], [ 83.9809886, 22.5161521 ], [ 83.9790362, 22.5152644 ], [ 83.9773168, 22.5156635 ], [ 83.9746607, 22.511886 ], [ 83.977425, 22.51076 ], [ 83.9785313, 22.5084114 ], [ 83.9804794, 22.5075703 ], [ 83.9802275, 22.5022153 ], [ 83.9833908, 22.5020913 ], [ 83.9848671, 22.5009163 ], [ 83.9978478, 22.4976164 ], [ 84.0028664, 22.4933151 ], [ 84.0101824, 22.4918554 ], [ 84.0174232, 22.4892498 ], [ 84.018858, 22.4882338 ], [ 84.0266018, 22.4753236 ], [ 84.0407454, 22.4731041 ], [ 84.0443773, 22.4715717 ], [ 84.0456754, 22.4696001 ], [ 84.0472472, 22.4692209 ], [ 84.0454212, 22.462604 ], [ 84.0463156, 22.459742 ], [ 84.0463951, 22.4553524 ], [ 84.0448942, 22.4528619 ], [ 84.0472467, 22.4382331 ], [ 84.0417188, 22.434985 ], [ 84.0408437, 22.4321151 ], [ 84.0387936, 22.429697 ], [ 84.0366121, 22.429504 ], [ 84.0345695, 22.4273414 ], [ 84.0303365, 22.4266392 ], [ 84.0311561, 22.4218016 ], [ 84.0302725, 22.4200835 ], [ 84.0277577, 22.4169636 ], [ 84.0246846, 22.4155006 ], [ 84.0234686, 22.4094481 ], [ 84.0212184, 22.4093831 ], [ 84.0200596, 22.4085553 ], [ 84.0133856, 22.3974205 ], [ 84.013182, 22.3942704 ], [ 84.0063791, 22.3822049 ], [ 84.0067323, 22.3790244 ], [ 84.0102923, 22.3715844 ], [ 84.0057827, 22.3736814 ], [ 83.9966706, 22.3719869 ], [ 83.9928429, 22.369763 ], [ 83.9892711, 22.3695164 ], [ 83.9873557, 22.3681133 ], [ 83.9825257, 22.3673283 ], [ 83.979123, 22.3641586 ], [ 83.9773241, 22.3639777 ], [ 83.9756327, 22.3621049 ], [ 83.9702461, 22.3588047 ], [ 83.9636299, 22.3598674 ], [ 83.9579961, 22.3619367 ], [ 83.9549892, 22.3616635 ], [ 83.9499797, 22.358451 ], [ 83.9482167, 22.3563193 ], [ 83.9432938, 22.3547103 ], [ 83.932691, 22.3539591 ], [ 83.9232838, 22.3584102 ], [ 83.9137476, 22.354393 ], [ 83.9122351, 22.353024 ], [ 83.9065249, 22.351286 ], [ 83.9052733, 22.3486629 ], [ 83.9025152, 22.3465931 ], [ 83.901317, 22.3393594 ], [ 83.8903348, 22.3365451 ], [ 83.8828809, 22.3367132 ], [ 83.880766, 22.3354136 ], [ 83.8792096, 22.3353836 ], [ 83.8720651, 22.3377771 ], [ 83.8693196, 22.3412526 ], [ 83.8642639, 22.3432754 ], [ 83.8639854, 22.3416321 ], [ 83.8614943, 22.3415387 ], [ 83.8604125, 22.3404663 ], [ 83.8602375, 22.3387529 ], [ 83.854306, 22.337645 ], [ 83.8549337, 22.3345347 ], [ 83.8528811, 22.3302578 ], [ 83.8528787, 22.3271219 ], [ 83.8502877, 22.325226 ], [ 83.8462722, 22.3243627 ], [ 83.8431668, 22.3246406 ], [ 83.8395628, 22.3229414 ], [ 83.8352373, 22.3222794 ], [ 83.8305562, 22.3234016 ], [ 83.8281479, 22.3175247 ], [ 83.8249926, 22.3155137 ], [ 83.821984, 22.3115337 ], [ 83.8234036, 22.3105237 ], [ 83.8240641, 22.3076569 ], [ 83.8260049, 22.305503 ], [ 83.8247689, 22.3026903 ], [ 83.8231998, 22.3021768 ], [ 83.8228615, 22.3010556 ], [ 83.8251149, 22.29897 ], [ 83.8254882, 22.2953271 ], [ 83.8272667, 22.2938729 ], [ 83.8252066, 22.2923435 ], [ 83.8198484, 22.291291 ], [ 83.8190584, 22.2895654 ], [ 83.8173335, 22.2907994 ], [ 83.8154951, 22.290831 ], [ 83.8118375, 22.2904839 ], [ 83.8092637, 22.2889534 ], [ 83.8027783, 22.2901522 ], [ 83.8021944, 22.2895662 ], [ 83.8034907, 22.2945029 ], [ 83.7933, 22.3006864 ], [ 83.7958025, 22.302916 ], [ 83.7947458, 22.3052273 ], [ 83.7962729, 22.3079418 ], [ 83.7956487, 22.308971 ], [ 83.7868699, 22.309461 ], [ 83.7852568, 22.308855 ], [ 83.7809383, 22.3119162 ], [ 83.7795167, 22.3150536 ], [ 83.7770528, 22.3165942 ], [ 83.7759619, 22.3186321 ], [ 83.768301, 22.3192256 ], [ 83.7665068, 22.3205609 ], [ 83.7658255, 22.3228566 ], [ 83.7642689, 22.3244065 ], [ 83.7591452, 22.3256559 ], [ 83.7610178, 22.3297504 ], [ 83.7591874, 22.333542 ], [ 83.7583223, 22.3377768 ], [ 83.7531398, 22.3392653 ], [ 83.7536513, 22.3455307 ], [ 83.7502392, 22.3507207 ], [ 83.7458768, 22.3528647 ], [ 83.7432211, 22.3638344 ], [ 83.7402574, 22.3667579 ], [ 83.7394052, 22.3694768 ], [ 83.7370906, 22.3709007 ], [ 83.7370913, 22.3717857 ], [ 83.7382084, 22.3723358 ], [ 83.7377707, 22.3774294 ], [ 83.7318232, 22.3765133 ], [ 83.7253869, 22.3783679 ], [ 83.7211249, 22.3782251 ], [ 83.713706, 22.3819222 ], [ 83.7103842, 22.3820369 ], [ 83.7083816, 22.3815194 ], [ 83.707048, 22.3778324 ], [ 83.703707, 22.3757019 ], [ 83.7000764, 22.3766997 ], [ 83.6969901, 22.376 ], [ 83.6934008, 22.3767324 ], [ 83.6902855, 22.375964 ], [ 83.6898531, 22.378269 ], [ 83.6882847, 22.3790379 ], [ 83.679123, 22.3799187 ], [ 83.6755767, 22.3818271 ], [ 83.6722739, 22.3817993 ], [ 83.6621335, 22.3859858 ], [ 83.6571128, 22.3896207 ], [ 83.653762, 22.3894261 ], [ 83.6486851, 22.3913696 ], [ 83.6445786, 22.3976868 ], [ 83.6444232, 22.4070316 ], [ 83.6385096, 22.4122151 ], [ 83.6324051, 22.4205064 ], [ 83.6283797, 22.4225159 ], [ 83.620095, 22.4246737 ], [ 83.6169059, 22.4319259 ], [ 83.6064841, 22.4408998 ], [ 83.6001281, 22.4450915 ], [ 83.5937528, 22.4465885 ], [ 83.5883074, 22.4496729 ], [ 83.5859529, 22.4500373 ], [ 83.5820156, 22.4534854 ], [ 83.5798251, 22.4573836 ], [ 83.575735, 22.459668 ], [ 83.5740438, 22.4659191 ], [ 83.5733833, 22.4732803 ], [ 83.5766856, 22.4804759 ], [ 83.5783586, 22.4810526 ], [ 83.5822572, 22.4875308 ], [ 83.5832059, 22.493024 ], [ 83.5852899, 22.4970054 ], [ 83.585829, 22.5006448 ], [ 83.588331, 22.5043788 ], [ 83.588195, 22.5068766 ], [ 83.5909996, 22.5137626 ], [ 83.5918297, 22.522998 ], [ 83.5937893, 22.5233729 ], [ 83.5918507, 22.5246285 ], [ 83.5914183, 22.5266547 ], [ 83.5922755, 22.5283887 ], [ 83.595098, 22.5299959 ], [ 83.5958307, 22.532323 ], [ 83.5873409, 22.5395612 ], [ 83.5836294, 22.5412989 ], [ 83.573769, 22.543891 ], [ 83.5677708, 22.5420118 ], [ 83.5599644, 22.5352993 ], [ 83.5578871, 22.532538 ], [ 83.5516225, 22.5285887 ], [ 83.5431078, 22.516301 ], [ 83.5346769, 22.5139225 ], [ 83.5274618, 22.5133926 ], [ 83.5239576, 22.5138874 ], [ 83.5127357, 22.5109539 ], [ 83.4970214, 22.500702 ], [ 83.4956783, 22.4984163 ], [ 83.4926275, 22.4959266 ], [ 83.4928486, 22.4921287 ], [ 83.4899779, 22.4921308 ], [ 83.4873896, 22.4950821 ], [ 83.4852808, 22.4943741 ], [ 83.4843418, 22.4980891 ], [ 83.4777042, 22.4996794 ], [ 83.4691102, 22.5038677 ], [ 83.4661568, 22.5074437 ], [ 83.4616333, 22.508367 ], [ 83.4607799, 22.5117594 ], [ 83.4586331, 22.5131611 ], [ 83.4578266, 22.5157698 ], [ 83.455131, 22.5160755 ], [ 83.455499, 22.5183288 ], [ 83.4522716, 22.5184251 ], [ 83.4506295, 22.5223079 ], [ 83.4497198, 22.5228134 ], [ 83.4449715, 22.5222406 ], [ 83.4363183, 22.5316639 ], [ 83.4317358, 22.5342575 ], [ 83.4306867, 22.5360414 ], [ 83.4270518, 22.5381828 ], [ 83.425977, 22.5367564 ], [ 83.4247232, 22.5373528 ], [ 83.4234455, 22.5390644 ], [ 83.4225479, 22.5439547 ], [ 83.420195, 22.5430252 ], [ 83.4195541, 22.5452875 ], [ 83.4143824, 22.5465487 ], [ 83.4128956, 22.5486215 ], [ 83.4075922, 22.5486453 ], [ 83.4042384, 22.5502172 ], [ 83.4029166, 22.5520145 ], [ 83.4006126, 22.5527283 ], [ 83.3984887, 22.5556319 ], [ 83.3979787, 22.5581786 ], [ 83.4007162, 22.5649193 ], [ 83.4028055, 22.575285 ], [ 83.4024459, 22.5766226 ], [ 83.4054862, 22.5857284 ], [ 83.406388, 22.5858249 ], [ 83.4100655, 22.589755 ], [ 83.4108978, 22.5892393 ], [ 83.4118344, 22.5899479 ], [ 83.4143334, 22.5958436 ], [ 83.4195364, 22.5959388 ], [ 83.4250871, 22.5985792 ], [ 83.4270532, 22.6003904 ], [ 83.4265832, 22.6042775 ], [ 83.4271145, 22.6067409 ], [ 83.41745, 22.6086598 ], [ 83.4162984, 22.6078132 ], [ 83.4129195, 22.6093154 ], [ 83.4039386, 22.6094923 ], [ 83.4012193, 22.6110474 ], [ 83.3973839, 22.6111776 ], [ 83.3798147, 22.6185491 ], [ 83.3863938, 22.6197001 ], [ 83.3922425, 22.6247163 ], [ 83.4029627, 22.6234173 ], [ 83.4104855, 22.627911 ], [ 83.4115757, 22.6293841 ], [ 83.4133483, 22.6379661 ], [ 83.4122936, 22.6421231 ], [ 83.4134504, 22.6431581 ], [ 83.4165242, 22.642785 ], [ 83.4169389, 22.64379 ], [ 83.4166129, 22.6451629 ], [ 83.4116573, 22.6508811 ], [ 83.4093872, 22.6580764 ], [ 83.4130693, 22.6589989 ], [ 83.418625, 22.6587787 ], [ 83.4201628, 22.6606395 ], [ 83.4231127, 22.6619828 ], [ 83.4290385, 22.6618619 ], [ 83.4308757, 22.6651784 ], [ 83.4351003, 22.6662812 ], [ 83.4349215, 22.6679147 ], [ 83.4323742, 22.6715095 ], [ 83.432824, 22.6736621 ], [ 83.4344287, 22.6748279 ], [ 83.4375775, 22.6751793 ], [ 83.444564, 22.6738677 ], [ 83.4477407, 22.6747398 ], [ 83.4560136, 22.6703555 ], [ 83.460809, 22.6737075 ], [ 83.4630993, 22.6720271 ], [ 83.4638062, 22.6695575 ], [ 83.4704137, 22.6676626 ], [ 83.4720807, 22.6685738 ], [ 83.4761118, 22.6675956 ], [ 83.4804275, 22.6651112 ], [ 83.4833071, 22.6651142 ], [ 83.4910847, 22.6602029 ], [ 83.4986896, 22.6610071 ], [ 83.5029907, 22.6604912 ], [ 83.505945, 22.6590531 ], [ 83.5057645, 22.6709368 ], [ 83.5116949, 22.6713474 ], [ 83.527479, 22.676943 ], [ 83.5389907, 22.6850633 ], [ 83.5479867, 22.6954165 ], [ 83.5509349, 22.6960072 ], [ 83.5529975, 22.6958286 ], [ 83.5588639, 22.6930785 ], [ 83.5598312, 22.6919419 ], [ 83.5624093, 22.6917035 ], [ 83.5667285, 22.6891918 ], [ 83.5732547, 22.6878773 ], [ 83.5796504, 22.6819418 ], [ 83.5855334, 22.6807017 ], [ 83.5960007, 22.6748116 ], [ 83.5999856, 22.6737828 ], [ 83.6025739, 22.6744424 ], [ 83.6105924, 22.6722715 ], [ 83.6181437, 22.6668809 ], [ 83.6231208, 22.665382 ], [ 83.6296935, 22.6649349 ], [ 83.6424343, 22.6579897 ], [ 83.6473082, 22.6539209 ], [ 83.6495551, 22.6505929 ], [ 83.6515338, 22.6441088 ], [ 83.6560462, 22.6366083 ], [ 83.6578589, 22.6299706 ], [ 83.6614281, 22.6268995 ], [ 83.6679834, 22.6233896 ], [ 83.6730025, 22.6228689 ], [ 83.675553, 22.628336 ], [ 83.683641, 22.6383794 ], [ 83.6869414, 22.643986 ], [ 83.6854646, 22.648434 ], [ 83.6879706, 22.6606646 ], [ 83.6905672, 22.6681542 ], [ 83.6883888, 22.6706926 ], [ 83.6861221, 22.6718358 ], [ 83.6817127, 22.6803034 ], [ 83.6683193, 22.6856355 ], [ 83.6435281, 22.699443 ], [ 83.6375624, 22.69911 ], [ 83.6353346, 22.7039814 ], [ 83.6288658, 22.7119225 ], [ 83.630686, 22.7246413 ], [ 83.6299482, 22.7263672 ], [ 83.6303445, 22.7277833 ], [ 83.6349138, 22.7292482 ], [ 83.6354153, 22.7310181 ], [ 83.6375619, 22.7323499 ], [ 83.6439481, 22.7325163 ], [ 83.6453357, 22.7346202 ], [ 83.6438855, 22.7374694 ], [ 83.6443481, 22.7381421 ], [ 83.6454774, 22.7383993 ], [ 83.6488407, 22.7365883 ], [ 83.6503107, 22.7366694 ], [ 83.6507444, 22.7390487 ], [ 83.6472155, 22.7402413 ], [ 83.6463638, 22.7414379 ], [ 83.647669, 22.7448873 ], [ 83.6473189, 22.747339 ], [ 83.6556431, 22.7468725 ], [ 83.6566268, 22.74857 ], [ 83.6542229, 22.752144 ], [ 83.6547995, 22.7559255 ], [ 83.6517023, 22.7584756 ], [ 83.6490517, 22.758783 ], [ 83.6474029, 22.7603389 ], [ 83.6480262, 22.7625589 ], [ 83.6513317, 22.7638839 ], [ 83.6522488, 22.765383 ], [ 83.6528957, 22.7679822 ], [ 83.6522044, 22.7711482 ], [ 83.6529006, 22.7725194 ], [ 83.6545889, 22.7741351 ], [ 83.6579592, 22.7753271 ], [ 83.658467, 22.7765262 ], [ 83.6575735, 22.7795544 ], [ 83.6528554, 22.7812524 ], [ 83.652105, 22.7825894 ], [ 83.6521119, 22.7855723 ], [ 83.6543741, 22.7909472 ], [ 83.6514957, 22.7930476 ], [ 83.6517512, 22.796745 ], [ 83.6494892, 22.8027526 ], [ 83.6514285, 22.8064666 ], [ 83.6511212, 22.8109501 ], [ 83.6457314, 22.8170863 ], [ 83.6459452, 22.8263649 ], [ 83.6372736, 22.8248231 ], [ 83.628758, 22.8258837 ], [ 83.6237043, 22.8295549 ], [ 83.6206254, 22.8302597 ], [ 83.6235386, 22.8418697 ], [ 83.6085863, 22.8445942 ], [ 83.5951952, 22.8489594 ], [ 83.5959284, 22.8580122 ], [ 83.5915589, 22.8600866 ], [ 83.5953941, 22.8629506 ], [ 83.59558, 22.8689843 ], [ 83.5858778, 22.8688645 ], [ 83.5784026, 22.8700481 ], [ 83.5784333, 22.8728268 ], [ 83.5748275, 22.8762121 ], [ 83.5706922, 22.8776055 ], [ 83.5716357, 22.8812311 ], [ 83.5705193, 22.8837703 ], [ 83.5702275, 22.8893337 ], [ 83.5695329, 22.8903675 ], [ 83.5656799, 22.8895618 ], [ 83.5634579, 22.8949858 ], [ 83.5616298, 22.8938764 ], [ 83.5575876, 22.8945224 ], [ 83.5551383, 22.8972307 ], [ 83.553537, 22.8978336 ], [ 83.5500706, 22.9049208 ], [ 83.5446201, 22.9096647 ], [ 83.5406372, 22.9126748 ], [ 83.5355345, 22.9132923 ], [ 83.533476, 22.9145318 ], [ 83.5329586, 22.9198002 ], [ 83.5289871, 22.9237979 ], [ 83.5247905, 22.9264192 ], [ 83.5217472, 22.9341873 ], [ 83.5185746, 22.9358865 ], [ 83.5147668, 22.9357676 ], [ 83.5099573, 22.9406512 ], [ 83.5065827, 22.9494667 ], [ 83.5040334, 22.9516251 ], [ 83.503564, 22.9527725 ], [ 83.5074141, 22.9674785 ], [ 83.5117174, 22.9748808 ], [ 83.5121461, 22.9846236 ], [ 83.5228916, 22.9932986 ], [ 83.5293381, 22.9970074 ], [ 83.5309992, 23.002999 ], [ 83.536883, 23.0086188 ], [ 83.5418816, 23.0152246 ], [ 83.5423725, 23.0181537 ], [ 83.5435791, 23.0194184 ], [ 83.5434786, 23.0209349 ], [ 83.5458601, 23.0222778 ], [ 83.5498182, 23.0289581 ], [ 83.5503727, 23.0333316 ], [ 83.5401484, 23.0459841 ], [ 83.5339269, 23.0504211 ], [ 83.5247881, 23.0588582 ], [ 83.5192669, 23.05662 ], [ 83.5144594, 23.0566266 ], [ 83.5034185, 23.0608092 ], [ 83.5008443, 23.0627789 ], [ 83.4998767, 23.0646332 ], [ 83.501086, 23.0672564 ], [ 83.5015224, 23.0717206 ], [ 83.5031985, 23.0746605 ], [ 83.50636, 23.0782714 ], [ 83.511265, 23.0808889 ], [ 83.5113841, 23.0837092 ], [ 83.508354, 23.0866137 ], [ 83.5088047, 23.08993 ], [ 83.5228628, 23.096811 ], [ 83.5354443, 23.1113353 ], [ 83.5355461, 23.120291 ], [ 83.5563155, 23.1250933 ], [ 83.5554947, 23.126977 ], [ 83.5605582, 23.1326925 ], [ 83.5629437, 23.1381905 ], [ 83.562721, 23.1474787 ], [ 83.5574525, 23.1517575 ], [ 83.5560126, 23.1539133 ], [ 83.5546342, 23.1566828 ], [ 83.5538029, 23.163613 ], [ 83.5518765, 23.1683825 ], [ 83.5542572, 23.1720228 ], [ 83.5543637, 23.1750855 ], [ 83.5646446, 23.1762036 ], [ 83.5693322, 23.174878 ], [ 83.5708622, 23.1780168 ], [ 83.5706427, 23.1839642 ], [ 83.568011, 23.187796 ], [ 83.5749437, 23.1941377 ], [ 83.5814321, 23.1939595 ], [ 83.5892527, 23.1922671 ], [ 83.5964783, 23.1921871 ], [ 83.601579, 23.1902256 ], [ 83.6064449, 23.1934873 ], [ 83.6075425, 23.1982228 ], [ 83.6123219, 23.2049245 ], [ 83.6155896, 23.2127877 ], [ 83.6188113, 23.2174284 ], [ 83.6266524, 23.2218799 ], [ 83.6344074, 23.2194045 ], [ 83.636436, 23.2217759 ], [ 83.6540396, 23.2294791 ], [ 83.6633703, 23.2296146 ], [ 83.6671377, 23.2314174 ], [ 83.6726467, 23.2315658 ], [ 83.6892757, 23.225059 ], [ 83.700788, 23.2249869 ], [ 83.7019574, 23.2230679 ], [ 83.7009505, 23.2212295 ], [ 83.7010892, 23.2177908 ], [ 83.6995083, 23.2164263 ], [ 83.7008791, 23.2151739 ], [ 83.6985229, 23.2125936 ], [ 83.7007315, 23.2125942 ], [ 83.7029052, 23.2106805 ], [ 83.7127131, 23.2100638 ], [ 83.7231568, 23.2141417 ], [ 83.7207474, 23.2174291 ], [ 83.7198579, 23.2242217 ], [ 83.7214516, 23.227724 ], [ 83.7264958, 23.2336352 ], [ 83.731698, 23.2357081 ], [ 83.7370298, 23.2361206 ], [ 83.7436651, 23.2422687 ], [ 83.7493171, 23.243324 ], [ 83.7515866, 23.2405718 ], [ 83.7591826, 23.2364916 ], [ 83.7628327, 23.2356996 ], [ 83.7622105, 23.2319699 ], [ 83.7664559, 23.2320542 ], [ 83.7669813, 23.2287 ], [ 83.7702205, 23.228323 ], [ 83.773755, 23.2251829 ], [ 83.7755286, 23.2247416 ], [ 83.7798955, 23.2254035 ], [ 83.7819707, 23.2267185 ], [ 83.7847475, 23.2384497 ], [ 83.7896297, 23.2516176 ], [ 83.8036706, 23.2459133 ] ] ] } },
{ "type": "Feature", "properties": { "dtname": "Balrampur", "stname": "CHHATTISGARH", "dist_lgd": 649, "year_stat": "2011_c" }, "geometry": { "type": "Polygon", "coordinates": [ [ [ 83.3460259, 24.0974426 ], [ 83.3477461, 24.0962928 ], [ 83.349341, 24.0963009 ], [ 83.3544944, 24.1001994 ], [ 83.3608367, 24.1014968 ], [ 83.3642422, 24.1032854 ], [ 83.3829725, 24.1001176 ], [ 83.3882891, 24.0999615 ], [ 83.4011069, 24.092031 ], [ 83.4030158, 24.0857391 ], [ 83.4049157, 24.0817894 ], [ 83.4066442, 24.0804442 ], [ 83.4212247, 24.0827205 ], [ 83.4267148, 24.0864797 ], [ 83.4322474, 24.0859808 ], [ 83.4347228, 24.0835447 ], [ 83.4377313, 24.0762185 ], [ 83.4386181, 24.0713594 ], [ 83.4382542, 24.067227 ], [ 83.4367974, 24.0628474 ], [ 83.4377735, 24.0581674 ], [ 83.4420461, 24.0538405 ], [ 83.4448688, 24.0528197 ], [ 83.4479272, 24.0489986 ], [ 83.4505946, 24.04375 ], [ 83.4528894, 24.0419904 ], [ 83.4705511, 24.04198 ], [ 83.4778092, 24.0411945 ], [ 83.4935334, 24.0363084 ], [ 83.4997501, 24.0325589 ], [ 83.5082628, 24.0311578 ], [ 83.5159438, 24.0269605 ], [ 83.5161688, 24.0224509 ], [ 83.5218259, 24.0159631 ], [ 83.5239034, 24.0113779 ], [ 83.5229294, 24.0063618 ], [ 83.5212016, 24.0039951 ], [ 83.515214, 23.9993069 ], [ 83.5138012, 23.9963519 ], [ 83.5142112, 23.9927979 ], [ 83.5154946, 23.9899855 ], [ 83.5153032, 23.9806894 ], [ 83.5175325, 23.9759229 ], [ 83.5226015, 23.9703275 ], [ 83.5244945, 23.9641729 ], [ 83.5264876, 23.9605013 ], [ 83.535361, 23.9524566 ], [ 83.5413733, 23.9434447 ], [ 83.5473902, 23.9375448 ], [ 83.5492422, 23.931019 ], [ 83.5469193, 23.9143045 ], [ 83.5497914, 23.9085141 ], [ 83.5534441, 23.8980682 ], [ 83.5555618, 23.8948047 ], [ 83.5591542, 23.8929005 ], [ 83.5628528, 23.8925502 ], [ 83.5704262, 23.8944514 ], [ 83.5763343, 23.8929142 ], [ 83.5805734, 23.8910328 ], [ 83.5857579, 23.8864027 ], [ 83.5860341, 23.8826107 ], [ 83.5835315, 23.8777827 ], [ 83.5813622, 23.8755874 ], [ 83.5744186, 23.8732678 ], [ 83.5694865, 23.8690801 ], [ 83.5689351, 23.8661809 ], [ 83.5711901, 23.8621354 ], [ 83.5746575, 23.8612113 ], [ 83.5824152, 23.8635129 ], [ 83.5896991, 23.8633136 ], [ 83.6102878, 23.8539709 ], [ 83.6121948, 23.8538144 ], [ 83.6180859, 23.8554866 ], [ 83.630784, 23.8503701 ], [ 83.6433793, 23.8469281 ], [ 83.6463356, 23.846776 ], [ 83.6546419, 23.8498978 ], [ 83.6594941, 23.8492635 ], [ 83.6665566, 23.8442829 ], [ 83.6684876, 23.8366649 ], [ 83.6633508, 23.8311946 ], [ 83.6644908, 23.8276555 ], [ 83.67434, 23.8271738 ], [ 83.6765815, 23.8254267 ], [ 83.6786873, 23.8216828 ], [ 83.6828158, 23.8193808 ], [ 83.6852828, 23.8203271 ], [ 83.688729, 23.82558 ], [ 83.6914931, 23.8264152 ], [ 83.7025941, 23.8229721 ], [ 83.705347, 23.8207573 ], [ 83.7076381, 23.8174139 ], [ 83.7072153, 23.8131824 ], [ 83.7043903, 23.8066078 ], [ 83.705136, 23.803872 ], [ 83.7126592, 23.8006762 ], [ 83.7226227, 23.7865785 ], [ 83.722997, 23.7822106 ], [ 83.7211007, 23.7753403 ], [ 83.7215894, 23.771489 ], [ 83.7243057, 23.7687227 ], [ 83.7341117, 23.7646988 ], [ 83.737736, 23.7604897 ], [ 83.7391052, 23.7492132 ], [ 83.7394762, 23.7343156 ], [ 83.746068, 23.7194949 ], [ 83.7445467, 23.7105123 ], [ 83.7421159, 23.7038294 ], [ 83.7404401, 23.7022604 ], [ 83.7350702, 23.7003065 ], [ 83.7321158, 23.6950019 ], [ 83.7230224, 23.6887645 ], [ 83.7228596, 23.6858647 ], [ 83.7236049, 23.6838775 ], [ 83.7300066, 23.6758384 ], [ 83.7388528, 23.6667676 ], [ 83.7462345, 23.662989 ], [ 83.7611238, 23.651463 ], [ 83.7616645, 23.6501931 ], [ 83.760575, 23.6478966 ], [ 83.753213, 23.6433935 ], [ 83.751794, 23.6413607 ], [ 83.7519193, 23.6386656 ], [ 83.7553863, 23.6346959 ], [ 83.7566576, 23.6300035 ], [ 83.759449, 23.6260107 ], [ 83.7619698, 23.6250528 ], [ 83.7723522, 23.6237804 ], [ 83.7751391, 23.6219435 ], [ 83.7763718, 23.617593 ], [ 83.7724817, 23.6108983 ], [ 83.7796636, 23.6071135 ], [ 83.7898699, 23.6045639 ], [ 83.7942852, 23.6049981 ], [ 83.8006439, 23.6020163 ], [ 83.8043788, 23.5953711 ], [ 83.8054186, 23.5888235 ], [ 83.8072235, 23.5874711 ], [ 83.8120535, 23.5889509 ], [ 83.8152899, 23.5960194 ], [ 83.8258746, 23.5907139 ], [ 83.8386048, 23.5893945 ], [ 83.844682, 23.5866488 ], [ 83.8470502, 23.587518 ], [ 83.8530531, 23.5870533 ], [ 83.8697111, 23.5831759 ], [ 83.8758121, 23.5810429 ], [ 83.8818152, 23.5805589 ], [ 83.8880646, 23.5787622 ], [ 83.8944542, 23.582653 ], [ 83.8993944, 23.5824088 ], [ 83.900172, 23.5801504 ], [ 83.9085657, 23.5762479 ], [ 83.9187939, 23.5763609 ], [ 83.9270306, 23.5737086 ], [ 83.9306188, 23.570964 ], [ 83.9355985, 23.5690049 ], [ 83.9376938, 23.5689921 ], [ 83.9398044, 23.5708565 ], [ 83.9398074, 23.5753685 ], [ 83.9385699, 23.5784936 ], [ 83.9380349, 23.5842493 ], [ 83.9391182, 23.5903077 ], [ 83.9373856, 23.5923941 ], [ 83.9370253, 23.5952566 ], [ 83.9329906, 23.6007538 ], [ 83.9338161, 23.6073575 ], [ 83.9306509, 23.6112384 ], [ 83.9313002, 23.6153121 ], [ 83.9305568, 23.6182586 ], [ 83.9319061, 23.6204135 ], [ 83.9425202, 23.6259923 ], [ 83.9477535, 23.6267 ], [ 83.9523047, 23.6259864 ], [ 83.9552237, 23.6263956 ], [ 83.9613438, 23.6251801 ], [ 83.9693501, 23.6266903 ], [ 83.9727469, 23.6259174 ], [ 83.9734862, 23.6240098 ], [ 83.9755038, 23.6257095 ], [ 83.9804493, 23.6248854 ], [ 83.9795093, 23.6287204 ], [ 83.9806499, 23.6336518 ], [ 83.9873611, 23.6322934 ], [ 83.9971355, 23.6344773 ], [ 83.9991246, 23.6336976 ], [ 84.0072828, 23.6343857 ], [ 84.0136782, 23.6336139 ], [ 84.0165933, 23.6343789 ], [ 84.013931, 23.6302101 ], [ 84.0086999, 23.6278541 ], [ 84.0077051, 23.6222959 ], [ 84.0110875, 23.6206055 ], [ 84.0159845, 23.611959 ], [ 84.0167272, 23.60842 ], [ 84.0212964, 23.6044638 ], [ 84.0261382, 23.602467 ], [ 84.0285095, 23.6023285 ], [ 84.0300593, 23.5999954 ], [ 84.0281483, 23.5937099 ], [ 84.0287468, 23.5924598 ], [ 84.0281259, 23.590789 ], [ 84.0297706, 23.5857607 ], [ 84.02842, 23.5838592 ], [ 84.0292066, 23.579932 ], [ 84.0280522, 23.5777687 ], [ 84.0295396, 23.5664018 ], [ 84.0264416, 23.5567656 ], [ 84.0243759, 23.5555634 ], [ 84.0265375, 23.5529463 ], [ 84.028056, 23.5456019 ], [ 84.0268084, 23.5442061 ], [ 84.0256129, 23.5386208 ], [ 84.0243406, 23.5374416 ], [ 84.0231439, 23.5334092 ], [ 84.0213144, 23.5311462 ], [ 84.0215865, 23.5276746 ], [ 84.0174679, 23.5226064 ], [ 84.0185835, 23.5173973 ], [ 84.0151633, 23.5089976 ], [ 84.0146489, 23.5034984 ], [ 84.0073621, 23.4976756 ], [ 84.0007831, 23.4969293 ], [ 84.0011263, 23.4937047 ], [ 83.9988789, 23.4894376 ], [ 83.9985204, 23.48678 ], [ 83.9889092, 23.4787398 ], [ 83.98482, 23.4657092 ], [ 83.9824081, 23.4639541 ], [ 83.9754758, 23.4614354 ], [ 83.9739431, 23.4598519 ], [ 83.9748322, 23.4512418 ], [ 83.9786852, 23.4473746 ], [ 83.9853053, 23.4350404 ], [ 83.9833158, 23.4313894 ], [ 83.9861627, 23.4305657 ], [ 83.9836413, 23.4285314 ], [ 83.9841238, 23.4262601 ], [ 83.9857624, 23.4258301 ], [ 83.9804751, 23.4215222 ], [ 83.9809038, 23.4192871 ], [ 83.9798999, 23.4180463 ], [ 83.9797466, 23.4159831 ], [ 83.9781406, 23.4141512 ], [ 83.9801647, 23.41266 ], [ 83.977189, 23.4108697 ], [ 83.9750943, 23.4031328 ], [ 83.972154, 23.4026741 ], [ 83.9714777, 23.4008777 ], [ 83.9728368, 23.3998881 ], [ 83.9716723, 23.3995096 ], [ 83.9720969, 23.3982046 ], [ 83.9704277, 23.3964991 ], [ 83.9703282, 23.3940973 ], [ 83.9688016, 23.3934887 ], [ 83.9688927, 23.390816 ], [ 83.9674988, 23.3910064 ], [ 83.9684758, 23.3891864 ], [ 83.9670024, 23.3875845 ], [ 83.9682439, 23.3863106 ], [ 83.9691392, 23.3866668 ], [ 83.9679498, 23.3854124 ], [ 83.9692701, 23.3850594 ], [ 83.9699393, 23.3838265 ], [ 83.9688189, 23.3834073 ], [ 83.9698796, 23.3823999 ], [ 83.9694141, 23.3812399 ], [ 83.9707478, 23.3791442 ], [ 83.9728496, 23.3774725 ], [ 83.9735477, 23.3757519 ], [ 83.9750779, 23.375015 ], [ 83.9750376, 23.3734845 ], [ 83.976127, 23.3718405 ], [ 83.9802565, 23.3681086 ], [ 83.9802782, 23.3645915 ], [ 83.9881654, 23.3629286 ], [ 83.9915265, 23.3601875 ], [ 83.9995602, 23.3573755 ], [ 84.002599, 23.3573469 ], [ 84.0048035, 23.3540094 ], [ 84.0107768, 23.3537121 ], [ 84.0118918, 23.3544739 ], [ 84.0162969, 23.3696075 ], [ 84.0238615, 23.3765033 ], [ 84.0267138, 23.3775765 ], [ 84.0364164, 23.3785196 ], [ 84.0508371, 23.3747685 ], [ 84.0505179, 23.3725054 ], [ 84.0483929, 23.3708264 ], [ 84.0482195, 23.3696953 ], [ 84.0523582, 23.3672629 ], [ 84.0534981, 23.3648209 ], [ 84.0520543, 23.3592826 ], [ 84.0543267, 23.352395 ], [ 84.0578306, 23.3517786 ], [ 84.0601577, 23.3501981 ], [ 84.0665836, 23.3440547 ], [ 84.0687229, 23.3382422 ], [ 84.0748205, 23.3331217 ], [ 84.0742825, 23.3291737 ], [ 84.0732675, 23.3285244 ], [ 84.0659593, 23.3134823 ], [ 84.0621862, 23.3076616 ], [ 84.0681196, 23.2937848 ], [ 84.0664537, 23.2908559 ], [ 84.0644251, 23.2904633 ], [ 84.0624836, 23.288435 ], [ 84.0645963, 23.2747239 ], [ 84.0627547, 23.2710211 ], [ 84.0598544, 23.2687886 ], [ 84.0568177, 23.2555339 ], [ 84.0537342, 23.2472989 ], [ 84.0538284, 23.2437466 ], [ 84.0590805, 23.2359866 ], [ 84.056392, 23.2269079 ], [ 84.0557591, 23.2202827 ], [ 84.0587283, 23.2137508 ], [ 84.0628101, 23.2078993 ], [ 84.0631663, 23.2056496 ], [ 84.0622017, 23.2026146 ], [ 84.058434, 23.1999383 ], [ 84.0565327, 23.1931697 ], [ 84.0501512, 23.1889342 ], [ 84.0493055, 23.1874355 ], [ 84.0429353, 23.1826485 ], [ 84.0382905, 23.1710858 ], [ 84.0363461, 23.1719767 ], [ 84.031343, 23.1786555 ], [ 84.0282654, 23.1795061 ], [ 84.0246404, 23.1824137 ], [ 84.0217446, 23.1878428 ], [ 84.0187211, 23.1887316 ], [ 84.0181594, 23.1897609 ], [ 84.0154364, 23.1890554 ], [ 84.0097226, 23.1852153 ], [ 84.0085024, 23.1851294 ], [ 84.0071054, 23.1864866 ], [ 83.999352, 23.1857309 ], [ 83.9986668, 23.1868731 ], [ 83.9984709, 23.1924651 ], [ 83.9956935, 23.1915768 ], [ 83.9934261, 23.1917694 ], [ 83.991313, 23.1936447 ], [ 83.9862111, 23.195468 ], [ 83.9790982, 23.1921682 ], [ 83.9767657, 23.1923047 ], [ 83.9744136, 23.1908057 ], [ 83.972406, 23.190603 ], [ 83.9702562, 23.1915316 ], [ 83.9675766, 23.1905554 ], [ 83.9654385, 23.1863091 ], [ 83.9629587, 23.1841862 ], [ 83.9625856, 23.1794642 ], [ 83.9632921, 23.1769174 ], [ 83.9660606, 23.176392 ], [ 83.9677003, 23.1746529 ], [ 83.9675179, 23.1723278 ], [ 83.9658388, 23.1733221 ], [ 83.9650713, 23.1721938 ], [ 83.9597101, 23.1731223 ], [ 83.9574534, 23.1720626 ], [ 83.9560117, 23.1702935 ], [ 83.9546059, 23.1710708 ], [ 83.954898, 23.1697071 ], [ 83.9535505, 23.170078 ], [ 83.9525293, 23.1690988 ], [ 83.9482954, 23.1685771 ], [ 83.9475134, 23.1673811 ], [ 83.9439918, 23.1654954 ], [ 83.9441764, 23.1541811 ], [ 83.9351032, 23.1512863 ], [ 83.926085, 23.1506168 ], [ 83.9260318, 23.1518991 ], [ 83.9275753, 23.1534471 ], [ 83.9285235, 23.1559435 ], [ 83.9266239, 23.167913 ], [ 83.9233628, 23.170018 ], [ 83.9204195, 23.1739468 ], [ 83.914711, 23.1742555 ], [ 83.912866, 23.1771906 ], [ 83.9094153, 23.179896 ], [ 83.9082469, 23.1837652 ], [ 83.9066616, 23.1849083 ], [ 83.9001715, 23.1833507 ], [ 83.8933238, 23.1864044 ], [ 83.8851095, 23.1883105 ], [ 83.8836607, 23.1903128 ], [ 83.88303, 23.2050472 ], [ 83.8803926, 23.2099729 ], [ 83.8783314, 23.2120815 ], [ 83.8760503, 23.2132825 ], [ 83.8654601, 23.2145824 ], [ 83.8626804, 23.2167494 ], [ 83.8608941, 23.2193453 ], [ 83.858558, 23.2204172 ], [ 83.8540949, 23.2274848 ], [ 83.8469633, 23.2291804 ], [ 83.8443297, 23.2285574 ], [ 83.8376549, 23.2356765 ], [ 83.8266305, 23.2432085 ], [ 83.82299, 23.2445212 ], [ 83.8116067, 23.2428465 ], [ 83.8062405, 23.2460498 ], [ 83.8036706, 23.2459133 ], [ 83.7897812, 23.2516493 ], [ 83.7847475, 23.2384497 ], [ 83.7821561, 23.2270979 ], [ 83.7798955, 23.2254035 ], [ 83.774229, 23.224971 ], [ 83.7706506, 23.228111 ], [ 83.7669813, 23.2287 ], [ 83.7664559, 23.2320542 ], [ 83.7619563, 23.2321639 ], [ 83.7630928, 23.2344041 ], [ 83.7625736, 23.2359207 ], [ 83.7586156, 23.2367621 ], [ 83.7513471, 23.240716 ], [ 83.7500064, 23.2428595 ], [ 83.7480316, 23.2435646 ], [ 83.7436651, 23.2422687 ], [ 83.7370298, 23.2361206 ], [ 83.731698, 23.2357081 ], [ 83.7264958, 23.2336352 ], [ 83.7214516, 23.227724 ], [ 83.7198579, 23.2242217 ], [ 83.7207474, 23.2174291 ], [ 83.7231568, 23.2141417 ], [ 83.7127131, 23.2100638 ], [ 83.7029052, 23.2106805 ], [ 83.7007315, 23.2125942 ], [ 83.6985229, 23.2125936 ], [ 83.7008791, 23.2151739 ], [ 83.6995083, 23.2164263 ], [ 83.7010892, 23.2177908 ], [ 83.7009505, 23.2212295 ], [ 83.7019574, 23.2230679 ], [ 83.700788, 23.2249869 ], [ 83.6892757, 23.225059 ], [ 83.6726467, 23.2315658 ], [ 83.6671377, 23.2314174 ], [ 83.6633703, 23.2296146 ], [ 83.653304, 23.2292501 ], [ 83.636436, 23.2217759 ], [ 83.6344074, 23.2194045 ], [ 83.6266524, 23.2218799 ], [ 83.618326, 23.2168043 ], [ 83.6155896, 23.2127877 ], [ 83.6123219, 23.2049245 ], [ 83.6075425, 23.1982228 ], [ 83.6064449, 23.1934873 ], [ 83.6028539, 23.1910489 ], [ 83.601579, 23.1902256 ], [ 83.5964783, 23.1921871 ], [ 83.588478, 23.1923403 ], [ 83.5814321, 23.1939595 ], [ 83.5752763, 23.1942966 ], [ 83.568011, 23.187796 ], [ 83.5706427, 23.1839642 ], [ 83.5708622, 23.1780168 ], [ 83.5693322, 23.174878 ], [ 83.5646446, 23.1762036 ], [ 83.5543587, 23.175044 ], [ 83.5450302, 23.1875002 ], [ 83.5451018, 23.191126 ], [ 83.5442038, 23.1937564 ], [ 83.545829, 23.1975491 ], [ 83.545736, 23.2048133 ], [ 83.5314793, 23.2013375 ], [ 83.5314091, 23.2071606 ], [ 83.5275432, 23.2163173 ], [ 83.5289809, 23.2213339 ], [ 83.5326926, 23.2207484 ], [ 83.5342418, 23.2217053 ], [ 83.5288494, 23.2271424 ], [ 83.5267087, 23.2322107 ], [ 83.5166202, 23.2347395 ], [ 83.5169644, 23.2372004 ], [ 83.5207052, 23.241061 ], [ 83.5212876, 23.2444336 ], [ 83.5100078, 23.2471521 ], [ 83.5007095, 23.2458052 ], [ 83.4925285, 23.2457704 ], [ 83.4797438, 23.2486444 ], [ 83.4772329, 23.2552882 ], [ 83.4770794, 23.258306 ], [ 83.4652769, 23.2572254 ], [ 83.4568605, 23.2537717 ], [ 83.4422141, 23.2586728 ], [ 83.4291121, 23.254619 ], [ 83.4261021, 23.2543988 ], [ 83.3946322, 23.2698602 ], [ 83.3919298, 23.270154 ], [ 83.3855134, 23.2692968 ], [ 83.3686143, 23.2645138 ], [ 83.3648964, 23.2617495 ], [ 83.3652912, 23.2570012 ], [ 83.3731381, 23.2524861 ], [ 83.3774191, 23.2525925 ], [ 83.3807138, 23.2503424 ], [ 83.3837186, 23.2500329 ], [ 83.3851794, 23.2481502 ], [ 83.3846564, 23.2463759 ], [ 83.3773909, 23.2395723 ], [ 83.3759789, 23.2392202 ], [ 83.372256, 23.2404573 ], [ 83.3707513, 23.2396219 ], [ 83.3699647, 23.2368183 ], [ 83.372007, 23.2295449 ], [ 83.3677226, 23.2293958 ], [ 83.3653681, 23.226294 ], [ 83.362056, 23.2253005 ], [ 83.3531414, 23.2201842 ], [ 83.3528683, 23.217087 ], [ 83.3546372, 23.2133941 ], [ 83.3572831, 23.213252 ], [ 83.3624227, 23.2155391 ], [ 83.366946, 23.2163964 ], [ 83.368119, 23.2152979 ], [ 83.3678723, 23.2134787 ], [ 83.3660151, 23.2114281 ], [ 83.3655973, 23.2089994 ], [ 83.3614596, 23.2087732 ], [ 83.3630709, 23.2056807 ], [ 83.3593768, 23.200726 ], [ 83.36136, 23.1989022 ], [ 83.360237, 23.1958997 ], [ 83.3579465, 23.1942606 ], [ 83.3573705, 23.1921575 ], [ 83.3603406, 23.1855652 ], [ 83.3540767, 23.172819 ], [ 83.3520745, 23.1732251 ], [ 83.3480693, 23.1780283 ], [ 83.3387364, 23.1802568 ], [ 83.3297217, 23.1794689 ], [ 83.3205037, 23.1863151 ], [ 83.3121084, 23.1971837 ], [ 83.2948514, 23.2077136 ], [ 83.287276, 23.2143193 ], [ 83.2776817, 23.2152663 ], [ 83.2640815, 23.2335608 ], [ 83.2523325, 23.2348463 ], [ 83.24722, 23.2361858 ], [ 83.233822, 23.2339608 ], [ 83.2205685, 23.2419562 ], [ 83.2146232, 23.2430027 ], [ 83.2104869, 23.2462151 ], [ 83.2084639, 23.2456924 ], [ 83.2076663, 23.2474632 ], [ 83.2081234, 23.2494212 ], [ 83.2058146, 23.2521001 ], [ 83.2076781, 23.2550021 ], [ 83.206934, 23.2606866 ], [ 83.2038563, 23.2619253 ], [ 83.2030057, 23.2636701 ], [ 83.1988127, 23.2676299 ], [ 83.1979963, 23.2699372 ], [ 83.1994767, 23.2701402 ], [ 83.2022673, 23.2689317 ], [ 83.2062681, 23.2650614 ], [ 83.2067724, 23.2672087 ], [ 83.2098542, 23.2676719 ], [ 83.2093288, 23.2701465 ], [ 83.210215, 23.2717553 ], [ 83.2145136, 23.3000075 ], [ 83.2118978, 23.3042563 ], [ 83.2085234, 23.31736 ], [ 83.2060341, 23.3213377 ], [ 83.2046462, 23.322142 ], [ 83.2043524, 23.3212798 ], [ 83.2032791, 23.3218718 ], [ 83.2051645, 23.3249996 ], [ 83.2043849, 23.3369518 ], [ 83.2027727, 23.3392958 ], [ 83.2028723, 23.3422664 ], [ 83.2031185, 23.3452415 ], [ 83.2046796, 23.3473988 ], [ 83.204144, 23.3512321 ], [ 83.2052225, 23.3558231 ], [ 83.2089315, 23.3595142 ], [ 83.2068863, 23.3656418 ], [ 83.2078128, 23.369199 ], [ 83.20704, 23.3769421 ], [ 83.2164435, 23.389226 ], [ 83.2299328, 23.3946803 ], [ 83.2319062, 23.4034104 ], [ 83.2411921, 23.4051511 ], [ 83.2450241, 23.4016944 ], [ 83.2480922, 23.3975565 ], [ 83.2544921, 23.3953438 ], [ 83.2576153, 23.3936282 ], [ 83.2600131, 23.3911258 ], [ 83.2648597, 23.3891413 ], [ 83.265759, 23.3903628 ], [ 83.2691293, 23.3916391 ], [ 83.2776534, 23.3894225 ], [ 83.2969739, 23.3781913 ], [ 83.3013282, 23.376957 ], [ 83.302393, 23.380313 ], [ 83.3042699, 23.3825983 ], [ 83.3043205, 23.3886526 ], [ 83.3067902, 23.3892632 ], [ 83.3135718, 23.3838348 ], [ 83.3195128, 23.375891 ], [ 83.3226972, 23.3741675 ], [ 83.3267613, 23.3741643 ], [ 83.3280621, 23.3747019 ], [ 83.3327989, 23.3817733 ], [ 83.3350664, 23.3878147 ], [ 83.3310298, 23.3923689 ], [ 83.3315808, 23.397552 ], [ 83.3306513, 23.3980799 ], [ 83.3261516, 23.3970222 ], [ 83.3233729, 23.3976398 ], [ 83.3160934, 23.3959105 ], [ 83.3150406, 23.3949586 ], [ 83.3124511, 23.3991392 ], [ 83.3063732, 23.4016137 ], [ 83.3051873, 23.4041634 ], [ 83.3049555, 23.4074716 ], [ 83.3066664, 23.4205364 ], [ 83.3044623, 23.4294528 ], [ 83.3117667, 23.428781 ], [ 83.3099681, 23.431634 ], [ 83.3039377, 23.4331003 ], [ 83.3013463, 23.4324653 ], [ 83.2967645, 23.4297055 ], [ 83.2855343, 23.4283043 ], [ 83.2878829, 23.4347455 ], [ 83.2880011, 23.4392811 ], [ 83.2895806, 23.4400751 ], [ 83.2949241, 23.440501 ], [ 83.2973299, 23.4385278 ], [ 83.297466, 23.4368886 ], [ 83.299117, 23.4366905 ], [ 83.2986447, 23.4391853 ], [ 83.301203, 23.4434131 ], [ 83.3021783, 23.4469763 ], [ 83.3069395, 23.4469003 ], [ 83.3077519, 23.4448477 ], [ 83.3074871, 23.4400878 ], [ 83.3104648, 23.4390666 ], [ 83.3189965, 23.440641 ], [ 83.3195132, 23.4439266 ], [ 83.3258839, 23.4403105 ], [ 83.3370092, 23.4360667 ], [ 83.3372559, 23.4322406 ], [ 83.3427739, 23.4301771 ], [ 83.3452172, 23.427357 ], [ 83.3508067, 23.4247319 ], [ 83.3581531, 23.4239057 ], [ 83.3584584, 23.4244346 ], [ 83.3531529, 23.4278188 ], [ 83.3558442, 23.4409898 ], [ 83.3500806, 23.4406364 ], [ 83.3473703, 23.4413411 ], [ 83.3431133, 23.439278 ], [ 83.3409369, 23.4421334 ], [ 83.3399054, 23.4456942 ], [ 83.3412982, 23.4488479 ], [ 83.3415838, 23.452601 ], [ 83.3400943, 23.4557386 ], [ 83.3421734, 23.4601626 ], [ 83.3442527, 23.4622252 ], [ 83.3444051, 23.4636708 ], [ 83.3438143, 23.4653789 ], [ 83.341676, 23.4666478 ], [ 83.3414084, 23.468058 ], [ 83.3361405, 23.4660119 ], [ 83.3334723, 23.4613576 ], [ 83.3230883, 23.4618834 ], [ 83.3204536, 23.463187 ], [ 83.3135997, 23.4626021 ], [ 83.3100107, 23.4633763 ], [ 83.3067076, 23.4620874 ], [ 83.3048773, 23.4581025 ], [ 83.3027983, 23.4570945 ], [ 83.2987899, 23.4572337 ], [ 83.2953912, 23.4592064 ], [ 83.2911697, 23.4603148 ], [ 83.2824099, 23.4601145 ], [ 83.2848917, 23.4642824 ], [ 83.2866963, 23.4649514 ], [ 83.2933418, 23.4652499 ], [ 83.2974863, 23.4637888 ], [ 83.297866, 23.46735 ], [ 83.2959371, 23.4711732 ], [ 83.2960116, 23.4742759 ], [ 83.2965829, 23.4766737 ], [ 83.2993105, 23.4798313 ], [ 83.3013528, 23.4795671 ], [ 83.2997361, 23.4823777 ], [ 83.301922, 23.4831206 ], [ 83.3049155, 23.4860756 ], [ 83.3024904, 23.4871341 ], [ 83.3043788, 23.4916401 ], [ 83.3024034, 23.4953932 ], [ 83.3055232, 23.4998497 ], [ 83.304966, 23.5038109 ], [ 83.3117483, 23.5003347 ], [ 83.3224266, 23.4979516 ], [ 83.3265366, 23.4992329 ], [ 83.3324078, 23.4993169 ], [ 83.3384753, 23.505892 ], [ 83.3423842, 23.5151783 ], [ 83.341575, 23.5168948 ], [ 83.3328706, 23.516951 ], [ 83.3330956, 23.5237139 ], [ 83.3266666, 23.5214629 ], [ 83.3258897, 23.522061 ], [ 83.3226548, 23.5206638 ], [ 83.3207461, 23.5187805 ], [ 83.3091944, 23.5208434 ], [ 83.3096496, 23.5153056 ], [ 83.3060908, 23.5148309 ], [ 83.3034686, 23.5114903 ], [ 83.2979764, 23.5173027 ], [ 83.295563, 23.5181642 ], [ 83.2816732, 23.5157787 ], [ 83.277373, 23.5167623 ], [ 83.2663506, 23.515296 ], [ 83.2631217, 23.5166577 ], [ 83.2388183, 23.5154584 ], [ 83.2387038, 23.5320323 ], [ 83.2371451, 23.5416767 ], [ 83.2480714, 23.5433163 ], [ 83.2496605, 23.5461154 ], [ 83.2518585, 23.5471071 ], [ 83.2619744, 23.548609 ], [ 83.2691737, 23.5510111 ], [ 83.2735581, 23.5562425 ], [ 83.2747738, 23.5607409 ], [ 83.2785158, 23.5676315 ], [ 83.2791184, 23.577358 ], [ 83.2727757, 23.5807834 ], [ 83.2581452, 23.5799298 ], [ 83.2545477, 23.5807142 ], [ 83.2515046, 23.5752584 ], [ 83.2398118, 23.5779471 ], [ 83.2272219, 23.5781526 ], [ 83.2232843, 23.5750174 ], [ 83.22681, 23.5711734 ], [ 83.2288218, 23.5618229 ], [ 83.2255028, 23.5623228 ], [ 83.2156821, 23.5616281 ], [ 83.2129892, 23.5601161 ], [ 83.2092321, 23.5559205 ], [ 83.2009838, 23.556718 ], [ 83.2003258, 23.568764 ], [ 83.1991915, 23.5723028 ], [ 83.2096326, 23.58292 ], [ 83.2106043, 23.5864279 ], [ 83.2104516, 23.5894002 ], [ 83.2087353, 23.5922601 ], [ 83.2069898, 23.5930291 ], [ 83.2058087, 23.5922437 ], [ 83.2002225, 23.5952459 ], [ 83.2099707, 23.6052981 ], [ 83.2119118, 23.6092425 ], [ 83.2092115, 23.6122361 ], [ 83.2019673, 23.6120066 ], [ 83.2023008, 23.6193908 ], [ 83.2097688, 23.6540654 ], [ 83.2080686, 23.6580304 ], [ 83.2015471, 23.6609205 ], [ 83.2023152, 23.6674208 ], [ 83.2013677, 23.6701971 ], [ 83.2013821, 23.6735122 ], [ 83.2023644, 23.6833189 ], [ 83.1993841, 23.6836865 ], [ 83.1977292, 23.6853551 ], [ 83.1991871, 23.6866765 ], [ 83.2042042, 23.6869262 ], [ 83.2063288, 23.6917137 ], [ 83.2055917, 23.6940267 ], [ 83.2102453, 23.6993146 ], [ 83.2104803, 23.7079097 ], [ 83.2127036, 23.7103206 ], [ 83.2061687, 23.7228119 ], [ 83.1962599, 23.7224225 ], [ 83.1830855, 23.7100985 ], [ 83.1814602, 23.7092328 ], [ 83.1743053, 23.7091722 ], [ 83.1636074, 23.7025068 ], [ 83.1582083, 23.7029888 ], [ 83.1510353, 23.7096867 ], [ 83.1324277, 23.7095477 ], [ 83.1132515, 23.7216635 ], [ 83.1074966, 23.7230488 ], [ 83.1032134, 23.7288951 ], [ 83.0929544, 23.7291436 ], [ 83.0816315, 23.7505192 ], [ 83.074689, 23.7518204 ], [ 83.0704206, 23.7532727 ], [ 83.0685207, 23.7547282 ], [ 83.065904, 23.760727 ], [ 83.0644706, 23.7697899 ], [ 83.0660939, 23.7732158 ], [ 83.0700855, 23.7763118 ], [ 83.0737577, 23.7812846 ], [ 83.0735546, 23.7824179 ], [ 83.0701648, 23.7828918 ], [ 83.0672525, 23.7849263 ], [ 83.0644388, 23.7850534 ], [ 83.0519637, 23.7801325 ], [ 83.0480072, 23.779329 ], [ 83.0396923, 23.7797767 ], [ 83.0355711, 23.778888 ], [ 83.0306996, 23.7836074 ], [ 83.0294371, 23.7873907 ], [ 83.0301582, 23.7907819 ], [ 83.0267706, 23.7991595 ], [ 83.0233744, 23.8006205 ], [ 83.0210038, 23.8004556 ], [ 83.0184052, 23.8024302 ], [ 83.0131468, 23.8033454 ], [ 83.01001, 23.8031953 ], [ 83.0073819, 23.7940035 ], [ 83.0024208, 23.7936774 ], [ 82.9990314, 23.7917147 ], [ 82.9984248, 23.7890974 ], [ 82.9996644, 23.7871852 ], [ 82.999442, 23.783784 ], [ 83.0008918, 23.7789562 ], [ 82.9981153, 23.7738924 ], [ 82.9945147, 23.7712844 ], [ 82.9941394, 23.7676809 ], [ 82.9677128, 23.7705463 ], [ 82.9642397, 23.7675407 ], [ 82.9584673, 23.7687125 ], [ 82.9474526, 23.7668507 ], [ 82.9317041, 23.7674297 ], [ 82.9284701, 23.7683214 ], [ 82.919854, 23.772911 ], [ 82.9172225, 23.7764796 ], [ 82.9141818, 23.7748475 ], [ 82.9087344, 23.7737987 ], [ 82.907407, 23.7767432 ], [ 82.9026885, 23.7810427 ], [ 82.9024829, 23.784903 ], [ 82.9073845, 23.7902491 ], [ 82.9088709, 23.7910352 ], [ 82.9114821, 23.7898792 ], [ 82.9132888, 23.79006 ], [ 82.9184869, 23.7937253 ], [ 82.9198879, 23.7955269 ], [ 82.920199, 23.7989627 ], [ 82.9158878, 23.8013495 ], [ 82.9119745, 23.8010245 ], [ 82.9071605, 23.7981198 ], [ 82.9013786, 23.7967084 ], [ 82.8912147, 23.7956408 ], [ 82.8881965, 23.7957745 ], [ 82.8852037, 23.7989192 ], [ 82.87404, 23.7971779 ], [ 82.8629537, 23.7981692 ], [ 82.861612, 23.7975028 ], [ 82.8598444, 23.7949316 ], [ 82.861003, 23.7820525 ], [ 82.8519517, 23.7682596 ], [ 82.8481632, 23.767064 ], [ 82.8449671, 23.7671587 ], [ 82.8433182, 23.7681896 ], [ 82.8416934, 23.7710823 ], [ 82.8423157, 23.772779 ], [ 82.8449106, 23.7744853 ], [ 82.8456889, 23.7787184 ], [ 82.8437598, 23.7799393 ], [ 82.8363924, 23.7801529 ], [ 82.8349266, 23.7842122 ], [ 82.8363033, 23.7898347 ], [ 82.8354167, 23.7905745 ], [ 82.8311959, 23.7900642 ], [ 82.8296292, 23.7911918 ], [ 82.8336985, 23.7970091 ], [ 82.833795, 23.7982328 ], [ 82.8289898, 23.8009794 ], [ 82.8254775, 23.8079114 ], [ 82.8234708, 23.8096512 ], [ 82.8205518, 23.8089679 ], [ 82.8171151, 23.8098143 ], [ 82.8161752, 23.8114898 ], [ 82.8172049, 23.8158641 ], [ 82.8012406, 23.8179145 ], [ 82.8006077, 23.8167853 ], [ 82.8006789, 23.8110931 ], [ 82.7981092, 23.8143423 ], [ 82.784925, 23.8150742 ], [ 82.7818456, 23.8177719 ], [ 82.7807558, 23.8206484 ], [ 82.7808323, 23.8242103 ], [ 82.7828194, 23.8320378 ], [ 82.7826356, 23.8413486 ], [ 82.7782558, 23.8566026 ], [ 82.7733533, 23.8669819 ], [ 82.7730506, 23.8713634 ], [ 82.7713647, 23.8770318 ], [ 82.7607013, 23.878847 ], [ 82.7481645, 23.8797173 ], [ 82.7431104, 23.8811714 ], [ 82.7417859, 23.8821869 ], [ 82.7378556, 23.8897638 ], [ 82.7345526, 23.8918237 ], [ 82.7184997, 23.8921838 ], [ 82.707594, 23.8907037 ], [ 82.7048535, 23.891001 ], [ 82.7014846, 23.8934609 ], [ 82.7000408, 23.8969809 ], [ 82.6941257, 23.9024117 ], [ 82.6927359, 23.9048453 ], [ 82.6945391, 23.9091507 ], [ 82.6947646, 23.9132021 ], [ 82.69318, 23.9180451 ], [ 82.6934216, 23.920199 ], [ 82.6980328, 23.9199215 ], [ 82.7010786, 23.92164 ], [ 82.7035064, 23.9244874 ], [ 82.7108479, 23.9236754 ], [ 82.7150011, 23.9213887 ], [ 82.7333386, 23.9212052 ], [ 82.7341527, 23.9198503 ], [ 82.7523838, 23.9197898 ], [ 82.7552594, 23.921709 ], [ 82.754993, 23.9234751 ], [ 82.7560903, 23.9250348 ], [ 82.7556341, 23.9314563 ], [ 82.7544609, 23.9341881 ], [ 82.7554865, 23.9338064 ], [ 82.7590034, 23.9347631 ], [ 82.7620085, 23.9338287 ], [ 82.770344, 23.9369908 ], [ 82.7766224, 23.9366676 ], [ 82.7858865, 23.9408881 ], [ 82.7900173, 23.9459982 ], [ 82.798368, 23.9508077 ], [ 82.8010048, 23.9609625 ], [ 82.8041171, 23.9597037 ], [ 82.8126116, 23.9598694 ], [ 82.8267234, 23.962305 ], [ 82.8336193, 23.9574955 ], [ 82.8369868, 23.9568043 ], [ 82.8411164, 23.9506619 ], [ 82.8461408, 23.9478992 ], [ 82.8486462, 23.9453508 ], [ 82.8533461, 23.9454731 ], [ 82.8582786, 23.9392594 ], [ 82.8611063, 23.9389271 ], [ 82.8636696, 23.9328273 ], [ 82.8652221, 23.926397 ], [ 82.8738106, 23.9194138 ], [ 82.877251, 23.9177856 ], [ 82.8847118, 23.9088399 ], [ 82.8894101, 23.9072419 ], [ 82.8970236, 23.9021364 ], [ 82.9051571, 23.8978872 ], [ 82.9080591, 23.8971892 ], [ 82.9116979, 23.8974975 ], [ 82.9165201, 23.8953437 ], [ 82.9272198, 23.8922909 ], [ 82.9306514, 23.8894572 ], [ 82.9348453, 23.8820374 ], [ 82.9366248, 23.8770683 ], [ 82.9437223, 23.8745139 ], [ 82.9478794, 23.8714223 ], [ 82.9542819, 23.8708228 ], [ 82.9591677, 23.8714843 ], [ 82.9598216, 23.8708568 ], [ 82.9695315, 23.872037 ], [ 82.9745763, 23.8716322 ], [ 82.9828396, 23.8741609 ], [ 82.9972228, 23.8725879 ], [ 83.0016257, 23.873636 ], [ 83.0012465, 23.8767891 ], [ 83.014882, 23.8782992 ], [ 83.0187119, 23.8794655 ], [ 83.0353068, 23.8796456 ], [ 83.0400369, 23.8786489 ], [ 83.0524777, 23.8795304 ], [ 83.0582477, 23.8771296 ], [ 83.0611243, 23.8754223 ], [ 83.0621434, 23.8739382 ], [ 83.0711521, 23.8742128 ], [ 83.0750481, 23.8701179 ], [ 83.081889, 23.8704596 ], [ 83.0913767, 23.8715466 ], [ 83.097754, 23.8732393 ], [ 83.1116651, 23.8790564 ], [ 83.1256848, 23.8827898 ], [ 83.141483, 23.8849197 ], [ 83.1475855, 23.8889838 ], [ 83.148221, 23.8932903 ], [ 83.1511138, 23.8948589 ], [ 83.1518042, 23.8960819 ], [ 83.1538373, 23.8967347 ], [ 83.1527714, 23.8994699 ], [ 83.1541703, 23.9021761 ], [ 83.1542157, 23.9040419 ], [ 83.1583259, 23.9056938 ], [ 83.1594762, 23.9073849 ], [ 83.1636747, 23.9087744 ], [ 83.1647565, 23.9076667 ], [ 83.1674625, 23.9083272 ], [ 83.1711888, 23.9077726 ], [ 83.1725287, 23.9104581 ], [ 83.1746739, 23.9123021 ], [ 83.1765806, 23.9116332 ], [ 83.1782688, 23.9121625 ], [ 83.1812904, 23.9150954 ], [ 83.188026, 23.9145249 ], [ 83.1897627, 23.917347 ], [ 83.1931721, 23.9169275 ], [ 83.1946428, 23.9143348 ], [ 83.1984347, 23.9140641 ], [ 83.2079186, 23.9213948 ], [ 83.2079415, 23.9242351 ], [ 83.20464, 23.9267267 ], [ 83.2038168, 23.9286785 ], [ 83.2084584, 23.9305682 ], [ 83.2119311, 23.9357414 ], [ 83.2159924, 23.9379045 ], [ 83.2164209, 23.9391329 ], [ 83.2155181, 23.945513 ], [ 83.2164902, 23.9468869 ], [ 83.2200259, 23.9488518 ], [ 83.2199418, 23.9527052 ], [ 83.2231284, 23.9581456 ], [ 83.2228216, 23.9621953 ], [ 83.2186121, 23.9689761 ], [ 83.2196681, 23.972945 ], [ 83.2257102, 23.9761991 ], [ 83.2269083, 23.9778819 ], [ 83.2233319, 23.9842138 ], [ 83.2236105, 23.9866478 ], [ 83.2291362, 23.9877863 ], [ 83.2304971, 23.9887685 ], [ 83.2314999, 23.9902113 ], [ 83.2314328, 23.9939772 ], [ 83.2336558, 23.996074 ], [ 83.2402118, 23.9963191 ], [ 83.2424325, 23.9971784 ], [ 83.241139, 24.0052962 ], [ 83.2425857, 24.0115857 ], [ 83.2518792, 24.014914 ], [ 83.2551624, 24.0145291 ], [ 83.2576752, 24.0131098 ], [ 83.2597595, 24.0094665 ], [ 83.2636336, 24.0092396 ], [ 83.2656973, 24.0104566 ], [ 83.2675426, 24.0132282 ], [ 83.2727502, 24.0181741 ], [ 83.2750091, 24.0191767 ], [ 83.2791098, 24.0182747 ], [ 83.283449, 24.0324201 ], [ 83.2840017, 24.0395274 ], [ 83.2821444, 24.0459113 ], [ 83.2821125, 24.0497342 ], [ 83.2874047, 24.0551113 ], [ 83.2947307, 24.0717143 ], [ 83.2983667, 24.0755635 ], [ 83.2994553, 24.0789289 ], [ 83.3016228, 24.0796704 ], [ 83.3027447, 24.0787268 ], [ 83.3056042, 24.0796372 ], [ 83.3097878, 24.0847091 ], [ 83.311133, 24.0880162 ], [ 83.3147472, 24.0909725 ], [ 83.3178847, 24.0965616 ], [ 83.3192144, 24.1025989 ], [ 83.3214512, 24.1060169 ], [ 83.3227761, 24.1062771 ], [ 83.3270307, 24.1023509 ], [ 83.3362107, 24.0988204 ], [ 83.3460259, 24.0974426 ] ] ] } },
{ "type": "Feature", "properties": { "dtname": "Surguja", "stname": "CHHATTISGARH", "dist_lgd": 389, "year_stat": "2011_c" }, "geometry": { "type": "Polygon", "coordinates": [ [ [ 83.3946322, 23.2698602 ], [ 83.4224037, 23.2556777 ], [ 83.4275776, 23.2542132 ], [ 83.4422141, 23.2586728 ], [ 83.4568605, 23.2537717 ], [ 83.4652769, 23.2572254 ], [ 83.4770794, 23.258306 ], [ 83.4772329, 23.2552882 ], [ 83.4797438, 23.2486444 ], [ 83.4925285, 23.2457704 ], [ 83.5007095, 23.2458052 ], [ 83.5100078, 23.2471521 ], [ 83.5207877, 23.2447089 ], [ 83.5214424, 23.2439729 ], [ 83.5209327, 23.2415799 ], [ 83.5169644, 23.2372004 ], [ 83.5166202, 23.2347395 ], [ 83.5267087, 23.2322107 ], [ 83.5288494, 23.2271424 ], [ 83.5342418, 23.2217053 ], [ 83.5326926, 23.2207484 ], [ 83.5289809, 23.2213339 ], [ 83.5275432, 23.2163173 ], [ 83.5314091, 23.2071606 ], [ 83.5314793, 23.2013375 ], [ 83.5452782, 23.2051072 ], [ 83.5460548, 23.2040565 ], [ 83.545829, 23.1975491 ], [ 83.5442038, 23.1937564 ], [ 83.5451018, 23.191126 ], [ 83.5450302, 23.1875002 ], [ 83.5543587, 23.175044 ], [ 83.5542572, 23.1720228 ], [ 83.5518819, 23.1682014 ], [ 83.5538029, 23.163613 ], [ 83.5542064, 23.1583531 ], [ 83.5560126, 23.1539133 ], [ 83.5574525, 23.1517575 ], [ 83.562721, 23.1474787 ], [ 83.5629437, 23.1381905 ], [ 83.5605582, 23.1326925 ], [ 83.5554947, 23.126977 ], [ 83.5563155, 23.1250933 ], [ 83.5355461, 23.120291 ], [ 83.5354443, 23.1113353 ], [ 83.5228628, 23.096811 ], [ 83.5182758, 23.0940703 ], [ 83.5091319, 23.0903284 ], [ 83.508354, 23.0866137 ], [ 83.5113841, 23.0837092 ], [ 83.511265, 23.0808889 ], [ 83.50636, 23.0782714 ], [ 83.5025198, 23.0736783 ], [ 83.4998615, 23.0643214 ], [ 83.5034185, 23.0608092 ], [ 83.5144594, 23.0566266 ], [ 83.5192669, 23.05662 ], [ 83.5247881, 23.0588582 ], [ 83.5410972, 23.0449149 ], [ 83.5455061, 23.0385713 ], [ 83.5502557, 23.0337909 ], [ 83.5500937, 23.0301393 ], [ 83.5458601, 23.0222778 ], [ 83.5434786, 23.0209349 ], [ 83.5435791, 23.0194184 ], [ 83.5423725, 23.0181537 ], [ 83.5418816, 23.0152246 ], [ 83.536883, 23.0086188 ], [ 83.5309992, 23.002999 ], [ 83.5293381, 22.9970074 ], [ 83.5228916, 22.9932986 ], [ 83.5121461, 22.9846236 ], [ 83.5117174, 22.9748808 ], [ 83.5074141, 22.9674785 ], [ 83.503564, 22.9527725 ], [ 83.5065827, 22.9494667 ], [ 83.5082291, 22.9441249 ], [ 83.511264, 22.9392474 ], [ 83.5147668, 22.9357676 ], [ 83.5185746, 22.9358865 ], [ 83.5217472, 22.9341873 ], [ 83.5247905, 22.9264192 ], [ 83.5289871, 22.9237979 ], [ 83.5329586, 22.9198002 ], [ 83.533476, 22.9145318 ], [ 83.5355345, 22.9132923 ], [ 83.5406372, 22.9126748 ], [ 83.5446201, 22.9096647 ], [ 83.5500706, 22.9049208 ], [ 83.553537, 22.8978336 ], [ 83.5551383, 22.8972307 ], [ 83.5575876, 22.8945224 ], [ 83.5616298, 22.8938764 ], [ 83.5634579, 22.8949858 ], [ 83.5656799, 22.8895618 ], [ 83.5695329, 22.8903675 ], [ 83.5702275, 22.8893337 ], [ 83.5705193, 22.8837703 ], [ 83.5716357, 22.8812311 ], [ 83.5706922, 22.8776055 ], [ 83.5748275, 22.8762121 ], [ 83.5784333, 22.8728268 ], [ 83.5784026, 22.8700481 ], [ 83.5858778, 22.8688645 ], [ 83.59558, 22.8689843 ], [ 83.5953941, 22.8629506 ], [ 83.5915589, 22.8600866 ], [ 83.5959284, 22.8580122 ], [ 83.5951952, 22.8489594 ], [ 83.6085863, 22.8445942 ], [ 83.6235386, 22.8418697 ], [ 83.6206254, 22.8302597 ], [ 83.6237043, 22.8295549 ], [ 83.628758, 22.8258837 ], [ 83.6372736, 22.8248231 ], [ 83.6459452, 22.8263649 ], [ 83.6457314, 22.8170863 ], [ 83.6511212, 22.8109501 ], [ 83.6514285, 22.8064666 ], [ 83.6494892, 22.8027526 ], [ 83.6517512, 22.796745 ], [ 83.6514957, 22.7930476 ], [ 83.6543741, 22.7909472 ], [ 83.6521119, 22.7855723 ], [ 83.652105, 22.7825894 ], [ 83.6528554, 22.7812524 ], [ 83.6575735, 22.7795544 ], [ 83.658467, 22.7765262 ], [ 83.6579592, 22.7753271 ], [ 83.6545889, 22.7741351 ], [ 83.6529006, 22.7725194 ], [ 83.6522044, 22.7711482 ], [ 83.6528957, 22.7679822 ], [ 83.6522488, 22.765383 ], [ 83.6513317, 22.7638839 ], [ 83.6480262, 22.7625589 ], [ 83.6474029, 22.7603389 ], [ 83.6490517, 22.758783 ], [ 83.6517023, 22.7584756 ], [ 83.6547995, 22.7559255 ], [ 83.6542229, 22.752144 ], [ 83.6566268, 22.74857 ], [ 83.6556431, 22.7468725 ], [ 83.6473189, 22.747339 ], [ 83.647669, 22.7448873 ], [ 83.6463638, 22.7414379 ], [ 83.6472155, 22.7402413 ], [ 83.6507444, 22.7390487 ], [ 83.6503107, 22.7366694 ], [ 83.6488407, 22.7365883 ], [ 83.6454774, 22.7383993 ], [ 83.6443481, 22.7381421 ], [ 83.6438855, 22.7374694 ], [ 83.6453357, 22.7346202 ], [ 83.6439481, 22.7325163 ], [ 83.6375619, 22.7323499 ], [ 83.6354153, 22.7310181 ], [ 83.6349138, 22.7292482 ], [ 83.6303445, 22.7277833 ], [ 83.6299482, 22.7263672 ], [ 83.630686, 22.7246413 ], [ 83.6288658, 22.7119225 ], [ 83.6353346, 22.7039814 ], [ 83.6375624, 22.69911 ], [ 83.6435281, 22.699443 ], [ 83.6683193, 22.6856355 ], [ 83.6812799, 22.6807279 ], [ 83.6861221, 22.6718358 ], [ 83.6883888, 22.6706926 ], [ 83.6905527, 22.668249 ], [ 83.6879706, 22.6606646 ], [ 83.6854646, 22.648434 ], [ 83.6869414, 22.643986 ], [ 83.6811734, 22.6348766 ], [ 83.6754265, 22.6281464 ], [ 83.6730025, 22.6228689 ], [ 83.6679834, 22.6233896 ], [ 83.6616518, 22.626755 ], [ 83.6580145, 22.6297809 ], [ 83.6556573, 22.6375701 ], [ 83.6515338, 22.6441088 ], [ 83.6484853, 22.6524759 ], [ 83.644346, 22.6567342 ], [ 83.6368936, 22.6613134 ], [ 83.6296935, 22.6649349 ], [ 83.6231208, 22.665382 ], [ 83.6181437, 22.6668809 ], [ 83.6102907, 22.6723798 ], [ 83.6025739, 22.6744424 ], [ 83.5999856, 22.6737828 ], [ 83.5966916, 22.6745318 ], [ 83.5855334, 22.6807017 ], [ 83.5796504, 22.6819418 ], [ 83.5732547, 22.6878773 ], [ 83.5667285, 22.6891918 ], [ 83.5624093, 22.6917035 ], [ 83.5598312, 22.6919419 ], [ 83.5588639, 22.6930785 ], [ 83.5529975, 22.6958286 ], [ 83.5509349, 22.6960072 ], [ 83.5479867, 22.6954165 ], [ 83.5389907, 22.6850633 ], [ 83.527479, 22.676943 ], [ 83.5116949, 22.6713474 ], [ 83.5057645, 22.6709368 ], [ 83.505945, 22.6590531 ], [ 83.5029907, 22.6604912 ], [ 83.4986896, 22.6610071 ], [ 83.4910847, 22.6602029 ], [ 83.4833071, 22.6651142 ], [ 83.4804275, 22.6651112 ], [ 83.4761118, 22.6675956 ], [ 83.4720807, 22.6685738 ], [ 83.4704137, 22.6676626 ], [ 83.4638062, 22.6695575 ], [ 83.4630993, 22.6720271 ], [ 83.460809, 22.6737075 ], [ 83.4560136, 22.6703555 ], [ 83.4483957, 22.674603 ], [ 83.444564, 22.6738677 ], [ 83.4349902, 22.6750634 ], [ 83.432824, 22.6736621 ], [ 83.432361, 22.6719189 ], [ 83.4349215, 22.6679147 ], [ 83.4351003, 22.6662812 ], [ 83.4308757, 22.6651784 ], [ 83.4290385, 22.6618619 ], [ 83.4231127, 22.6619828 ], [ 83.4201628, 22.6606395 ], [ 83.418625, 22.6587787 ], [ 83.4130693, 22.6589989 ], [ 83.4093872, 22.6580764 ], [ 83.4116573, 22.6508811 ], [ 83.4166129, 22.6451629 ], [ 83.416805, 22.6430207 ], [ 83.4134504, 22.6431581 ], [ 83.4124745, 22.642451 ], [ 83.4133483, 22.6379661 ], [ 83.4100342, 22.6392946 ], [ 83.4058432, 22.6387822 ], [ 83.4042966, 22.6409082 ], [ 83.4055695, 22.646544 ], [ 83.4000823, 22.6480167 ], [ 83.3973561, 22.6500024 ], [ 83.3939134, 22.6501944 ], [ 83.3860154, 22.6523283 ], [ 83.3841576, 22.6536561 ], [ 83.3795546, 22.6678564 ], [ 83.3766026, 22.6854584 ], [ 83.3764488, 22.6918189 ], [ 83.3780665, 22.6922035 ], [ 83.3829665, 22.6910948 ], [ 83.386344, 22.6881124 ], [ 83.3878742, 22.6878342 ], [ 83.3920324, 22.6958591 ], [ 83.3928734, 22.7045072 ], [ 83.3914624, 22.7109693 ], [ 83.3917971, 22.7137859 ], [ 83.393276, 22.7148948 ], [ 83.393954, 22.7184985 ], [ 83.3957014, 22.7215696 ], [ 83.3981891, 22.7239392 ], [ 83.3990511, 22.7266005 ], [ 83.3979891, 22.7284696 ], [ 83.395796, 22.7292764 ], [ 83.3952932, 22.7325597 ], [ 83.3937614, 22.7346731 ], [ 83.3857912, 22.7389689 ], [ 83.3824355, 22.7392108 ], [ 83.378717, 22.7418634 ], [ 83.3736232, 22.7410097 ], [ 83.3724222, 22.7414808 ], [ 83.3698264, 22.7396265 ], [ 83.3698164, 22.7353189 ], [ 83.365227, 22.7333628 ], [ 83.3638101, 22.7296576 ], [ 83.3552317, 22.7307418 ], [ 83.3528748, 22.7304717 ], [ 83.3519712, 22.7293799 ], [ 83.3467589, 22.7347256 ], [ 83.343409, 22.7359048 ], [ 83.3440446, 22.7396338 ], [ 83.34314, 22.7447373 ], [ 83.3400679, 22.7498342 ], [ 83.3330607, 22.7540833 ], [ 83.333425, 22.7582562 ], [ 83.3322922, 22.7598636 ], [ 83.3198072, 22.766096 ], [ 83.3181866, 22.762881 ], [ 83.3191269, 22.7591217 ], [ 83.3156006, 22.7583057 ], [ 83.3084852, 22.7582869 ], [ 83.3049709, 22.7614879 ], [ 83.3021135, 22.7619702 ], [ 83.3004775, 22.7641829 ], [ 83.2993784, 22.7629815 ], [ 83.2977777, 22.7629541 ], [ 83.2953416, 22.7656766 ], [ 83.2864668, 22.7695659 ], [ 83.2779102, 22.7681624 ], [ 83.2741181, 22.7653946 ], [ 83.2703824, 22.7653911 ], [ 83.267866, 22.764533 ], [ 83.2627244, 22.7672047 ], [ 83.259125, 22.7677021 ], [ 83.2545074, 22.7660747 ], [ 83.2536872, 22.7619875 ], [ 83.25074, 22.7618958 ], [ 83.2456078, 22.7593838 ], [ 83.2445701, 22.7609083 ], [ 83.2474146, 22.7618523 ], [ 83.2478584, 22.7655021 ], [ 83.2437218, 22.7656448 ], [ 83.2417997, 22.7695691 ], [ 83.2417388, 22.7735521 ], [ 83.2380232, 22.7719025 ], [ 83.2345164, 22.7684062 ], [ 83.2337562, 22.7713729 ], [ 83.2306773, 22.77468 ], [ 83.2301576, 22.7768532 ], [ 83.2319756, 22.7785622 ], [ 83.2331862, 22.778551 ], [ 83.2319327, 22.7818045 ], [ 83.2332507, 22.7833325 ], [ 83.2308785, 22.7827942 ], [ 83.2296293, 22.7806333 ], [ 83.2267508, 22.7796946 ], [ 83.2228444, 22.7807611 ], [ 83.2181755, 22.7804495 ], [ 83.2176513, 22.7813042 ], [ 83.2180915, 22.7851368 ], [ 83.2216029, 22.7864633 ], [ 83.2184983, 22.7911951 ], [ 83.2151981, 22.7874894 ], [ 83.2132879, 22.7878734 ], [ 83.2046782, 22.7861343 ], [ 83.2048698, 22.7841366 ], [ 83.201273, 22.7849599 ], [ 83.1995923, 22.7834388 ], [ 83.1987007, 22.7805129 ], [ 83.1934258, 22.7808195 ], [ 83.188847, 22.7774026 ], [ 83.1888332, 22.7812689 ], [ 83.1913307, 22.7828471 ], [ 83.190137, 22.7861503 ], [ 83.1879119, 22.7865366 ], [ 83.178555, 22.7794462 ], [ 83.1760968, 22.7792011 ], [ 83.1741075, 22.7777532 ], [ 83.1618379, 22.7728969 ], [ 83.1591753, 22.7732954 ], [ 83.1565431, 22.7669876 ], [ 83.1570865, 22.7630588 ], [ 83.1549849, 22.7586178 ], [ 83.1568017, 22.7466188 ], [ 83.1544535, 22.7435776 ], [ 83.1520156, 22.7352339 ], [ 83.1488283, 22.7342084 ], [ 83.1403246, 22.7346205 ], [ 83.1382873, 22.7354427 ], [ 83.13116, 22.731457 ], [ 83.1253581, 22.7299363 ], [ 83.1234979, 22.7284977 ], [ 83.1150389, 22.725497 ], [ 83.119421, 22.7075824 ], [ 83.1204068, 22.7061658 ], [ 83.1249204, 22.703274 ], [ 83.117767, 22.6894025 ], [ 83.1104765, 22.6892636 ], [ 83.1016592, 22.6824621 ], [ 83.1056764, 22.6780717 ], [ 83.1090611, 22.6762004 ], [ 83.1146481, 22.6714456 ], [ 83.0923545, 22.6742103 ], [ 83.0852787, 22.669862 ], [ 83.0811561, 22.6685036 ], [ 83.0781195, 22.6684398 ], [ 83.0735935, 22.6696333 ], [ 83.0650797, 22.6690639 ], [ 83.0570763, 22.6636116 ], [ 83.0545354, 22.6636145 ], [ 83.048804, 22.6617779 ], [ 83.039447, 22.6521851 ], [ 83.0248813, 22.6462399 ], [ 83.0204823, 22.6418238 ], [ 83.0137412, 22.6386149 ], [ 83.0130273, 22.6446597 ], [ 83.0097803, 22.6487421 ], [ 83.0042245, 22.650471 ], [ 83.0013351, 22.6551767 ], [ 82.9959762, 22.6585929 ], [ 82.9900127, 22.6654513 ], [ 82.9815612, 22.6643961 ], [ 82.9770131, 22.665433 ], [ 82.9671274, 22.6657822 ], [ 82.9596318, 22.6683284 ], [ 82.9500069, 22.6745732 ], [ 82.9409785, 22.6783428 ], [ 82.9380265, 22.6815001 ], [ 82.9303687, 22.6952831 ], [ 82.9227992, 22.7018145 ], [ 82.920917, 22.7050298 ], [ 82.9129179, 22.7103372 ], [ 82.9027474, 22.7147822 ], [ 82.8940711, 22.7239357 ], [ 82.8890289, 22.7254127 ], [ 82.8870142, 22.7291107 ], [ 82.8806334, 22.7367055 ], [ 82.8774258, 22.7439704 ], [ 82.8748068, 22.7464583 ], [ 82.8692086, 22.7483771 ], [ 82.8635304, 22.7518605 ], [ 82.8587762, 22.7495052 ], [ 82.8385064, 22.7460569 ], [ 82.831872, 22.7441273 ], [ 82.7994372, 22.7586963 ], [ 82.7962435, 22.7607606 ], [ 82.7887005, 22.762998 ], [ 82.7794714, 22.76778 ], [ 82.7735201, 22.772211 ], [ 82.7698024, 22.7764958 ], [ 82.7651576, 22.7800906 ], [ 82.7645245, 22.7828513 ], [ 82.7684817, 22.789024 ], [ 82.7648741, 22.7913643 ], [ 82.7588917, 22.7932695 ], [ 82.75741, 22.7954727 ], [ 82.7638869, 22.8032375 ], [ 82.7646305, 22.8070678 ], [ 82.7643292, 22.810371 ], [ 82.7597996, 22.8162472 ], [ 82.7631448, 22.8201972 ], [ 82.7622365, 22.8242281 ], [ 82.7648479, 22.8324581 ], [ 82.7557976, 22.8435586 ], [ 82.76912, 22.8549711 ], [ 82.7723705, 22.8633429 ], [ 82.7702836, 22.8695339 ], [ 82.767139, 22.8746037 ], [ 82.7687227, 22.8751717 ], [ 82.7740782, 22.8704193 ], [ 82.7776325, 22.8684057 ], [ 82.780265, 22.8702511 ], [ 82.7884343, 22.8703397 ], [ 82.7923583, 22.8777997 ], [ 82.7931496, 22.8821975 ], [ 82.7953579, 22.8860517 ], [ 82.7957411, 22.8886137 ], [ 82.7953999, 22.8916646 ], [ 82.7893362, 22.9054224 ], [ 82.7884279, 22.9098595 ], [ 82.7912719, 22.9147518 ], [ 82.7936142, 22.9235032 ], [ 82.7937142, 22.928436 ], [ 82.7931296, 22.9304778 ], [ 82.7920423, 22.9309558 ], [ 82.7927706, 22.9326734 ], [ 82.796567, 22.9377824 ], [ 82.7985998, 22.942097 ], [ 82.806375, 22.9417683 ], [ 82.8080948, 22.9438466 ], [ 82.8219979, 22.9406933 ], [ 82.8240423, 22.9457529 ], [ 82.8251697, 22.9526432 ], [ 82.8274451, 22.9569777 ], [ 82.831999, 22.9627776 ], [ 82.8359759, 22.9653014 ], [ 82.8517446, 22.9862602 ], [ 82.8527883, 22.9887907 ], [ 82.8536535, 22.9931082 ], [ 82.8518953, 22.9984274 ], [ 82.852168, 23.0019431 ], [ 82.848081, 23.001965 ], [ 82.8453545, 23.0029623 ], [ 82.8376534, 23.0031549 ], [ 82.8355223, 23.0024771 ], [ 82.8337712, 23.0031088 ], [ 82.8305459, 23.0079389 ], [ 82.8309727, 23.0152894 ], [ 82.8509607, 23.0171448 ], [ 82.857472, 23.0198907 ], [ 82.8604521, 23.0224058 ], [ 82.8732856, 23.0221942 ], [ 82.8747685, 23.0239912 ], [ 82.8789831, 23.0263298 ], [ 82.8806514, 23.0264743 ], [ 82.8835491, 23.0303163 ], [ 82.8847101, 23.02977 ], [ 82.8850221, 23.0272912 ], [ 82.8891588, 23.0286905 ], [ 82.8908516, 23.0300449 ], [ 82.895061, 23.0270239 ], [ 82.8990314, 23.0256959 ], [ 82.8994173, 23.0283416 ], [ 82.8979054, 23.0302968 ], [ 82.9003984, 23.0317638 ], [ 82.900501, 23.0327074 ], [ 82.9002671, 23.0335788 ], [ 82.8981647, 23.0343241 ], [ 82.8988675, 23.0366131 ], [ 82.9015997, 23.0381613 ], [ 82.907854, 23.0387018 ], [ 82.9203828, 23.0416786 ], [ 82.9245364, 23.0472533 ], [ 82.9247775, 23.0657554 ], [ 82.9258788, 23.0773173 ], [ 82.9239624, 23.0795936 ], [ 82.9219682, 23.0799264 ], [ 82.919887, 23.0814355 ], [ 82.9156845, 23.081257 ], [ 82.9122973, 23.0797377 ], [ 82.9056181, 23.0785131 ], [ 82.904662, 23.0773781 ], [ 82.9048013, 23.0745007 ], [ 82.9026193, 23.0726155 ], [ 82.9028266, 23.070191 ], [ 82.8952485, 23.0714221 ], [ 82.8947172, 23.0683315 ], [ 82.8913065, 23.0680494 ], [ 82.8839517, 23.0702373 ], [ 82.8797357, 23.0686799 ], [ 82.8701377, 23.0705897 ], [ 82.8512739, 23.0663157 ], [ 82.8466394, 23.0642351 ], [ 82.8408892, 23.0630121 ], [ 82.8362853, 23.065937 ], [ 82.8366725, 23.0794821 ], [ 82.8409781, 23.0793376 ], [ 82.8419687, 23.0838595 ], [ 82.8490406, 23.0788547 ], [ 82.8526525, 23.0788565 ], [ 82.8515642, 23.0839252 ], [ 82.8554571, 23.0933619 ], [ 82.8574871, 23.0954525 ], [ 82.8599512, 23.1003108 ], [ 82.8623954, 23.1025855 ], [ 82.8641238, 23.1065055 ], [ 82.8638047, 23.1091993 ], [ 82.8785408, 23.1088306 ], [ 82.8801353, 23.1093841 ], [ 82.8857561, 23.1086827 ], [ 82.8955917, 23.1092721 ], [ 82.9136812, 23.1167227 ], [ 82.9187044, 23.1169797 ], [ 82.9213349, 23.1150601 ], [ 82.922996, 23.1155393 ], [ 82.9237532, 23.1148748 ], [ 82.9222203, 23.1107885 ], [ 82.9301873, 23.1062318 ], [ 82.9299982, 23.1051264 ], [ 82.9335926, 23.0981766 ], [ 82.9383354, 23.096957 ], [ 82.9396976, 23.0951547 ], [ 82.939736, 23.0921294 ], [ 82.9413281, 23.0885501 ], [ 82.9448753, 23.0925224 ], [ 82.9500386, 23.0957816 ], [ 82.956628, 23.0957794 ], [ 82.9583664, 23.0892484 ], [ 82.9594639, 23.0876698 ], [ 82.964357, 23.0860557 ], [ 82.9661716, 23.0842482 ], [ 82.9662376, 23.0824001 ], [ 82.9641331, 23.0789539 ], [ 82.9630124, 23.0746696 ], [ 82.9654391, 23.0713078 ], [ 82.9738067, 23.0676266 ], [ 82.9791241, 23.071445 ], [ 82.9831484, 23.0729471 ], [ 82.9896808, 23.0727208 ], [ 82.9958857, 23.07085 ], [ 82.9988833, 23.0710596 ], [ 82.9995937, 23.0741771 ], [ 83.0030529, 23.0802163 ], [ 83.0121916, 23.0936097 ], [ 83.0164912, 23.0936985 ], [ 83.0199582, 23.0975385 ], [ 83.0289918, 23.0979731 ], [ 83.0316455, 23.0998981 ], [ 83.0342048, 23.1042971 ], [ 83.0310494, 23.1079252 ], [ 83.0299091, 23.1122092 ], [ 83.0302673, 23.1163721 ], [ 83.0274241, 23.126574 ], [ 83.033502, 23.1259817 ], [ 83.0380459, 23.1273613 ], [ 83.0453194, 23.1276134 ], [ 83.0499379, 23.1266766 ], [ 83.0811604, 23.1271488 ], [ 83.0843675, 23.1274295 ], [ 83.0877843, 23.1291325 ], [ 83.1008037, 23.1289724 ], [ 83.1023901, 23.1296815 ], [ 83.1088965, 23.1377414 ], [ 83.1162439, 23.1376155 ], [ 83.1234107, 23.1348481 ], [ 83.1245628, 23.1282202 ], [ 83.1236695, 23.1225585 ], [ 83.1281454, 23.1086391 ], [ 83.1317183, 23.1087744 ], [ 83.1385124, 23.1065752 ], [ 83.1490895, 23.1081677 ], [ 83.1517694, 23.1089349 ], [ 83.1535366, 23.1108217 ], [ 83.1567231, 23.1278647 ], [ 83.1543472, 23.1347911 ], [ 83.1601763, 23.1351285 ], [ 83.159563, 23.1421402 ], [ 83.1602274, 23.1436571 ], [ 83.1599655, 23.1505739 ], [ 83.1572707, 23.1514233 ], [ 83.1562212, 23.152629 ], [ 83.154483, 23.1525435 ], [ 83.1529454, 23.1544491 ], [ 83.1512219, 23.154919 ], [ 83.1491573, 23.1583777 ], [ 83.1593787, 23.1658162 ], [ 83.1587783, 23.1665794 ], [ 83.1356871, 23.1742083 ], [ 83.1329721, 23.177098 ], [ 83.1358751, 23.2035414 ], [ 83.1373021, 23.2113293 ], [ 83.1384012, 23.2115324 ], [ 83.1378348, 23.2142053 ], [ 83.1433988, 23.2159655 ], [ 83.1529189, 23.2138962 ], [ 83.1639294, 23.2149413 ], [ 83.1661805, 23.2159334 ], [ 83.1641017, 23.2200826 ], [ 83.1660131, 23.221229 ], [ 83.1688022, 23.2208937 ], [ 83.1721875, 23.2248367 ], [ 83.1730668, 23.2282292 ], [ 83.1748239, 23.2303311 ], [ 83.1782558, 23.2316301 ], [ 83.1790247, 23.2298716 ], [ 83.1783313, 23.2277725 ], [ 83.1761897, 23.2277139 ], [ 83.1759206, 23.2266386 ], [ 83.1781005, 23.2255753 ], [ 83.1763668, 23.2190445 ], [ 83.1766772, 23.2177161 ], [ 83.1841184, 23.213621 ], [ 83.1849141, 23.2138421 ], [ 83.1924271, 23.2047732 ], [ 83.1973628, 23.2090737 ], [ 83.1989547, 23.2083911 ], [ 83.2013141, 23.2086925 ], [ 83.203587, 23.2113552 ], [ 83.2087958, 23.2140117 ], [ 83.2126966, 23.2182038 ], [ 83.2151368, 23.222329 ], [ 83.2172965, 23.222856 ], [ 83.2203613, 23.2186734 ], [ 83.2237119, 23.2179806 ], [ 83.2364277, 23.2185408 ], [ 83.2383924, 23.2196546 ], [ 83.2410007, 23.2192283 ], [ 83.2430432, 23.2199762 ], [ 83.2435117, 23.2249467 ], [ 83.2466781, 23.2312199 ], [ 83.24722, 23.2361858 ], [ 83.2523325, 23.2348463 ], [ 83.2640815, 23.2335608 ], [ 83.2776817, 23.2152663 ], [ 83.287276, 23.2143193 ], [ 83.2948514, 23.2077136 ], [ 83.3121084, 23.1971837 ], [ 83.3205037, 23.1863151 ], [ 83.3297217, 23.1794689 ], [ 83.3387364, 23.1802568 ], [ 83.3480693, 23.1780283 ], [ 83.3520745, 23.1732251 ], [ 83.3540767, 23.172819 ], [ 83.3603406, 23.1855652 ], [ 83.3573705, 23.1921575 ], [ 83.3579465, 23.1942606 ], [ 83.360237, 23.1958997 ], [ 83.36136, 23.1989022 ], [ 83.3593768, 23.200726 ], [ 83.3630709, 23.2056807 ], [ 83.3614596, 23.2087732 ], [ 83.3655973, 23.2089994 ], [ 83.3660151, 23.2114281 ], [ 83.3678723, 23.2134787 ], [ 83.368119, 23.2152979 ], [ 83.366946, 23.2163964 ], [ 83.3624227, 23.2155391 ], [ 83.3572831, 23.213252 ], [ 83.3546372, 23.2133941 ], [ 83.3528683, 23.217087 ], [ 83.3531414, 23.2201842 ], [ 83.362056, 23.2253005 ], [ 83.3653681, 23.226294 ], [ 83.3677226, 23.2293958 ], [ 83.372007, 23.2295449 ], [ 83.3699647, 23.2368183 ], [ 83.3707513, 23.2396219 ], [ 83.372256, 23.2404573 ], [ 83.3759789, 23.2392202 ], [ 83.3773909, 23.2395723 ], [ 83.3846564, 23.2463759 ], [ 83.3851794, 23.2481502 ], [ 83.3837186, 23.2500329 ], [ 83.3807138, 23.2503424 ], [ 83.3774191, 23.2525925 ], [ 83.3731381, 23.2524861 ], [ 83.3652912, 23.2570012 ], [ 83.3645879, 23.2602061 ], [ 83.3652647, 23.2623881 ], [ 83.3681785, 23.264338 ], [ 83.3730912, 23.2658343 ], [ 83.3855134, 23.2692968 ], [ 83.3919298, 23.270154 ], [ 83.3946322, 23.2698602 ] ] ] } },
{ "type": "Feature", "properties": { "dtname": "Surajpur", "stname": "CHHATTISGARH", "dist_lgd": 648, "year_stat": "update2014" }, "geometry": { "type": "Polygon", "coordinates": [ [ [ 82.6945263, 23.9097066 ], [ 82.69271, 23.9053887 ], [ 82.6932471, 23.9038492 ], [ 82.7000408, 23.8969809 ], [ 82.7014846, 23.8934609 ], [ 82.7048535, 23.891001 ], [ 82.707594, 23.8907037 ], [ 82.7184997, 23.8921838 ], [ 82.7345526, 23.8918237 ], [ 82.7378556, 23.8897638 ], [ 82.7417859, 23.8821869 ], [ 82.7431104, 23.8811714 ], [ 82.7481645, 23.8797173 ], [ 82.7607013, 23.878847 ], [ 82.7713647, 23.8770318 ], [ 82.7730506, 23.8713634 ], [ 82.7733533, 23.8669819 ], [ 82.7782558, 23.8566026 ], [ 82.7826356, 23.8413486 ], [ 82.7828194, 23.8320378 ], [ 82.7808323, 23.8242103 ], [ 82.7807558, 23.8206484 ], [ 82.7818456, 23.8177719 ], [ 82.784925, 23.8150742 ], [ 82.7981092, 23.8143423 ], [ 82.8006789, 23.8110931 ], [ 82.8006077, 23.8167853 ], [ 82.8012406, 23.8179145 ], [ 82.8172049, 23.8158641 ], [ 82.8161752, 23.8114898 ], [ 82.8171151, 23.8098143 ], [ 82.8205518, 23.8089679 ], [ 82.8234708, 23.8096512 ], [ 82.8254775, 23.8079114 ], [ 82.8289898, 23.8009794 ], [ 82.833795, 23.7982328 ], [ 82.8336985, 23.7970091 ], [ 82.8296292, 23.7911918 ], [ 82.8311959, 23.7900642 ], [ 82.8354167, 23.7905745 ], [ 82.8363033, 23.7898347 ], [ 82.8349266, 23.7842122 ], [ 82.8363924, 23.7801529 ], [ 82.8437598, 23.7799393 ], [ 82.8456889, 23.7787184 ], [ 82.8449106, 23.7744853 ], [ 82.8423157, 23.772779 ], [ 82.8416934, 23.7710823 ], [ 82.8433182, 23.7681896 ], [ 82.8449671, 23.7671587 ], [ 82.8481632, 23.767064 ], [ 82.8519517, 23.7682596 ], [ 82.861003, 23.7820525 ], [ 82.8598444, 23.7949316 ], [ 82.861612, 23.7975028 ], [ 82.8629537, 23.7981692 ], [ 82.87404, 23.7971779 ], [ 82.8852037, 23.7989192 ], [ 82.8881965, 23.7957745 ], [ 82.8912147, 23.7956408 ], [ 82.9013786, 23.7967084 ], [ 82.9071605, 23.7981198 ], [ 82.9119745, 23.8010245 ], [ 82.9158878, 23.8013495 ], [ 82.920199, 23.7989627 ], [ 82.9198879, 23.7955269 ], [ 82.9184869, 23.7937253 ], [ 82.9132888, 23.79006 ], [ 82.9114821, 23.7898792 ], [ 82.9088709, 23.7910352 ], [ 82.9073845, 23.7902491 ], [ 82.9024829, 23.784903 ], [ 82.9026885, 23.7810427 ], [ 82.907407, 23.7767432 ], [ 82.9087344, 23.7737987 ], [ 82.9141818, 23.7748475 ], [ 82.9172225, 23.7764796 ], [ 82.919854, 23.772911 ], [ 82.9284701, 23.7683214 ], [ 82.9317041, 23.7674297 ], [ 82.9474526, 23.7668507 ], [ 82.9584673, 23.7687125 ], [ 82.9642397, 23.7675407 ], [ 82.9677128, 23.7705463 ], [ 82.9941394, 23.7676809 ], [ 82.9945147, 23.7712844 ], [ 82.9981153, 23.7738924 ], [ 83.0008918, 23.7789562 ], [ 82.999442, 23.783784 ], [ 82.9996644, 23.7871852 ], [ 82.9984248, 23.7890974 ], [ 82.9990314, 23.7917147 ], [ 83.0024208, 23.7936774 ], [ 83.0073819, 23.7940035 ], [ 83.01001, 23.8031953 ], [ 83.0131468, 23.8033454 ], [ 83.0184052, 23.8024302 ], [ 83.0210038, 23.8004556 ], [ 83.0233744, 23.8006205 ], [ 83.0267706, 23.7991595 ], [ 83.0301582, 23.7907819 ], [ 83.0294371, 23.7873907 ], [ 83.0306996, 23.7836074 ], [ 83.0355711, 23.778888 ], [ 83.0396923, 23.7797767 ], [ 83.0480072, 23.779329 ], [ 83.0519637, 23.7801325 ], [ 83.0644388, 23.7850534 ], [ 83.0672525, 23.7849263 ], [ 83.0701648, 23.7828918 ], [ 83.0735546, 23.7824179 ], [ 83.0737577, 23.7812846 ], [ 83.0700855, 23.7763118 ], [ 83.0660939, 23.7732158 ], [ 83.0644706, 23.7697899 ], [ 83.065904, 23.760727 ], [ 83.0685207, 23.7547282 ], [ 83.0704206, 23.7532727 ], [ 83.074689, 23.7518204 ], [ 83.0816315, 23.7505192 ], [ 83.0929544, 23.7291436 ], [ 83.1032134, 23.7288951 ], [ 83.1074966, 23.7230488 ], [ 83.1132515, 23.7216635 ], [ 83.1324277, 23.7095477 ], [ 83.1510353, 23.7096867 ], [ 83.1582083, 23.7029888 ], [ 83.1636074, 23.7025068 ], [ 83.1743053, 23.7091722 ], [ 83.1814602, 23.7092328 ], [ 83.1830855, 23.7100985 ], [ 83.1962599, 23.7224225 ], [ 83.2061687, 23.7228119 ], [ 83.2127036, 23.7103206 ], [ 83.2104803, 23.7079097 ], [ 83.2102453, 23.6993146 ], [ 83.2055917, 23.6940267 ], [ 83.2063288, 23.6917137 ], [ 83.2042042, 23.6869262 ], [ 83.1991871, 23.6866765 ], [ 83.1977292, 23.6853551 ], [ 83.1993841, 23.6836865 ], [ 83.2023644, 23.6833189 ], [ 83.2013821, 23.6735122 ], [ 83.2013677, 23.6701971 ], [ 83.2023152, 23.6674208 ], [ 83.2015471, 23.6609205 ], [ 83.2080686, 23.6580304 ], [ 83.2097688, 23.6540654 ], [ 83.2023008, 23.6193908 ], [ 83.2019673, 23.6120066 ], [ 83.2092115, 23.6122361 ], [ 83.2119118, 23.6092425 ], [ 83.2099707, 23.6052981 ], [ 83.2002225, 23.5952459 ], [ 83.2058087, 23.5922437 ], [ 83.2069898, 23.5930291 ], [ 83.2087353, 23.5922601 ], [ 83.2104516, 23.5894002 ], [ 83.2106043, 23.5864279 ], [ 83.2096326, 23.58292 ], [ 83.1991915, 23.5723028 ], [ 83.2003258, 23.568764 ], [ 83.2009838, 23.556718 ], [ 83.2092321, 23.5559205 ], [ 83.2129892, 23.5601161 ], [ 83.2156821, 23.5616281 ], [ 83.2255028, 23.5623228 ], [ 83.2288218, 23.5618229 ], [ 83.22681, 23.5711734 ], [ 83.2232843, 23.5750174 ], [ 83.2272219, 23.5781526 ], [ 83.2398118, 23.5779471 ], [ 83.2515046, 23.5752584 ], [ 83.2545477, 23.5807142 ], [ 83.2581452, 23.5799298 ], [ 83.2727757, 23.5807834 ], [ 83.2791184, 23.577358 ], [ 83.2785158, 23.5676315 ], [ 83.2747738, 23.5607409 ], [ 83.2735581, 23.5562425 ], [ 83.2691737, 23.5510111 ], [ 83.2619744, 23.548609 ], [ 83.2518585, 23.5471071 ], [ 83.2496605, 23.5461154 ], [ 83.2480714, 23.5433163 ], [ 83.2371451, 23.5416767 ], [ 83.2387038, 23.5320323 ], [ 83.2388183, 23.5154584 ], [ 83.2631217, 23.5166577 ], [ 83.2663506, 23.515296 ], [ 83.277373, 23.5167623 ], [ 83.2816732, 23.5157787 ], [ 83.295563, 23.5181642 ], [ 83.2979764, 23.5173027 ], [ 83.3034686, 23.5114903 ], [ 83.3060908, 23.5148309 ], [ 83.3096496, 23.5153056 ], [ 83.3091944, 23.5208434 ], [ 83.3207461, 23.5187805 ], [ 83.3226548, 23.5206638 ], [ 83.3258897, 23.522061 ], [ 83.3266666, 23.5214629 ], [ 83.3330956, 23.5237139 ], [ 83.3328706, 23.516951 ], [ 83.341575, 23.5168948 ], [ 83.3423842, 23.5151783 ], [ 83.3384753, 23.505892 ], [ 83.3324078, 23.4993169 ], [ 83.3265366, 23.4992329 ], [ 83.3224266, 23.4979516 ], [ 83.3117483, 23.5003347 ], [ 83.304966, 23.5038109 ], [ 83.3055232, 23.4998497 ], [ 83.3024034, 23.4953932 ], [ 83.3043788, 23.4916401 ], [ 83.3024904, 23.4871341 ], [ 83.3049155, 23.4860756 ], [ 83.301922, 23.4831206 ], [ 83.2997361, 23.4823777 ], [ 83.3013528, 23.4795671 ], [ 83.2993105, 23.4798313 ], [ 83.2965829, 23.4766737 ], [ 83.2960116, 23.4742759 ], [ 83.2959371, 23.4711732 ], [ 83.297866, 23.46735 ], [ 83.2974863, 23.4637888 ], [ 83.2933418, 23.4652499 ], [ 83.2866963, 23.4649514 ], [ 83.2848917, 23.4642824 ], [ 83.2824099, 23.4601145 ], [ 83.2911697, 23.4603148 ], [ 83.2953912, 23.4592064 ], [ 83.2987899, 23.4572337 ], [ 83.3027983, 23.4570945 ], [ 83.3048773, 23.4581025 ], [ 83.3067076, 23.4620874 ], [ 83.3100107, 23.4633763 ], [ 83.3135997, 23.4626021 ], [ 83.3204536, 23.463187 ], [ 83.3230883, 23.4618834 ], [ 83.3334723, 23.4613576 ], [ 83.3361405, 23.4660119 ], [ 83.3414084, 23.468058 ], [ 83.341676, 23.4666478 ], [ 83.3438143, 23.4653789 ], [ 83.3444051, 23.4636708 ], [ 83.3442527, 23.4622252 ], [ 83.3421734, 23.4601626 ], [ 83.3400943, 23.4557386 ], [ 83.3415838, 23.452601 ], [ 83.3412982, 23.4488479 ], [ 83.3399054, 23.4456942 ], [ 83.3409369, 23.4421334 ], [ 83.3431133, 23.439278 ], [ 83.3473703, 23.4413411 ], [ 83.3500806, 23.4406364 ], [ 83.3558442, 23.4409898 ], [ 83.3531529, 23.4278188 ], [ 83.3584584, 23.4244346 ], [ 83.3581531, 23.4239057 ], [ 83.3508067, 23.4247319 ], [ 83.3452172, 23.427357 ], [ 83.3427739, 23.4301771 ], [ 83.3372559, 23.4322406 ], [ 83.3370092, 23.4360667 ], [ 83.3258839, 23.4403105 ], [ 83.3195132, 23.4439266 ], [ 83.3189965, 23.440641 ], [ 83.3104648, 23.4390666 ], [ 83.3074871, 23.4400878 ], [ 83.3077519, 23.4448477 ], [ 83.3069395, 23.4469003 ], [ 83.3021783, 23.4469763 ], [ 83.301203, 23.4434131 ], [ 83.2986447, 23.4391853 ], [ 83.299117, 23.4366905 ], [ 83.297466, 23.4368886 ], [ 83.2973299, 23.4385278 ], [ 83.2949241, 23.440501 ], [ 83.2895806, 23.4400751 ], [ 83.2880011, 23.4392811 ], [ 83.2878829, 23.4347455 ], [ 83.2855343, 23.4283043 ], [ 83.2967645, 23.4297055 ], [ 83.3013463, 23.4324653 ], [ 83.3039377, 23.4331003 ], [ 83.3099681, 23.431634 ], [ 83.3117667, 23.428781 ], [ 83.3044623, 23.4294528 ], [ 83.3066664, 23.4205364 ], [ 83.3049555, 23.4074716 ], [ 83.3051873, 23.4041634 ], [ 83.3063732, 23.4016137 ], [ 83.3124511, 23.3991392 ], [ 83.3150406, 23.3949586 ], [ 83.3160934, 23.3959105 ], [ 83.3233729, 23.3976398 ], [ 83.3261516, 23.3970222 ], [ 83.3306513, 23.3980799 ], [ 83.3315808, 23.397552 ], [ 83.3310298, 23.3923689 ], [ 83.3350664, 23.3878147 ], [ 83.3327989, 23.3817733 ], [ 83.3280621, 23.3747019 ], [ 83.3267613, 23.3741643 ], [ 83.3226972, 23.3741675 ], [ 83.3195128, 23.375891 ], [ 83.3135718, 23.3838348 ], [ 83.3067902, 23.3892632 ], [ 83.3043205, 23.3886526 ], [ 83.3042699, 23.3825983 ], [ 83.302393, 23.380313 ], [ 83.3013282, 23.376957 ], [ 83.2969739, 23.3781913 ], [ 83.2776534, 23.3894225 ], [ 83.2691293, 23.3916391 ], [ 83.265759, 23.3903628 ], [ 83.2648597, 23.3891413 ], [ 83.2600131, 23.3911258 ], [ 83.2576153, 23.3936282 ], [ 83.2544921, 23.3953438 ], [ 83.2480922, 23.3975565 ], [ 83.2450241, 23.4016944 ], [ 83.240703, 23.4051785 ], [ 83.2319062, 23.4034104 ], [ 83.2299328, 23.3946803 ], [ 83.2164435, 23.389226 ], [ 83.2074953, 23.3777004 ], [ 83.2078128, 23.369199 ], [ 83.2068863, 23.3656418 ], [ 83.2089315, 23.3595142 ], [ 83.2052225, 23.3558231 ], [ 83.204144, 23.3512321 ], [ 83.2046796, 23.3473988 ], [ 83.2031185, 23.3452415 ], [ 83.2027727, 23.3392958 ], [ 83.2043849, 23.3369518 ], [ 83.2051645, 23.3249996 ], [ 83.2032791, 23.3218718 ], [ 83.2043524, 23.3212798 ], [ 83.2046462, 23.322142 ], [ 83.2060341, 23.3213377 ], [ 83.2085234, 23.31736 ], [ 83.2118978, 23.3042563 ], [ 83.2145136, 23.3000075 ], [ 83.210215, 23.2717553 ], [ 83.2093288, 23.2701465 ], [ 83.2098542, 23.2676719 ], [ 83.2067724, 23.2672087 ], [ 83.2062681, 23.2650614 ], [ 83.2022673, 23.2689317 ], [ 83.1994767, 23.2701402 ], [ 83.1979963, 23.2699372 ], [ 83.1988127, 23.2676299 ], [ 83.2030057, 23.2636701 ], [ 83.2038563, 23.2619253 ], [ 83.206934, 23.2606866 ], [ 83.2076781, 23.2550021 ], [ 83.2058146, 23.2521001 ], [ 83.2081234, 23.2494212 ], [ 83.2076663, 23.2474632 ], [ 83.2084639, 23.2456924 ], [ 83.2104869, 23.2462151 ], [ 83.2146232, 23.2430027 ], [ 83.2205685, 23.2419562 ], [ 83.233822, 23.2339608 ], [ 83.24722, 23.2361858 ], [ 83.2466781, 23.2312199 ], [ 83.2435117, 23.2249467 ], [ 83.2430432, 23.2199762 ], [ 83.2410007, 23.2192283 ], [ 83.2383924, 23.2196546 ], [ 83.2364277, 23.2185408 ], [ 83.2237119, 23.2179806 ], [ 83.2203613, 23.2186734 ], [ 83.2172965, 23.222856 ], [ 83.2151368, 23.222329 ], [ 83.2126966, 23.2182038 ], [ 83.2087958, 23.2140117 ], [ 83.203587, 23.2113552 ], [ 83.2013141, 23.2086925 ], [ 83.1989547, 23.2083911 ], [ 83.1973628, 23.2090737 ], [ 83.1924271, 23.2047732 ], [ 83.1849141, 23.2138421 ], [ 83.1841184, 23.213621 ], [ 83.1766772, 23.2177161 ], [ 83.1763668, 23.2190445 ], [ 83.1781005, 23.2255753 ], [ 83.1759206, 23.2266386 ], [ 83.1761897, 23.2277139 ], [ 83.1783313, 23.2277725 ], [ 83.1790247, 23.2298716 ], [ 83.1782558, 23.2316301 ], [ 83.1748239, 23.2303311 ], [ 83.1730668, 23.2282292 ], [ 83.1721875, 23.2248367 ], [ 83.1688022, 23.2208937 ], [ 83.1660131, 23.221229 ], [ 83.1641017, 23.2200826 ], [ 83.1661805, 23.2159334 ], [ 83.1639294, 23.2149413 ], [ 83.1529189, 23.2138962 ], [ 83.1433988, 23.2159655 ], [ 83.1378348, 23.2142053 ], [ 83.1384012, 23.2115324 ], [ 83.1373021, 23.2113293 ], [ 83.1358751, 23.2035414 ], [ 83.1329721, 23.177098 ], [ 83.1356871, 23.1742083 ], [ 83.1587783, 23.1665794 ], [ 83.1593787, 23.1658162 ], [ 83.1491573, 23.1583777 ], [ 83.1512219, 23.154919 ], [ 83.1529454, 23.1544491 ], [ 83.154483, 23.1525435 ], [ 83.1562212, 23.152629 ], [ 83.1572707, 23.1514233 ], [ 83.159414, 23.1512693 ], [ 83.1600923, 23.1499238 ], [ 83.1602274, 23.1436571 ], [ 83.159563, 23.1421402 ], [ 83.1601763, 23.1351285 ], [ 83.1543472, 23.1347911 ], [ 83.1567231, 23.1278647 ], [ 83.1535366, 23.1108217 ], [ 83.1517694, 23.1089349 ], [ 83.1400059, 23.1065931 ], [ 83.1317183, 23.1087744 ], [ 83.1281454, 23.1086391 ], [ 83.1236695, 23.1225585 ], [ 83.1245628, 23.1282202 ], [ 83.1234107, 23.1348481 ], [ 83.1162439, 23.1376155 ], [ 83.1088965, 23.1377414 ], [ 83.1023901, 23.1296815 ], [ 83.1008037, 23.1289724 ], [ 83.0877843, 23.1291325 ], [ 83.0843675, 23.1274295 ], [ 83.0811604, 23.1271488 ], [ 83.0499379, 23.1266766 ], [ 83.0453194, 23.1276134 ], [ 83.0380459, 23.1273613 ], [ 83.033502, 23.1259817 ], [ 83.0274241, 23.126574 ], [ 83.0302673, 23.1163721 ], [ 83.0299091, 23.1122092 ], [ 83.0310494, 23.1079252 ], [ 83.0342048, 23.1042971 ], [ 83.0316455, 23.0998981 ], [ 83.0289918, 23.0979731 ], [ 83.0199582, 23.0975385 ], [ 83.0164912, 23.0936985 ], [ 83.0121916, 23.0936097 ], [ 83.0030529, 23.0802163 ], [ 82.9995937, 23.0741771 ], [ 82.9988833, 23.0710596 ], [ 82.9958857, 23.07085 ], [ 82.9896808, 23.0727208 ], [ 82.9831484, 23.0729471 ], [ 82.9791241, 23.071445 ], [ 82.9738067, 23.0676266 ], [ 82.9654391, 23.0713078 ], [ 82.9630124, 23.0746696 ], [ 82.9641331, 23.0789539 ], [ 82.9662376, 23.0824001 ], [ 82.9661716, 23.0842482 ], [ 82.964357, 23.0860557 ], [ 82.9594639, 23.0876698 ], [ 82.9583664, 23.0892484 ], [ 82.956628, 23.0957794 ], [ 82.9500386, 23.0957816 ], [ 82.9448753, 23.0925224 ], [ 82.9413281, 23.0885501 ], [ 82.939736, 23.0921294 ], [ 82.9396976, 23.0951547 ], [ 82.9383354, 23.096957 ], [ 82.9335926, 23.0981766 ], [ 82.9299982, 23.1051264 ], [ 82.9301873, 23.1062318 ], [ 82.9222203, 23.1107885 ], [ 82.9237532, 23.1148748 ], [ 82.922996, 23.1155393 ], [ 82.9213349, 23.1150601 ], [ 82.9187044, 23.1169797 ], [ 82.9136812, 23.1167227 ], [ 82.8955917, 23.1092721 ], [ 82.8857561, 23.1086827 ], [ 82.8801353, 23.1093841 ], [ 82.8785408, 23.1088306 ], [ 82.8638047, 23.1091993 ], [ 82.8641238, 23.1065055 ], [ 82.8623954, 23.1025855 ], [ 82.8599512, 23.1003108 ], [ 82.8574871, 23.0954525 ], [ 82.8554571, 23.0933619 ], [ 82.8515642, 23.0839252 ], [ 82.8526525, 23.0788565 ], [ 82.8490406, 23.0788547 ], [ 82.8419687, 23.0838595 ], [ 82.8409781, 23.0793376 ], [ 82.8366725, 23.0794821 ], [ 82.8362853, 23.065937 ], [ 82.8408892, 23.0630121 ], [ 82.8466394, 23.0642351 ], [ 82.8512739, 23.0663157 ], [ 82.8701377, 23.0705897 ], [ 82.8797357, 23.0686799 ], [ 82.8839517, 23.0702373 ], [ 82.8913065, 23.0680494 ], [ 82.8947172, 23.0683315 ], [ 82.8952485, 23.0714221 ], [ 82.9028266, 23.070191 ], [ 82.9026193, 23.0726155 ], [ 82.9048013, 23.0745007 ], [ 82.904662, 23.0773781 ], [ 82.9056181, 23.0785131 ], [ 82.9122973, 23.0797377 ], [ 82.9156845, 23.081257 ], [ 82.919887, 23.0814355 ], [ 82.9219682, 23.0799264 ], [ 82.9239624, 23.0795936 ], [ 82.9258788, 23.0773173 ], [ 82.9247775, 23.0657554 ], [ 82.9245364, 23.0472533 ], [ 82.9203828, 23.0416786 ], [ 82.907854, 23.0387018 ], [ 82.9015997, 23.0381613 ], [ 82.8988675, 23.0366131 ], [ 82.8981647, 23.0343241 ], [ 82.9002671, 23.0335788 ], [ 82.900501, 23.0327074 ], [ 82.9003984, 23.0317638 ], [ 82.8979054, 23.0302968 ], [ 82.8994173, 23.0283416 ], [ 82.8990314, 23.0256959 ], [ 82.895061, 23.0270239 ], [ 82.8908516, 23.0300449 ], [ 82.8891588, 23.0286905 ], [ 82.8850221, 23.0272912 ], [ 82.8847101, 23.02977 ], [ 82.8835491, 23.0303163 ], [ 82.8806514, 23.0264743 ], [ 82.8789831, 23.0263298 ], [ 82.8747685, 23.0239912 ], [ 82.8732856, 23.0221942 ], [ 82.8604521, 23.0224058 ], [ 82.857472, 23.0198907 ], [ 82.8509607, 23.0171448 ], [ 82.8309727, 23.0152894 ], [ 82.8305459, 23.0079389 ], [ 82.8337712, 23.0031088 ], [ 82.8355223, 23.0024771 ], [ 82.8376534, 23.0031549 ], [ 82.8453545, 23.0029623 ], [ 82.848081, 23.001965 ], [ 82.852168, 23.0019431 ], [ 82.8518953, 22.9984274 ], [ 82.8536535, 22.9931082 ], [ 82.8524268, 22.9875538 ], [ 82.8359759, 22.9653014 ], [ 82.831999, 22.9627776 ], [ 82.8274451, 22.9569777 ], [ 82.8251697, 22.9526432 ], [ 82.8240423, 22.9457529 ], [ 82.8219979, 22.9406933 ], [ 82.8080948, 22.9438466 ], [ 82.806375, 22.9417683 ], [ 82.7985998, 22.942097 ], [ 82.796567, 22.9377824 ], [ 82.7927706, 22.9326734 ], [ 82.7920423, 22.9309558 ], [ 82.7931296, 22.9304778 ], [ 82.7937142, 22.928436 ], [ 82.7936142, 22.9235032 ], [ 82.7912719, 22.9147518 ], [ 82.7884279, 22.9098595 ], [ 82.7893362, 22.9054224 ], [ 82.7953999, 22.8916646 ], [ 82.7953579, 22.8860517 ], [ 82.7933755, 22.8829115 ], [ 82.7923583, 22.8777997 ], [ 82.7884343, 22.8703397 ], [ 82.780265, 22.8702511 ], [ 82.7776325, 22.8684057 ], [ 82.7740782, 22.8704193 ], [ 82.7687227, 22.8751717 ], [ 82.767139, 22.8746037 ], [ 82.7702836, 22.8695339 ], [ 82.7723705, 22.8633429 ], [ 82.76912, 22.8549711 ], [ 82.7557976, 22.8435586 ], [ 82.7648479, 22.8324581 ], [ 82.7622365, 22.8242281 ], [ 82.7631448, 22.8201972 ], [ 82.7597996, 22.8162472 ], [ 82.7643292, 22.810371 ], [ 82.7646305, 22.8070678 ], [ 82.7638869, 22.8032375 ], [ 82.75741, 22.7954727 ], [ 82.7484693, 22.8055013 ], [ 82.7377431, 22.8114053 ], [ 82.7359162, 22.8131203 ], [ 82.728174, 22.8235497 ], [ 82.7127225, 22.8337872 ], [ 82.6946807, 22.833208 ], [ 82.6846254, 22.8256592 ], [ 82.6805532, 22.8243094 ], [ 82.6734572, 22.8166429 ], [ 82.6668569, 22.8154128 ], [ 82.6654851, 22.8139029 ], [ 82.6623993, 22.8130691 ], [ 82.6596711, 22.8098867 ], [ 82.6504399, 22.8089722 ], [ 82.6476786, 22.8103859 ], [ 82.6389317, 22.8113566 ], [ 82.6359489, 22.8174536 ], [ 82.6345202, 22.818496 ], [ 82.6292525, 22.8205441 ], [ 82.6231068, 22.8211638 ], [ 82.6166674, 22.8235133 ], [ 82.6133444, 22.8249434 ], [ 82.6105245, 22.8273635 ], [ 82.6054112, 22.8269567 ], [ 82.6040963, 22.8289882 ], [ 82.5983961, 22.8325721 ], [ 82.5802939, 22.8309242 ], [ 82.578255, 22.8317186 ], [ 82.5710496, 22.8296446 ], [ 82.5644928, 22.8396261 ], [ 82.5622048, 22.841375 ], [ 82.5626801, 22.8420123 ], [ 82.5586761, 22.8449271 ], [ 82.5563773, 22.8482385 ], [ 82.555846, 22.8601349 ], [ 82.5563594, 22.8626406 ], [ 82.5586527, 22.8660603 ], [ 82.5634569, 22.8649487 ], [ 82.5662774, 22.8655773 ], [ 82.5679923, 22.8671331 ], [ 82.5711292, 22.8773659 ], [ 82.5763968, 22.8866995 ], [ 82.5771245, 22.8906418 ], [ 82.5737197, 22.8961316 ], [ 82.5739321, 22.8970609 ], [ 82.5748152, 22.8980109 ], [ 82.5793486, 22.8977828 ], [ 82.5865949, 22.8945744 ], [ 82.5893745, 22.8942372 ], [ 82.5911516, 22.8944487 ], [ 82.592179, 22.8954847 ], [ 82.5930441, 22.898146 ], [ 82.5927246, 22.9005537 ], [ 82.5893749, 22.9076711 ], [ 82.5799402, 22.9090627 ], [ 82.5746977, 22.9123137 ], [ 82.5730104, 22.9147208 ], [ 82.5725783, 22.91653 ], [ 82.5746571, 22.9201202 ], [ 82.5748357, 22.9219483 ], [ 82.5725921, 22.927849 ], [ 82.5759801, 22.936606 ], [ 82.5758183, 22.9379521 ], [ 82.5719967, 22.9418395 ], [ 82.5716473, 22.9433581 ], [ 82.5727752, 22.948693 ], [ 82.5594527, 22.9556917 ], [ 82.5584835, 22.9568878 ], [ 82.5585366, 22.9583834 ], [ 82.5591817, 22.9596301 ], [ 82.5642388, 22.9625237 ], [ 82.5687588, 22.9631236 ], [ 82.5731723, 22.9611309 ], [ 82.5748141, 22.9654434 ], [ 82.577916, 22.9701223 ], [ 82.581003, 22.9739635 ], [ 82.5856665, 22.9778788 ], [ 82.5855493, 22.9794726 ], [ 82.5868178, 22.9818241 ], [ 82.5847009, 22.9871529 ], [ 82.5819288, 22.9907388 ], [ 82.5815886, 22.9963816 ], [ 82.5837271, 22.9980078 ], [ 82.5869005, 22.9983613 ], [ 82.5896935, 22.9972646 ], [ 82.5965478, 22.9991472 ], [ 82.5980096, 23.0006018 ], [ 82.6007091, 23.010474 ], [ 82.6057219, 23.0195588 ], [ 82.6054381, 23.0251889 ], [ 82.6007115, 23.0248632 ], [ 82.5972926, 23.0220769 ], [ 82.5948877, 23.0227402 ], [ 82.5942674, 23.0262888 ], [ 82.59552, 23.0313413 ], [ 82.5957778, 23.0349442 ], [ 82.595197, 23.0360819 ], [ 82.5900738, 23.0397696 ], [ 82.5879751, 23.043345 ], [ 82.5872226, 23.0479229 ], [ 82.5848362, 23.0502159 ], [ 82.5776639, 23.0513021 ], [ 82.5786293, 23.0561573 ], [ 82.5799986, 23.0584002 ], [ 82.5858338, 23.0593453 ], [ 82.5864575, 23.0621674 ], [ 82.572919, 23.071085 ], [ 82.5689843, 23.0753232 ], [ 82.5698468, 23.0785787 ], [ 82.5743047, 23.0845579 ], [ 82.5837137, 23.0837931 ], [ 82.5846789, 23.0873782 ], [ 82.5839998, 23.0899019 ], [ 82.5866815, 23.0986885 ], [ 82.583185, 23.1053923 ], [ 82.5834329, 23.1085709 ], [ 82.58105, 23.1117352 ], [ 82.5804334, 23.1167149 ], [ 82.5781188, 23.1190801 ], [ 82.5767978, 23.1277167 ], [ 82.5820981, 23.1313663 ], [ 82.5861793, 23.1312544 ], [ 82.5949709, 23.1334189 ], [ 82.5966303, 23.1353787 ], [ 82.6094346, 23.1447398 ], [ 82.6126715, 23.1440357 ], [ 82.6139362, 23.1420583 ], [ 82.6149662, 23.1437831 ], [ 82.6168947, 23.1435529 ], [ 82.6170606, 23.1446094 ], [ 82.6213716, 23.1423069 ], [ 82.626659, 23.1420767 ], [ 82.6277576, 23.1426907 ], [ 82.6365258, 23.1409159 ], [ 82.6376684, 23.1426721 ], [ 82.6377711, 23.1452681 ], [ 82.6403051, 23.1462161 ], [ 82.6413064, 23.1497285 ], [ 82.6433571, 23.1499405 ], [ 82.6433726, 23.1556067 ], [ 82.6490562, 23.1569513 ], [ 82.6604087, 23.1944676 ], [ 82.6625246, 23.1983092 ], [ 82.6641485, 23.2065484 ], [ 82.673491, 23.2153949 ], [ 82.6774771, 23.2158135 ], [ 82.6812978, 23.2176181 ], [ 82.6844165, 23.2225427 ], [ 82.6884241, 23.2262162 ], [ 82.6911594, 23.2352627 ], [ 82.6966215, 23.2445021 ], [ 82.7060806, 23.2445246 ], [ 82.7087233, 23.2436654 ], [ 82.7146905, 23.2460865 ], [ 82.7235973, 23.2456884 ], [ 82.7271745, 23.2466568 ], [ 82.7292094, 23.2496442 ], [ 82.7335499, 23.2502396 ], [ 82.7358329, 23.2482282 ], [ 82.7362281, 23.2504754 ], [ 82.7387156, 23.2522355 ], [ 82.7412946, 23.2526738 ], [ 82.7446444, 23.2512852 ], [ 82.7487546, 23.2539582 ], [ 82.7517671, 23.2540805 ], [ 82.755327, 23.2567385 ], [ 82.7628594, 23.2572356 ], [ 82.7642757, 23.2546104 ], [ 82.7721516, 23.2584257 ], [ 82.7707263, 23.2611766 ], [ 82.769722, 23.2612178 ], [ 82.7689762, 23.2599726 ], [ 82.767188, 23.2599235 ], [ 82.7656924, 23.2602652 ], [ 82.7620288, 23.2635018 ], [ 82.7583022, 23.2632362 ], [ 82.7558467, 23.2679914 ], [ 82.7520878, 23.2660847 ], [ 82.7443774, 23.2684673 ], [ 82.7452907, 23.2706136 ], [ 82.7435883, 23.273686 ], [ 82.7460017, 23.2766737 ], [ 82.7446345, 23.2848584 ], [ 82.7456075, 23.2878744 ], [ 82.7451277, 23.29138 ], [ 82.746953, 23.2939604 ], [ 82.7465762, 23.2955405 ], [ 82.7490907, 23.2979328 ], [ 82.7523409, 23.2984457 ], [ 82.7545672, 23.2998835 ], [ 82.755931, 23.2996187 ], [ 82.7568424, 23.302636 ], [ 82.7550079, 23.3181256 ], [ 82.7519462, 23.3206086 ], [ 82.7565776, 23.3343512 ], [ 82.7535391, 23.3384361 ], [ 82.7538981, 23.3409835 ], [ 82.7523525, 23.342153 ], [ 82.7523588, 23.3434054 ], [ 82.7502416, 23.3465703 ], [ 82.7505103, 23.3509609 ], [ 82.7483461, 23.3548173 ], [ 82.7411052, 23.3598053 ], [ 82.7331653, 23.3617027 ], [ 82.7272507, 23.3649393 ], [ 82.7228395, 23.3647751 ], [ 82.7182108, 23.36113 ], [ 82.7149341, 23.3607482 ], [ 82.707826, 23.3641427 ], [ 82.7062769, 23.3658501 ], [ 82.7042426, 23.3659324 ], [ 82.6967331, 23.3696833 ], [ 82.6909378, 23.3694105 ], [ 82.6785704, 23.370729 ], [ 82.6757435, 23.3702333 ], [ 82.6734162, 23.3718143 ], [ 82.671109, 23.3749662 ], [ 82.6674364, 23.3756987 ], [ 82.6644403, 23.381993 ], [ 82.6552845, 23.3819816 ], [ 82.6501252, 23.3849577 ], [ 82.6493097, 23.3918067 ], [ 82.6506757, 23.3986463 ], [ 82.6510784, 23.4068089 ], [ 82.6564966, 23.4190337 ], [ 82.6540035, 23.4280998 ], [ 82.6530516, 23.438091 ], [ 82.6546234, 23.4429305 ], [ 82.6546631, 23.4455174 ], [ 82.6524679, 23.4541409 ], [ 82.6538341, 23.4584251 ], [ 82.6532475, 23.4615494 ], [ 82.6503659, 23.4656989 ], [ 82.6504102, 23.4670533 ], [ 82.6520844, 23.4693329 ], [ 82.6468094, 23.4741329 ], [ 82.6499715, 23.4761369 ], [ 82.6502166, 23.4782453 ], [ 82.6473781, 23.479564 ], [ 82.6463311, 23.4821511 ], [ 82.6433897, 23.4842824 ], [ 82.6429446, 23.4866978 ], [ 82.644335, 23.4885802 ], [ 82.6417717, 23.500558 ], [ 82.6318804, 23.5048344 ], [ 82.6286982, 23.5096469 ], [ 82.6215393, 23.5136413 ], [ 82.6139515, 23.5127823 ], [ 82.6086421, 23.5184789 ], [ 82.6051252, 23.520245 ], [ 82.6036571, 23.5251592 ], [ 82.5923034, 23.5306186 ], [ 82.5849284, 23.537694 ], [ 82.5820421, 23.5417606 ], [ 82.5801561, 23.5465509 ], [ 82.5852306, 23.5527827 ], [ 82.5826429, 23.5591161 ], [ 82.5825975, 23.5633734 ], [ 82.5784224, 23.5702435 ], [ 82.5798129, 23.5715486 ], [ 82.5785392, 23.5721668 ], [ 82.5782594, 23.5741486 ], [ 82.5834846, 23.5770349 ], [ 82.5817207, 23.5790344 ], [ 82.5781096, 23.5804423 ], [ 82.5760754, 23.5860982 ], [ 82.5775149, 23.5877871 ], [ 82.5779207, 23.5901393 ], [ 82.5771115, 23.5926041 ], [ 82.5785135, 23.6039226 ], [ 82.5765672, 23.6076827 ], [ 82.5796029, 23.6129025 ], [ 82.5751621, 23.6180162 ], [ 82.5744044, 23.6264131 ], [ 82.5781562, 23.6308025 ], [ 82.5788405, 23.6356423 ], [ 82.5806425, 23.6396157 ], [ 82.5852579, 23.6422896 ], [ 82.5893939, 23.6423763 ], [ 82.5910646, 23.6439207 ], [ 82.5935632, 23.6468106 ], [ 82.5923129, 23.6494378 ], [ 82.6003826, 23.6596287 ], [ 82.6031907, 23.6616922 ], [ 82.6010531, 23.6655113 ], [ 82.6014189, 23.6753667 ], [ 82.5982071, 23.6812622 ], [ 82.5983095, 23.6844923 ], [ 82.5959701, 23.688932 ], [ 82.5957585, 23.6926159 ], [ 82.5932479, 23.6952654 ], [ 82.5871188, 23.6988577 ], [ 82.5851017, 23.7058141 ], [ 82.5830469, 23.7072898 ], [ 82.5807375, 23.7077677 ], [ 82.5795443, 23.7127199 ], [ 82.5779358, 23.7136539 ], [ 82.5774393, 23.7172473 ], [ 82.5754377, 23.7199238 ], [ 82.5713336, 23.7197238 ], [ 82.570509, 23.7217641 ], [ 82.5659324, 23.7255818 ], [ 82.5650929, 23.7277213 ], [ 82.5661445, 23.7338209 ], [ 82.5618928, 23.7337064 ], [ 82.56024, 23.7354246 ], [ 82.5580521, 23.7354925 ], [ 82.5533923, 23.7373009 ], [ 82.551939, 23.7404241 ], [ 82.5524429, 23.7426094 ], [ 82.5508485, 23.7435387 ], [ 82.551758, 23.7485367 ], [ 82.550286, 23.7496601 ], [ 82.5488089, 23.7538868 ], [ 82.5458494, 23.7545793 ], [ 82.5457233, 23.756702 ], [ 82.5405237, 23.7578716 ], [ 82.5376408, 23.7616678 ], [ 82.5344991, 23.759795 ], [ 82.5317916, 23.7601308 ], [ 82.5298197, 23.758189 ], [ 82.5279739, 23.7585399 ], [ 82.5251182, 23.7574972 ], [ 82.5217033, 23.7585826 ], [ 82.5148371, 23.7561839 ], [ 82.5087786, 23.7608762 ], [ 82.5029418, 23.7599618 ], [ 82.4992327, 23.7634366 ], [ 82.4976506, 23.7678073 ], [ 82.4989269, 23.7755828 ], [ 82.4974036, 23.7849009 ], [ 82.497993, 23.7856228 ], [ 82.5063391, 23.7847849 ], [ 82.5109692, 23.7860163 ], [ 82.5153073, 23.7844619 ], [ 82.5244621, 23.7837413 ], [ 82.5310076, 23.7890274 ], [ 82.5354856, 23.7907997 ], [ 82.5381277, 23.7942503 ], [ 82.5418091, 23.7914894 ], [ 82.5428045, 23.792298 ], [ 82.5435704, 23.7913639 ], [ 82.5470045, 23.7917404 ], [ 82.5478833, 23.7907206 ], [ 82.5514745, 23.790641 ], [ 82.5498185, 23.8039129 ], [ 82.548442, 23.8085486 ], [ 82.5387951, 23.8163671 ], [ 82.5394902, 23.8189859 ], [ 82.5383411, 23.8201952 ], [ 82.5335517, 23.8202331 ], [ 82.5330744, 23.8221469 ], [ 82.5393403, 23.8230624 ], [ 82.5474916, 23.8225521 ], [ 82.5467387, 23.8261949 ], [ 82.5542519, 23.8261985 ], [ 82.5548265, 23.82535 ], [ 82.5632193, 23.822848 ], [ 82.5647611, 23.8207449 ], [ 82.5693741, 23.8202997 ], [ 82.5731953, 23.8240616 ], [ 82.577764, 23.8242255 ], [ 82.5792172, 23.8224066 ], [ 82.581808, 23.8230123 ], [ 82.5836097, 23.8207059 ], [ 82.5886197, 23.8214385 ], [ 82.5999544, 23.826533 ], [ 82.6022407, 23.8302985 ], [ 82.604439, 23.8321587 ], [ 82.6075601, 23.8332922 ], [ 82.6295368, 23.8387917 ], [ 82.6354016, 23.8378208 ], [ 82.6391664, 23.8416533 ], [ 82.6367372, 23.8444796 ], [ 82.6381364, 23.8479827 ], [ 82.6424407, 23.8469394 ], [ 82.6471431, 23.848722 ], [ 82.6462305, 23.8506679 ], [ 82.6471783, 23.8536879 ], [ 82.6450974, 23.8551102 ], [ 82.6472131, 23.8559722 ], [ 82.6468258, 23.8591414 ], [ 82.6495798, 23.8602516 ], [ 82.6505613, 23.8591454 ], [ 82.6528683, 23.8587928 ], [ 82.6529172, 23.8577545 ], [ 82.6505756, 23.8568475 ], [ 82.6515717, 23.8554839 ], [ 82.6560137, 23.8545712 ], [ 82.6599651, 23.854778 ], [ 82.661561, 23.856931 ], [ 82.6602071, 23.8603668 ], [ 82.6602225, 23.8628362 ], [ 82.6614254, 23.863626 ], [ 82.6644784, 23.8625508 ], [ 82.6643808, 23.8646004 ], [ 82.6684478, 23.8717908 ], [ 82.665449, 23.8739044 ], [ 82.6637415, 23.8771778 ], [ 82.6614148, 23.8781445 ], [ 82.6512346, 23.8867557 ], [ 82.6512205, 23.8900828 ], [ 82.6576015, 23.9025414 ], [ 82.6620272, 23.9078268 ], [ 82.668391, 23.9072292 ], [ 82.6711453, 23.9057928 ], [ 82.6746615, 23.9067443 ], [ 82.6763762, 23.9092537 ], [ 82.6805836, 23.907153 ], [ 82.6834032, 23.9092873 ], [ 82.6888836, 23.9097998 ], [ 82.6893611, 23.9121019 ], [ 82.6915521, 23.9137668 ], [ 82.6931238, 23.9189396 ], [ 82.6947521, 23.9144831 ], [ 82.6945263, 23.9097066 ] ] ] } },
{ "type": "Feature", "properties": { "dtname": "Sarangarh Bilaigarh", "stname": "CHHATTISGARH", "dist_lgd": 763, "year_stat": "2022" }, "geometry": { "type": "Polygon", "coordinates": [ [ [ 83.0343556, 21.7430669 ], [ 83.0449572, 21.7397217 ], [ 83.0556899, 21.7338291 ], [ 83.0750324, 21.7189749 ], [ 83.0812432, 21.7156667 ], [ 83.0936962, 21.7180402 ], [ 83.1047772, 21.7186741 ], [ 83.1150368, 21.7203819 ], [ 83.1275535, 21.7204002 ], [ 83.1494885, 21.718118 ], [ 83.1709937, 21.718154 ], [ 83.1758307, 21.7171546 ], [ 83.183262, 21.7139911 ], [ 83.19643, 21.7130873 ], [ 83.2140983, 21.7068154 ], [ 83.2199983, 21.7066586 ], [ 83.2289834, 21.70258 ], [ 83.2393659, 21.7004824 ], [ 83.2480013, 21.6955361 ], [ 83.257501, 21.6941881 ], [ 83.2782876, 21.6866333 ], [ 83.2895025, 21.6851447 ], [ 83.3034094, 21.6814393 ], [ 83.3102309, 21.6824039 ], [ 83.3248173, 21.6813613 ], [ 83.3348566, 21.6821091 ], [ 83.3407173, 21.6812659 ], [ 83.3464276, 21.6832719 ], [ 83.3670963, 21.6868506 ], [ 83.3774697, 21.6849271 ], [ 83.3974285, 21.6842211 ], [ 83.411521, 21.6805472 ], [ 83.4175263, 21.6804284 ], [ 83.4181736, 21.6798096 ], [ 83.4186934, 21.6806539 ], [ 83.4278376, 21.676725 ], [ 83.431273, 21.6742097 ], [ 83.4353374, 21.6706153 ], [ 83.4424826, 21.6612872 ], [ 83.4481329, 21.657538 ], [ 83.4597492, 21.6534073 ], [ 83.4697623, 21.6487261 ], [ 83.4866126, 21.6441297 ], [ 83.4871444, 21.6398983 ], [ 83.491929, 21.6381835 ], [ 83.491671, 21.6366569 ], [ 83.4895496, 21.634865 ], [ 83.4890519, 21.6306154 ], [ 83.4871012, 21.6300485 ], [ 83.4814478, 21.6306343 ], [ 83.4735562, 21.6324946 ], [ 83.4734883, 21.6273671 ], [ 83.4716477, 21.6256069 ], [ 83.4698646, 21.6215433 ], [ 83.4680194, 21.6126683 ], [ 83.4665559, 21.6114937 ], [ 83.4659576, 21.6092363 ], [ 83.4610188, 21.6078016 ], [ 83.4592026, 21.6094537 ], [ 83.4554441, 21.6104392 ], [ 83.4556289, 21.6116599 ], [ 83.4545608, 21.6124476 ], [ 83.452335, 21.6127199 ], [ 83.4524695, 21.6224149 ], [ 83.450187, 21.6221913 ], [ 83.4439748, 21.6240027 ], [ 83.4449212, 21.6257314 ], [ 83.4446284, 21.6304262 ], [ 83.4429713, 21.6316559 ], [ 83.4436381, 21.635784 ], [ 83.4449993, 21.6383979 ], [ 83.4443818, 21.6392873 ], [ 83.4453579, 21.6416339 ], [ 83.4481474, 21.6441164 ], [ 83.4507559, 21.6507457 ], [ 83.4428374, 21.6554041 ], [ 83.4288407, 21.6472259 ], [ 83.4275715, 21.6435246 ], [ 83.4240541, 21.6419553 ], [ 83.4150436, 21.6407999 ], [ 83.412627, 21.6386319 ], [ 83.4090736, 21.6371982 ], [ 83.4034651, 21.6309365 ], [ 83.3989354, 21.6297243 ], [ 83.3955892, 21.6270864 ], [ 83.3924639, 21.627294 ], [ 83.3904456, 21.6226009 ], [ 83.3894331, 21.6176945 ], [ 83.3874452, 21.6174792 ], [ 83.3843592, 21.6203632 ], [ 83.3826848, 21.6201299 ], [ 83.3822224, 21.6172562 ], [ 83.3830424, 21.6142557 ], [ 83.3801369, 21.6081258 ], [ 83.3771872, 21.6069537 ], [ 83.3696571, 21.6005058 ], [ 83.3696381, 21.5966731 ], [ 83.3705365, 21.5955136 ], [ 83.3694545, 21.5931046 ], [ 83.3705058, 21.5912612 ], [ 83.3677375, 21.5917159 ], [ 83.3689289, 21.5889812 ], [ 83.3672494, 21.5881203 ], [ 83.3669361, 21.5866619 ], [ 83.3689461, 21.584999 ], [ 83.3654587, 21.5786242 ], [ 83.3664553, 21.5772783 ], [ 83.3649734, 21.5760758 ], [ 83.3668415, 21.5740131 ], [ 83.366715, 21.5724574 ], [ 83.3677515, 21.5720949 ], [ 83.3668308, 21.5709793 ], [ 83.3674846, 21.5687398 ], [ 83.3698868, 21.5680555 ], [ 83.3692997, 21.566678 ], [ 83.3703835, 21.5668475 ], [ 83.3718643, 21.5644157 ], [ 83.3722088, 21.5627494 ], [ 83.3704492, 21.5604945 ], [ 83.370329, 21.5587491 ], [ 83.3711751, 21.5582494 ], [ 83.3721738, 21.5593726 ], [ 83.3731622, 21.5581624 ], [ 83.3709176, 21.5563614 ], [ 83.3697802, 21.5564588 ], [ 83.3692996, 21.5533053 ], [ 83.3701079, 21.5531585 ], [ 83.3699865, 21.5525236 ], [ 83.3659822, 21.5508107 ], [ 83.3659892, 21.5500477 ], [ 83.3676616, 21.5493241 ], [ 83.3662082, 21.5483831 ], [ 83.3661991, 21.5466316 ], [ 83.3645071, 21.5470438 ], [ 83.3642665, 21.5449977 ], [ 83.3614941, 21.5445493 ], [ 83.3610297, 21.5429848 ], [ 83.3601443, 21.5428483 ], [ 83.3599353, 21.5403727 ], [ 83.3613973, 21.5391646 ], [ 83.3594804, 21.5390879 ], [ 83.3586607, 21.5382417 ], [ 83.3573103, 21.5347032 ], [ 83.3570926, 21.5280832 ], [ 83.3519624, 21.5208327 ], [ 83.3515411, 21.5171456 ], [ 83.3496209, 21.5126489 ], [ 83.3432397, 21.5097543 ], [ 83.3378826, 21.5021002 ], [ 83.338547, 21.4987002 ], [ 83.340613, 21.4951678 ], [ 83.3465026, 21.490304 ], [ 83.3470601, 21.4889778 ], [ 83.3471959, 21.4848133 ], [ 83.3457428, 21.4796193 ], [ 83.34655, 21.4716032 ], [ 83.3514721, 21.4600303 ], [ 83.3543715, 21.4480705 ], [ 83.3592897, 21.4474233 ], [ 83.3625032, 21.4457346 ], [ 83.3668645, 21.4455512 ], [ 83.3736178, 21.4423899 ], [ 83.3738183, 21.4410733 ], [ 83.3712449, 21.4355115 ], [ 83.3742838, 21.4349764 ], [ 83.375731, 21.4323282 ], [ 83.3752757, 21.4304204 ], [ 83.3758692, 21.4280598 ], [ 83.3781541, 21.4268309 ], [ 83.3785547, 21.4247756 ], [ 83.3806328, 21.4226919 ], [ 83.3813929, 21.4205004 ], [ 83.383671, 21.4185584 ], [ 83.3852922, 21.4153749 ], [ 83.3908835, 21.4114306 ], [ 83.3934649, 21.4077142 ], [ 83.3965397, 21.40558 ], [ 83.3989271, 21.4053427 ], [ 83.3984383, 21.3987312 ], [ 83.3989903, 21.3962222 ], [ 83.3972032, 21.3880309 ], [ 83.3979465, 21.3833567 ], [ 83.4005094, 21.3758798 ], [ 83.3998987, 21.3733061 ], [ 83.3971982, 21.3696743 ], [ 83.3968698, 21.367557 ], [ 83.3977979, 21.3659547 ], [ 83.4006227, 21.3639051 ], [ 83.4080178, 21.3613659 ], [ 83.4086356, 21.3590635 ], [ 83.407755, 21.3576765 ], [ 83.4067468, 21.3514246 ], [ 83.4026377, 21.3497543 ], [ 83.3999806, 21.3463928 ], [ 83.3943111, 21.3447672 ], [ 83.3918333, 21.3426354 ], [ 83.3902077, 21.3428346 ], [ 83.3854881, 21.3462968 ], [ 83.3822355, 21.3463159 ], [ 83.3790212, 21.344533 ], [ 83.3752155, 21.3464064 ], [ 83.3700956, 21.3465869 ], [ 83.3668632, 21.349364 ], [ 83.3574423, 21.3521197 ], [ 83.3546142, 21.3542857 ], [ 83.35125, 21.3548748 ], [ 83.3477188, 21.3537548 ], [ 83.3471807, 21.3562862 ], [ 83.3438497, 21.3583599 ], [ 83.3300299, 21.3618933 ], [ 83.3229721, 21.3623976 ], [ 83.3204312, 21.3638729 ], [ 83.3196523, 21.3658341 ], [ 83.3145705, 21.3675702 ], [ 83.3113683, 21.370838 ], [ 83.3011218, 21.3742974 ], [ 83.2860569, 21.3776051 ], [ 83.2852793, 21.3793766 ], [ 83.2835559, 21.380452 ], [ 83.2724785, 21.3798304 ], [ 83.2687284, 21.3785899 ], [ 83.2605289, 21.3808631 ], [ 83.2459871, 21.3832085 ], [ 83.2437694, 21.3833727 ], [ 83.2363476, 21.3814586 ], [ 83.2335616, 21.3824584 ], [ 83.2219229, 21.3831158 ], [ 83.2207275, 21.3911006 ], [ 83.2180782, 21.3951798 ], [ 83.2014882, 21.3995958 ], [ 83.2004995, 21.3992395 ], [ 83.1977134, 21.3915277 ], [ 83.194191, 21.3863314 ], [ 83.1883644, 21.381574 ], [ 83.1881577, 21.3830734 ], [ 83.1907439, 21.3872179 ], [ 83.1894266, 21.3957534 ], [ 83.1853625, 21.3979902 ], [ 83.1838445, 21.4002397 ], [ 83.1795826, 21.4023411 ], [ 83.1749024, 21.3943494 ], [ 83.1739124, 21.3898926 ], [ 83.1705701, 21.3871704 ], [ 83.1666689, 21.3856361 ], [ 83.1531279, 21.3754332 ], [ 83.1524911, 21.373532 ], [ 83.1511651, 21.372751 ], [ 83.1506384, 21.3660902 ], [ 83.1458415, 21.3657161 ], [ 83.1437009, 21.3644112 ], [ 83.1434451, 21.3628308 ], [ 83.1428184, 21.3627676 ], [ 83.1425054, 21.3657345 ], [ 83.1405534, 21.3706706 ], [ 83.1307574, 21.3789126 ], [ 83.1308347, 21.383844 ], [ 83.1322861, 21.3873663 ], [ 83.1326576, 21.3917286 ], [ 83.1300445, 21.3983083 ], [ 83.1272092, 21.4010856 ], [ 83.1246631, 21.3995909 ], [ 83.1213599, 21.4005527 ], [ 83.1178735, 21.40277 ], [ 83.1142803, 21.4116569 ], [ 83.1151386, 21.4142807 ], [ 83.1172412, 21.4163671 ], [ 83.1211523, 21.4147144 ], [ 83.1232694, 21.4151751 ], [ 83.1237034, 21.416304 ], [ 83.1226231, 21.4226036 ], [ 83.1124032, 21.426261 ], [ 83.1074112, 21.4288888 ], [ 83.1029307, 21.4283419 ], [ 83.1005676, 21.4270771 ], [ 83.0943843, 21.4284128 ], [ 83.0926382, 21.4292479 ], [ 83.0920445, 21.4310858 ], [ 83.0908195, 21.4306068 ], [ 83.0875633, 21.4336137 ], [ 83.0706774, 21.4333653 ], [ 83.0663165, 21.4351837 ], [ 83.0622362, 21.4350739 ], [ 83.0593707, 21.4359714 ], [ 83.0568603, 21.440843 ], [ 83.0513596, 21.444941 ], [ 83.0543729, 21.4582008 ], [ 83.0544773, 21.4617096 ], [ 83.0504717, 21.474447 ], [ 83.0494773, 21.4755033 ], [ 83.0493019, 21.4787455 ], [ 83.0465886, 21.4823027 ], [ 83.0400266, 21.4826969 ], [ 83.0320965, 21.4874479 ], [ 83.0158055, 21.4901746 ], [ 83.0152342, 21.4797698 ], [ 83.0136554, 21.4749144 ], [ 83.0148541, 21.4719212 ], [ 83.0098734, 21.4681336 ], [ 83.0052727, 21.4602232 ], [ 82.9986159, 21.4596855 ], [ 82.9932989, 21.4623123 ], [ 82.991941, 21.4654427 ], [ 82.9868422, 21.4659159 ], [ 82.9865207, 21.468192 ], [ 82.9777859, 21.4780059 ], [ 82.9756193, 21.4775602 ], [ 82.9687121, 21.472502 ], [ 82.9657781, 21.4715328 ], [ 82.9634469, 21.4856234 ], [ 82.9618472, 21.4892503 ], [ 82.9594896, 21.4924488 ], [ 82.9531085, 21.4971573 ], [ 82.9479788, 21.4963559 ], [ 82.9449274, 21.4923336 ], [ 82.944364, 21.4948581 ], [ 82.9424676, 21.4946919 ], [ 82.9387336, 21.4961114 ], [ 82.9344921, 21.4959187 ], [ 82.9339755, 21.495097 ], [ 82.931886, 21.4947229 ], [ 82.9317836, 21.4921445 ], [ 82.9299695, 21.4922128 ], [ 82.9292364, 21.4931252 ], [ 82.9279236, 21.4922045 ], [ 82.9239959, 21.4920386 ], [ 82.9216598, 21.4898175 ], [ 82.9164889, 21.4949714 ], [ 82.9104357, 21.5048718 ], [ 82.9072474, 21.5110501 ], [ 82.9036112, 21.5227286 ], [ 82.8986509, 21.5290695 ], [ 82.8969435, 21.5357486 ], [ 82.8935604, 21.5381875 ], [ 82.8920357, 21.5423015 ], [ 82.881094, 21.5548833 ], [ 82.8771309, 21.5562878 ], [ 82.8751034, 21.5565226 ], [ 82.8749972, 21.5544725 ], [ 82.8733367, 21.5525984 ], [ 82.8707493, 21.5544408 ], [ 82.8600093, 21.5502768 ], [ 82.8483581, 21.5434971 ], [ 82.8404327, 21.5427009 ], [ 82.8356401, 21.5411238 ], [ 82.8354722, 21.5372222 ], [ 82.8338075, 21.5355509 ], [ 82.833287, 21.5329768 ], [ 82.8282592, 21.5286584 ], [ 82.8262898, 21.5293533 ], [ 82.8235041, 21.5318361 ], [ 82.8221864, 21.5322828 ], [ 82.8207387, 21.5314379 ], [ 82.8246852, 21.5215495 ], [ 82.8291949, 21.5150255 ], [ 82.8284155, 21.5073439 ], [ 82.8253136, 21.5045026 ], [ 82.8148547, 21.5093898 ], [ 82.8019887, 21.5109698 ], [ 82.7943701, 21.5087446 ], [ 82.7899055, 21.5102461 ], [ 82.7839487, 21.5130924 ], [ 82.7734759, 21.5213458 ], [ 82.7720937, 21.5241492 ], [ 82.767978, 21.5227513 ], [ 82.7610567, 21.5174542 ], [ 82.7574461, 21.5124393 ], [ 82.752148, 21.5116542 ], [ 82.7421628, 21.5008047 ], [ 82.7388734, 21.4959967 ], [ 82.7372175, 21.4949231 ], [ 82.7256345, 21.4913224 ], [ 82.7115301, 21.4900568 ], [ 82.7080597, 21.488013 ], [ 82.7016607, 21.4857988 ], [ 82.6908235, 21.484968 ], [ 82.6839675, 21.4915097 ], [ 82.6813889, 21.4956688 ], [ 82.6807623, 21.4939717 ], [ 82.6785675, 21.4955575 ], [ 82.6767967, 21.4956619 ], [ 82.6760251, 21.4969175 ], [ 82.6760142, 21.5043754 ], [ 82.6775166, 21.5075771 ], [ 82.6766085, 21.5091962 ], [ 82.675646, 21.516783 ], [ 82.676057, 21.5190453 ], [ 82.6740933, 21.5205677 ], [ 82.6727193, 21.52484 ], [ 82.6733423, 21.5261675 ], [ 82.6710713, 21.5326889 ], [ 82.6639685, 21.5391258 ], [ 82.6600269, 21.5467041 ], [ 82.6607277, 21.5500501 ], [ 82.6588089, 21.5600485 ], [ 82.6642111, 21.5617497 ], [ 82.6669539, 21.5642869 ], [ 82.6680408, 21.5668064 ], [ 82.6680609, 21.5693578 ], [ 82.6692201, 21.5713128 ], [ 82.6644937, 21.5712147 ], [ 82.6628388, 21.574927 ], [ 82.6629164, 21.5764036 ], [ 82.6641723, 21.5787515 ], [ 82.6661757, 21.5780511 ], [ 82.6669775, 21.5790308 ], [ 82.6676931, 21.5825936 ], [ 82.6704213, 21.5838889 ], [ 82.6707789, 21.5848506 ], [ 82.6757572, 21.5861587 ], [ 82.6698921, 21.5897504 ], [ 82.6614526, 21.5914414 ], [ 82.6640858, 21.5979164 ], [ 82.6639472, 21.6031276 ], [ 82.6520484, 21.5994948 ], [ 82.64681, 21.6040204 ], [ 82.643937, 21.60482 ], [ 82.6433672, 21.6054252 ], [ 82.6439566, 21.6073353 ], [ 82.6428267, 21.607638 ], [ 82.6415709, 21.6055157 ], [ 82.6378046, 21.6074488 ], [ 82.6266547, 21.6099284 ], [ 82.6211061, 21.6131888 ], [ 82.6158036, 21.6140059 ], [ 82.6177994, 21.6179788 ], [ 82.6196717, 21.6166388 ], [ 82.6206858, 21.6167923 ], [ 82.6204395, 21.618987 ], [ 82.6183774, 21.6186844 ], [ 82.6178509, 21.6215654 ], [ 82.6147244, 21.6277205 ], [ 82.6141264, 21.6350582 ], [ 82.6112234, 21.6410122 ], [ 82.6127395, 21.6454156 ], [ 82.6314683, 21.6447191 ], [ 82.629549, 21.670206 ], [ 82.6317089, 21.671613 ], [ 82.6329117, 21.6697254 ], [ 82.6339359, 21.6708814 ], [ 82.6354384, 21.6708768 ], [ 82.6374679, 21.6760833 ], [ 82.6426279, 21.6779974 ], [ 82.6419806, 21.6791715 ], [ 82.6430924, 21.6838091 ], [ 82.6448946, 21.6846894 ], [ 82.6451511, 21.6872272 ], [ 82.6495093, 21.6881794 ], [ 82.6492631, 21.6891458 ], [ 82.6475914, 21.6894892 ], [ 82.6475287, 21.690293 ], [ 82.6506552, 21.6927943 ], [ 82.6536957, 21.699346 ], [ 82.6585134, 21.7000089 ], [ 82.6620461, 21.7021712 ], [ 82.6621384, 21.7039774 ], [ 82.6607955, 21.7057524 ], [ 82.6605921, 21.7095856 ], [ 82.6659868, 21.710881 ], [ 82.6751461, 21.7165591 ], [ 82.6841959, 21.7245398 ], [ 82.6876472, 21.7260739 ], [ 82.6954868, 21.727597 ], [ 82.700078, 21.7274189 ], [ 82.7619845, 21.7218141 ], [ 82.7864077, 21.7240596 ], [ 82.7933866, 21.7234897 ], [ 82.8060793, 21.719639 ], [ 82.8306612, 21.7097399 ], [ 82.8343919, 21.7091945 ], [ 82.8522535, 21.7001213 ], [ 82.8663246, 21.6943109 ], [ 82.8739202, 21.6931732 ], [ 82.894011, 21.6954479 ], [ 82.9009455, 21.6997639 ], [ 82.9094555, 21.7034156 ], [ 82.9158064, 21.7085303 ], [ 82.9257197, 21.7149444 ], [ 82.9417485, 21.7241326 ], [ 82.9488915, 21.7242153 ], [ 82.9539216, 21.7226415 ], [ 82.9626104, 21.7219417 ], [ 82.9746113, 21.7237863 ], [ 82.9849701, 21.7265479 ], [ 82.9922172, 21.7297219 ], [ 83.010447, 21.7399319 ], [ 83.023229, 21.7430064 ], [ 83.0343556, 21.7430669 ] ] ] } }
]
}
